"baseMean","log2FoldChange","lfcSE","stat","pvalue","padj","gene_id","gene_symbol","gene_name","significance"
125661.585881187,10.1404172858438,0.847866833438572,11.959917390233,5.76192134566522e-33,1.28104797278175e-28,"ENSG00000162896","PIGR","polymeric immunoglobulin receptor","Up"
718.962263301547,6.41729858537086,0.607297056744032,10.5669844997712,4.23906360077009e-26,4.71235505179607e-22,"ENSG00000157111","TMEM171","transmembrane protein 171","Up"
1411.34938853815,7.03119515509351,0.681053471099508,10.3239987070945,5.48884847386935e-25,4.06778560398458e-21,"ENSG00000173467","AGR3","anterior gradient 3, protein disulphide isomerase family member","Up"
11944.9839218536,11.4166861911372,1.11012569194445,10.2841383403533,8.30818514857169e-25,4.61789701020486e-21,"ENSG00000197273","GUCA2A","guanylate cyclase activator 2A","Up"
2537.74171365831,8.90867772924388,0.881595078384049,10.1051808791553,5.23987861168422e-24,2.00784128599562e-20,"ENSG00000112818","MEP1A","meprin A subunit alpha","Up"
1063.34479753124,8.65734331975647,0.8570019989345,10.1018939635147,5.41854347860104e-24,2.00784128599562e-20,"ENSG00000171916","LGALS9C","galectin 9C","Up"
3970.05103486595,5.82491092232968,0.604576421413061,9.63469747747566,5.70598233884858e-22,1.81230150485172e-18,"ENSG00000125775","SDCBP2","syndecan binding protein 2","Up"
3397.72292151442,9.66242344909918,1.03272747455347,9.35621806060401,8.26419195587111e-21,2.29672224693603e-17,"ENSG00000071203","MS4A12","membrane spanning 4-domains A12","Up"
3088.87728542849,12.6311589954425,1.36981416176366,9.22107490783977,2.94136605290404e-20,7.26615460602395e-17,"ENSG00000166869","CHP2","calcineurin like EF-hand protein 2","Up"
7246.09069084524,12.013441751312,1.36691700388377,8.78871337263243,1.51282488915329e-18,3.05769416004955e-15,"ENSG00000100604","CHGA","chromogranin A","Up"
1554.66523077253,5.1846145897345,0.589325548913227,8.79753915182437,1.39849018249777e-18,3.05769416004955e-15,"ENSG00000080031","PTPRH","protein tyrosine phosphatase receptor type H","Up"
86.8611138884509,-20.068911404271,2.29456400237354,-8.74628530017526,2.20491204286519e-18,4.08515078741849e-15,"ENSG00000185479","KRT6B","keratin 6B","Down"
2413.75006141899,5.97615894477472,0.691415319257033,8.64337074740614,5.45784567057817e-18,9.33417559953573e-15,"ENSG00000114455","HHLA2","HHLA2 member of B7 family","Up"
34084.1179092814,4.70925909740108,0.545384558663951,8.63474959565693,5.88558189465649e-18,9.34672444742127e-15,"ENSG00000135916","ITM2C","integral membrane protein 2C","Up"
994.389291711462,8.52330982182793,0.996896723535734,8.54984234635455,1.23256752347664e-17,1.82691158329707e-14,"ENSG00000146039","SLC17A4","solute carrier family 17 member 4","Up"
37.198889798169,-21.4205414331014,2.5389576310536,-8.43674631317596,3.26293622895232e-17,4.53405382364355e-14,"ENSG00000287535",NA,NA,"Down"
1075.46010372804,5.9606921237153,0.709757829668347,8.39820552103045,4.53353219710734e-17,5.9290600787228e-14,"ENSG00000135549","PKIB","cAMP-dependent protein kinase inhibitor beta","Up"
5611.2072494874,8.07228524658143,0.965799260881828,8.35813980558547,6.3714913349628e-17,7.86985371390155e-14,"ENSG00000019102","VSIG2","V-set and immunoglobulin domain containing 2","Up"
3195.7951441843,5.80050149567025,0.69521100888098,8.34351214461751,7.21160319085914e-17,8.43871440749323e-14,"ENSG00000189221","MAOA","monoamine oxidase A","Up"
607.194334391775,5.30362708560514,0.63923260861792,8.29686567002906,1.06894130541659e-16,1.18828860216635e-13,"ENSG00000177675","CD163L1","CD163 molecule like 1","Up"
1620.81664277303,4.66130916444156,0.564987017602252,8.25029428857267,1.58004941258282e-16,1.6728208852359e-13,"ENSG00000074276","CDHR2","cadherin related family member 2","Up"
2052.79441297486,10.3248635498523,1.26038191302549,8.19185315430936,2.57234368245102e-16,2.59958714054243e-13,"ENSG00000168748","CA7","carbonic anhydrase 7","Up"
225.622346205135,5.81336889842876,0.717108016525296,8.10668513593962,5.20194320458377e-16,5.02846970728308e-13,"ENSG00000156006","NAT2","N-acetyltransferase 2","Up"
222.049087170683,8.37968776446656,1.04637576876248,8.0082968419433,1.16307898011355e-15,1.07744729020269e-12,"ENSG00000152292","SH2D6","SH2 domain containing 6","Up"
829.37087175884,6.20319389851614,0.782021475229026,7.93225518097115,2.15201667508188e-15,1.84022256681136e-12,"ENSG00000224259","LINC01133","long intergenic non-protein coding RNA 1133","Up"
201.591474281138,8.35602508356149,1.0530478371396,7.93508593708238,2.10349622756416e-15,1.84022256681136e-12,"ENSG00000197165","SULT1A2","sulfotransferase family 1A member 2","Up"
3909.72731137273,8.34300649508871,1.05418174090991,7.91420129121901,2.48845411089122e-15,2.04910371286832e-12,"ENSG00000101443","WFDC2","WAP four-disulfide core domain 2","Up"
382.029291614175,5.62220046438318,0.721068998347699,7.79703534234064,6.33784946100344e-15,5.0324788238032e-12,"ENSG00000113924","HGD","homogentisate 1,2-dioxygenase","Up"
1229.2197814077,11.008522683273,1.41287441737447,7.79157903059071,6.61769000637345e-15,5.07348627281728e-12,"ENSG00000182271","TMIGD1","transmembrane and immunoglobulin domain containing 1","Up"
55150.8789382074,-14.5526978357384,1.8746542160711,-7.76287045951223,8.30284067324051e-15,6.15323522293854e-12,"ENSG00000169429","CXCL8","C-X-C motif chemokine ligand 8","Down"
606.443234303424,6.17650531365169,0.796683727078099,7.7527695165866,8.99097215435315e-15,6.44826722283012e-12,"ENSG00000148584","A1CF","APOBEC1 complementation factor","Up"
329.915876465,8.6984067524093,1.12292569755392,7.74619974532342,9.46835283153775e-15,6.57843401573684e-12,"ENSG00000162460","TMEM82","transmembrane protein 82","Up"
327.621188287631,9.55070766128496,1.24795502230939,7.65308644185831,1.96211919285543e-14,1.28305282396337e-11,"ENSG00000163295","ALPI","alkaline phosphatase, intestinal","Up"
360.24355003328,10.1892576571375,1.33122669424263,7.65403646216276,1.94767014177637e-14,1.28305282396337e-11,"ENSG00000271824","SMIM32","small integral membrane protein 32","Up"
188.721475899525,6.26874066922314,0.822856224428969,7.61826973305502,2.57098621959603e-14,1.63316390343653e-11,"ENSG00000259120","ERLN","endoregulin","Up"
3586.50092888948,11.7095180451219,1.54403901373404,7.58369311977686,3.35855018693264e-14,2.07418461961315e-11,"ENSG00000131096","PYY","peptide YY","Up"
1491.10030530472,9.00645158567294,1.18875299373329,7.57638603911156,3.55313524156973e-14,2.13505015745459e-11,"ENSG00000080493","SLC4A4","solute carrier family 4 member 4","Up"
1568.05934507801,6.81613164537453,0.911851028117043,7.47504958068614,7.71747513790025e-14,4.51533223002464e-11,"ENSG00000166816","LDHD","lactate dehydrogenase D","Up"
1141.83543143585,12.691370689947,1.70834966172061,7.42902403080911,1.09401871721841e-13,6.23674824100436e-11,"ENSG00000137860","SLC28A2","solute carrier family 28 member 2","Up"
3002.30486672899,7.31769394354679,0.987115752683439,7.41320754293902,1.23280727111394e-13,6.85225101466906e-11,"ENSG00000188833","ENTPD8","ectonucleoside triphosphate diphosphohydrolase 8","Up"
1094.76616482897,6.34578370989693,0.856561293941015,7.40844088424794,1.27792853938287e-13,6.92980127221934e-11,"ENSG00000168903","BTNL3","butyrophilin like 3","Up"
749.629970110665,-5.46131817160188,0.742261955083689,-7.35766953189205,1.87148651488948e-13,9.90684754417568e-11,"ENSG00000119917","IFIT3","interferon induced protein with tetratricopeptide repeats 3","Down"
578.380178276909,6.62926388647109,0.905980728295041,7.31722395347929,2.53153177123445e-13,1.28385350764391e-10,"ENSG00000158315","RHBDL2","rhomboid like 2","Up"
5261.22677747232,6.89677706808413,0.942603292244612,7.31673348144254,2.54079765827067e-13,1.28385350764391e-10,"ENSG00000104267","CA2","carbonic anhydrase 2","Up"
2319.22576145701,10.7184210574176,1.46712156708603,7.30574841095573,2.75727667362502e-13,1.36227849521567e-10,"ENSG00000168447","SCNN1B","sodium channel epithelial 1 subunit beta","Up"
527.885817909814,6.64845306242934,0.912200704275726,7.28836650889029,3.13735534185085e-13,1.51636568076891e-10,"ENSG00000011083","SLC6A7","solute carrier family 6 member 7","Up"
378.866525788916,7.47694919150576,1.03383057814277,7.23227707671186,4.74961895226368e-13,2.2467718758655e-10,"ENSG00000135702","CHST5","carbohydrate sulfotransferase 5","Up"
7121.94278392604,7.08212461195813,0.97994266775655,7.22708056806193,4.93487364382243e-13,2.285771785898e-10,"ENSG00000156966","B3GNT7","UDP-GlcNAc:betaGal beta-1,3-N-acetylglucosaminyltransferase 7","Up"
2441.17944161658,7.33000552159935,1.01554643448342,7.21779455148983,5.28374602917074e-13,2.39741888707251e-10,"ENSG00000167701","GPT","glutamic--pyruvic transaminase","Up"
675.049150035703,5.79233548417976,0.805183103667038,7.19381151665972,6.3007161110141e-13,2.80167642592353e-10,"ENSG00000254827","SLC67A1-AS","SLC67A1 antisense RNA","Up"
14903.927595784,-10.9842560549775,1.53185922933696,-7.17053880971285,7.47031643907129e-13,3.25661853705631e-10,"ENSG00000125538","IL1B","interleukin 1 beta","Down"
4355.14272618554,5.73305323791033,0.8021782938558,7.14685660509895,8.87875395212523e-13,3.7245535210868e-10,"ENSG00000074410","CA12","carbonic anhydrase 12","Up"
532.654283191656,-4.66977770347957,0.653377551521976,-7.14713520934687,8.8607592606035e-13,3.7245535210868e-10,"ENSG00000140511","HAPLN3","hyaluronan and proteoglycan link protein 3","Down"
1587.15067438482,-12.3898529911078,1.74557216847178,-7.09787496323051,1.26689721461764e-12,5.21609736529519e-10,"ENSG00000162747","FCGR3B","Fc gamma receptor IIIb","Down"
646.219279506368,7.73156531828027,1.09148722755999,7.08351423915797,1.40543944430947e-12,5.63360992927573e-10,"ENSG00000162949","CAPN13","calpain 13","Up"
145.209230568154,6.35747720528399,0.897671611317325,7.08218587413548,1.41898149615185e-12,5.63360992927573e-10,"ENSG00000130055","GDPD2","glycerophosphodiester phosphodiesterase domain containing 2","Up"
14515.1989661854,7.22723844132815,1.02557615616477,7.04700318731571,1.82812133501944e-12,7.13063537569951e-10,"ENSG00000007306","CEACAM7","CEA cell adhesion molecule 7","Up"
2160.43536794007,8.66106091202118,1.23152231177783,7.03280876780711,2.024167114573e-12,7.75919094108648e-10,"ENSG00000142959","BEST4","bestrophin 4","Up"
10427.5661647993,-8.66181756026667,1.23938256972643,-6.98881666713985,2.77214379944116e-12,1.04462835750805e-09,"ENSG00000184557","SOCS3","suppressor of cytokine signaling 3","Down"
879.461467037324,5.38577703568648,0.778361119419822,6.9193808648882,4.53621783135464e-12,1.68089551740846e-09,"ENSG00000019505","SYT13","synaptotagmin 13","Up"
6319.44245131537,5.45416572910507,0.789899177345144,6.90488847885189,5.02428822075753e-12,1.83122950839512e-09,"ENSG00000188257","PLA2G2A","phospholipase A2 group IIA","Up"
892.053695774457,-4.33002551017366,0.62770900822979,-6.8981414212691,5.26872834870331e-12,1.85935932344001e-09,"ENSG00000111335","OAS2","2'-5'-oligoadenylate synthetase 2","Down"
1212.60810096781,-8.5332817186296,1.23676347737222,-6.89968767250507,5.21169952115019e-12,1.85935932344001e-09,"ENSG00000171051","FPR1","formyl peptide receptor 1","Down"
459.956606564154,5.43813063935717,0.791997158681276,6.86635119804216,6.5864809196621e-12,2.28808172323199e-09,"ENSG00000163687","DNASE1L3","deoxyribonuclease 1L3","Up"
398.090998582529,9.47831261944051,1.38186413441437,6.85907708535859,6.93068355249183e-12,2.3498979700282e-09,"ENSG00000145384","FABP2","fatty acid binding protein 2","Up"
287.207366626719,12.3004409033738,1.79355094763727,6.8581497055201,6.97581370133861e-12,2.3498979700282e-09,"ENSG00000187783","TMEM72","transmembrane protein 72","Up"
871.348317482782,4.58528392530059,0.674560279305457,6.79744133470431,1.06493490345029e-11,3.53383547886721e-09,"ENSG00000103056","SMPD3","sphingomyelin phosphodiesterase 3","Up"
37807.8681056033,7.48344636696128,1.1102722466794,6.74019042567511,1.58179183599008e-11,5.12429899701213e-09,"ENSG00000198788","MUC2","mucin 2, oligomeric mucus/gel-forming","Up"
103536.329585693,2.35377089497961,0.349254802157549,6.73940882255307,1.59032353165941e-11,5.12429899701213e-09,"ENSG00000198695","MT-ND6","NADH dehydrogenase subunit 6","Up"
7442.81726669228,-10.9058553818792,1.63088816970466,-6.68706511241306,2.2769059048146e-11,7.23177842596328e-09,"ENSG00000073756","PTGS2","prostaglandin-endoperoxide synthase 2","Down"
652.256497203206,6.33040823634078,0.947462526827979,6.68143389009212,2.36615517214802e-11,7.3740698970781e-09,"ENSG00000240498","CDKN2B-AS1","CDKN2B and CDKN2A antisense cis and trans regulatory RNA 1","Up"
147.796653506916,4.92773730088332,0.737675861421874,6.68008478871069,2.38804044703649e-11,7.3740698970781e-09,"ENSG00000256643",NA,NA,"Up"
98.0826967391501,4.93728654332078,0.742846512872235,6.64644237775397,3.0026191996141e-11,9.14482639246853e-09,"ENSG00000307857",NA,NA,"Up"
310.911900830181,6.42979162882721,0.970999819499668,6.62182577144073,3.54789090672303e-11,1.06594943958342e-08,"ENSG00000069764","PLA2G10","phospholipase A2 group X","Up"
495.845946787105,6.21700288908417,0.940317696229668,6.61159830769121,3.80192503889532e-11,1.12704265853013e-08,"ENSG00000133710","SPINK5","serine peptidase inhibitor Kazal type 5","Up"
1343.4454098684,-6.20524446836164,0.944997098079798,-6.5664164270668,5.15405522762617e-11,1.49245931406143e-08,"ENSG00000163734","CXCL3","C-X-C motif chemokine ligand 3","Down"
144.842808469282,6.31814944115426,0.962254045994924,6.56598895837491,5.16886462388027e-11,1.49245931406143e-08,"ENSG00000072133","RPS6KA6","ribosomal protein S6 kinase A6","Up"
1206.62371022021,13.3760532159482,2.04191916400439,6.55072612655072,5.72579830685105e-11,1.63207274046435e-08,"ENSG00000183034","OTOP2","otopetrin 2","Up"
2386.61864705223,2.99951510636153,0.459460721376739,6.52833847771299,6.6503276231401e-11,1.87160422842119e-08,"ENSG00000175164","ABO","ABO, alpha 1-3-N-acetylgalactosaminyltransferase and alpha 1-3-galactosyltransferase","Up"
162.901537362547,-3.18383116097748,0.488373833067204,-6.51925010187711,7.0659752900924e-11,1.9637228578078e-08,"ENSG00000222009","BTBD19","BTB domain containing 19","Down"
801.26271666416,13.6203222355282,2.09267689166298,6.50856436069525,7.58724017145682e-11,2.08255692261728e-08,"ENSG00000115263","GCG","glucagon","Up"
540.702807727012,5.78225206027864,0.892101331545281,6.48160904576023,9.0749542670578e-11,2.46052997828654e-08,"ENSG00000148483","TMEM236","transmembrane protein 236","Up"
130.699320431262,5.86303172437784,0.905264899408677,6.47659235236846,9.38172041892638e-11,2.51305771173482e-08,"ENSG00000198515","CNGA1","cyclic nucleotide gated channel subunit alpha 1","Up"
438.511137366367,12.4703472372328,1.92665018276808,6.47255394298735,9.63601024172693e-11,2.55044542505137e-08,"ENSG00000174358","SLC6A19","solute carrier family 6 member 19","Up"
242.483889548662,5.48715836491515,0.848897778316777,6.46386232249927,1.02063740318057e-10,2.6575617480477e-08,"ENSG00000165269","AQP7","aquaporin 7","Up"
873.424073385866,9.66012243996548,1.49473211798692,6.4627783960216,1.02797782724824e-10,2.6575617480477e-08,"ENSG00000166183","ASPG","asparaginase","Up"
62.3637957867179,10.5470048498514,1.63267198195955,6.45996560631415,1.04726780572538e-10,2.67631093387269e-08,"ENSG00000162040","HS3ST6","heparan sulfate-glucosamine 3-sulfotransferase 6","Up"
2224.23456639027,9.88590566537879,1.53090823593166,6.45754293650564,1.06416565452663e-10,2.68859034057848e-08,"ENSG00000044012","GUCA2B","guanylate cyclase activator 2B","Up"
3050.90142849095,2.66231514736792,0.414387126367181,6.42470525256832,1.32125274244385e-10,3.26393469141712e-08,"ENSG00000181061","HIGD1A","HIG1 hypoxia inducible domain family member 1A","Up"
568.280303551812,7.38992223481246,1.15014215972998,6.42522506656692,1.31674549270468e-10,3.26393469141712e-08,"ENSG00000170298","LGALS9B","galectin 9B","Up"
3176.59767596823,4.0928109725385,0.639965714349733,6.39535975250985,1.60169796302725e-10,3.91324734197636e-08,"ENSG00000130821","SLC6A8","solute carrier family 6 member 8","Up"
933.740765134397,4.38566248446247,0.68966732839017,6.35909851594615,2.02941224694318e-10,4.90433940068346e-08,"ENSG00000160191","PDE9A","phosphodiesterase 9A","Up"
181.706183819856,6.1043549704361,0.96212389439486,6.34466621814389,2.22908201169327e-10,5.32894412537381e-08,"ENSG00000185168",NA,NA,"Up"
280.892533642122,11.5425130225714,1.82696590062726,6.31785903535936,2.65211755822686e-10,6.27282230553805e-08,"ENSG00000196616","ADH1B","alcohol dehydrogenase 1B (class I), beta polypeptide","Up"
6777.01066393533,5.49135073616025,0.870330247234234,6.30950234535781,2.7993412497335e-10,6.55134252687631e-08,"ENSG00000145113","MUC4","mucin 4, cell surface associated","Up"
13117.9067676788,5.76799493027902,0.914719626121908,6.30575180149277,2.86798317623101e-10,6.64206978720251e-08,"ENSG00000205277","MUC12","mucin 12, cell surface associated","Up"
17250.770523383,5.23255244049636,0.8334724351413,6.27801498871319,3.42922863948437e-10,7.70121619612686e-08,"ENSG00000117472","TSPAN1","tetraspanin 1","Up"
1234.76047732792,-6.95761335299464,1.10797791072018,-6.2795596244985,3.39533367303194e-10,7.70121619612686e-08,"ENSG00000081041","CXCL2","C-X-C motif chemokine ligand 2","Down"
435.079967365535,7.70989418471888,1.22774715186721,6.27970846683973,3.3920848587507e-10,7.70121619612686e-08,"ENSG00000204632","HLA-G","major histocompatibility complex, class I, G","Up"
432.832178839768,-4.92699917155825,0.787054200067422,-6.26005066885632,3.84852408195934e-10,8.5564235914202e-08,"ENSG00000203747","FCGR3A","Fc gamma receptor IIIa","Down"
1384.826640796,2.07399762887699,0.332570275673192,6.23626878463142,4.48130860528706e-10,9.86464695260864e-08,"ENSG00000152642","GPD1L","glycerol-3-phosphate dehydrogenase 1 like","Up"
58102.0068040342,8.61012772777248,1.38217255698528,6.22941591790276,4.68177343386084e-10,1.02048890936302e-07,"ENSG00000275395","FCGBP","Fc gamma binding protein","Up"
1287.46584127032,6.41714849644309,1.03130349386953,6.22236667924539,4.8971086910639e-10,1.04978339553332e-07,"ENSG00000204099","NEU4","neuraminidase 4","Up"
148.442622347085,4.46801140761671,0.718106409410433,6.22193500721566,4.91060464784174e-10,1.04978339553332e-07,"ENSG00000233006","MIR3936HG","MIR3936 host gene","Up"
6596.33839641348,-17.2818772223931,2.78871336312517,-6.19707907270407,5.75206078710268e-10,1.21795778552051e-07,"ENSG00000099985","OSM","oncostatin M","Down"
1352.65072878137,4.40567922091172,0.711210050809785,6.19462452182081,5.84241367872219e-10,1.22541871055689e-07,"ENSG00000204610","TRIM15","tripartite motif containing 15","Up"
101.438900041967,10.3664736937503,1.67401755986852,6.19257165651504,5.91904255801136e-10,1.22988853450716e-07,"ENSG00000116748","AMPD1","adenosine monophosphate deaminase 1","Up"
122.844768438586,3.47927703184352,0.563890136892588,6.1701328046216,6.82326579346158e-10,1.40464507764844e-07,"ENSG00000152763","DNAI4","dynein axonemal intermediate chain 4","Up"
478.418286686497,4.13736546892266,0.670847783616764,6.16736847011217,6.94358269213966e-10,1.40472760392336e-07,"ENSG00000204323","SMIM5","small integral membrane protein 5","Up"
3288.23112814967,4.29362620792576,0.696201054008803,6.16722164265996,6.95003087444652e-10,1.40472760392336e-07,"ENSG00000105755","ETHE1","ETHE1 persulfide dioxygenase","Up"
113.855530556385,8.82632315432335,1.43328685861593,6.15809954669268,7.3623075146129e-10,1.47465029704855e-07,"ENSG00000196990","FAM163B","family with sequence similarity 163 member B","Up"
684.366468541978,4.23140788816553,0.687322086734083,6.15636827309264,7.44320290143139e-10,1.47754223310289e-07,"ENSG00000154274","PGCKA1","PDCD10 and GCKIII kinases associated 1","Up"
774.431487853636,-4.49735145891021,0.731461955250259,-6.14844207088188,7.82476947844222e-10,1.53954070632041e-07,"ENSG00000100985","MMP9","matrix metallopeptidase 9","Down"
5068.8264002137,3.85144260843741,0.626771907164418,6.14488710232999,8.00204096722049e-10,1.56060856863345e-07,"ENSG00000169994","MYO7B","myosin VIIB","Up"
233.923198990121,7.61610761099676,1.24051645028349,6.13946522777373,8.27997454465266e-10,1.60077107870663e-07,"ENSG00000172955","ADH6","alcohol dehydrogenase 6 (class V)","Up"
894.286176853446,4.10278599276173,0.670665942977101,6.11748074540563,9.50662429481668e-10,1.82207567195396e-07,"ENSG00000162817","C1orf115","chromosome 1 open reading frame 115","Up"
2130.22340171718,6.56047434123019,1.07280336491128,6.11526264346938,9.6398064175715e-10,1.83181039386211e-07,"ENSG00000183778","B3GALT5","beta-1,3-galactosyltransferase 5","Up"
3897.90849516572,3.91952166223443,0.642696109971717,6.09856135959329,1.07027314532705e-09,2.01655786780138e-07,"ENSG00000105289","TJP3","tight junction protein 3","Up"
366.020373246522,6.24124959977955,1.0244372377677,6.09236893162878,1.11251923632943e-09,2.07854119170692e-07,"ENSG00000105251","SHD","Src homology 2 domain containing transforming protein D","Up"
821.845318513141,6.19831437612836,1.01952655669474,6.07960070821798,1.20482191865541e-09,2.23223380978882e-07,"ENSG00000137825","ITPKA","inositol-trisphosphate 3-kinase A","Up"
1056.33940832085,2.0833069293885,0.343067377901337,6.07258825404158,1.25864884023665e-09,2.29373275942471e-07,"ENSG00000123836","PFKFB2","6-phosphofructo-2-kinase/fructose-2,6-biphosphatase 2","Up"
730.116489894233,6.53420168324462,1.07580536944234,6.07377678978467,1.24936360336569e-09,2.29373275942471e-07,"ENSG00000196196","HRCT1","histidine rich carboxyl terminus 1","Up"
319.986764174202,4.30301122602347,0.710271537672011,6.05826222479227,1.37599954833876e-09,2.48720308603378e-07,"ENSG00000060140","STYK1","serine/threonine/tyrosine kinase 1","Up"
104.604556740605,4.61838037517701,0.764509643860005,6.04097072191115,1.5318977752886e-09,2.74666800306383e-07,"ENSG00000277639","CHD9NB","CHD9 neighbor","Up"
155.540424852916,5.70633210400163,0.945721367213762,6.03384072923439,1.60107874588778e-09,2.84774270058585e-07,"ENSG00000036672","USP2","ubiquitin specific peptidase 2","Up"
655.751392602138,2.57999275938187,0.428200739824655,6.02519453945447,1.68906335406698e-09,2.98039250404532e-07,"ENSG00000116574","RHOU","ras homolog family member U","Up"
580.939704044036,4.14084683604482,0.688256072237443,6.0164334222049,1.78301781060163e-09,3.12140432937842e-07,"ENSG00000106992","AK1","adenylate kinase 1","Up"
4420.96034945011,8.93717483971684,1.48739187907712,6.00862151087048,1.87107357114599e-09,3.24996708650694e-07,"ENSG00000016602","CLCA4","chloride channel accessory 4","Up"
801.86198359411,4.03143468642195,0.671654869812217,6.00224143025876,1.94612031078879e-09,3.35411572633855e-07,"ENSG00000131781","FMO5","flavin containing dimethylaniline monoxygenase 5","Up"
2986.81957357255,4.14276401042385,0.690413444238003,6.00041039901264,1.96819435260262e-09,3.36606654164723e-07,"ENSG00000119431","HDHD3","haloacid dehalogenase like hydrolase domain containing 3","Up"
561.060493683844,6.65685339552057,1.11095015282515,5.99203607703924,2.07229937051059e-09,3.51705587057725e-07,"ENSG00000186198","SLC51B","SLC51 subunit beta","Up"
100.322972815082,6.51026630254008,1.08740954593135,5.986949743911,2.13812811425752e-09,3.60128805790056e-07,"ENSG00000290862","NMRAL2P","NmrA like redox sensor 2, pseudogene","Up"
89.3360051912465,6.15477212666427,1.030225547095,5.97419870242912,2.31223840223157e-09,3.86526288697854e-07,"ENSG00000254872","LINC02688","long intergenic non-protein coding RNA 2688","Up"
129.321575222827,5.7734194232069,0.96763840525441,5.96650504140435,2.42389252892501e-09,4.02167183549177e-07,"ENSG00000187288","CIDEC","cell death inducing DFFA like effector c","Up"
3335.2607508345,-6.80360985705492,1.14116800926961,-5.96197036877112,2.4921434751741e-09,4.10428339878117e-07,"ENSG00000163739","CXCL1","C-X-C motif chemokine ligand 1","Down"
64.2471338177146,6.40479175896309,1.07652522720831,5.94950456996932,2.68955333258795e-09,4.39682641495794e-07,"ENSG00000171433","GLOD5","glyoxalase domain containing 5","Up"
877.173057304836,4.89720399974686,0.824367840231579,5.94055682518031,2.8405557086489e-09,4.6097865014884e-07,"ENSG00000155066","PROM2","prominin 2","Up"
327.599831720918,4.91181178334735,0.827210936653447,5.93779840873297,2.88874933271579e-09,4.65402637059928e-07,"ENSG00000248771","SMIM31","small integral membrane protein 31","Up"
204.602059036095,10.6157903019697,1.78896359951642,5.93404488768766,2.95560967628262e-09,4.72748704552458e-07,"ENSG00000172318","B3GALT1","beta-1,3-galactosyltransferase 1","Up"
418.206603452556,12.6058255568862,2.12711093358351,5.9262661659349,3.099001421649e-09,4.88653181613633e-07,"ENSG00000196660","SLC30A10","solute carrier family 30 member 10","Up"
99.7024684672369,-21.9506863759657,3.7036293079208,-5.92680437240861,3.08886584438792e-09,4.88653181613633e-07,"ENSG00000111700","SLCO1B3","solute carrier organic anion transporter family member 1B3","Down"
575.618170422971,-5.50584384107964,0.932942991991692,-5.90158657961029,3.60022406221005e-09,5.62199852630898e-07,"ENSG00000018280","SLC11A1","solute carrier family 11 member 1","Down"
596.482757361231,-2.53537994121216,0.429662405226088,-5.90086521504726,3.6160022905689e-09,5.62199852630898e-07,"ENSG00000185112","FAM43A","family with sequence similarity 43 member A","Down"
468.207822840765,-2.79935968501165,0.475000674655897,-5.89338044001639,3.78373898658716e-09,5.84193533949947e-07,"ENSG00000111145","ELK3","ETS transcription factor ELK3","Down"
3048.30437826542,3.31601891717783,0.56288214499318,5.89114248279809,3.83534676728196e-09,5.88077687427447e-07,"ENSG00000179163","FUCA1","alpha-L-fucosidase 1","Up"
83.0779195030586,-7.10266911191626,1.2059947566482,-5.88946931382737,3.87437737073927e-09,5.89993370435934e-07,"ENSG00000128422","KRT17","keratin 17","Down"
25606.1840801131,6.42904693668479,1.09218910281403,5.88638626783617,3.94731167174971e-09,5.97010751006879e-07,"ENSG00000163586","FABP1","fatty acid binding protein 1","Up"
2674.22062568474,6.45671218175643,1.10194866823966,5.85935839649489,4.64658906638018e-09,6.98024423735342e-07,"ENSG00000172828","CES3","carboxylesterase 3","Up"
375.619331141687,3.08345513191458,0.526776953760118,5.85343589901754,4.8151989394229e-09,7.18498778658989e-07,"ENSG00000164142","FHIP1A","FHF complex subunit HOOK interacting protein 1A","Up"
2476.50502144345,1.85706891188349,0.317396461990235,5.85094395898033,4.88790910056538e-09,7.24485886885801e-07,"ENSG00000158769","F11R","F11 receptor","Up"
156.878769415636,-11.6565651935308,1.99486181344174,-5.84329456556175,5.11784025099135e-09,7.53542664240336e-07,"ENSG00000136244","IL6","interleukin 6","Down"
517.745050258354,-10.0790983211219,1.73372883758456,-5.81353790894089,6.1166112182109e-09,8.94675113253178e-07,"ENSG00000163464","CXCR1","C-X-C motif chemokine receptor 1","Down"
495.587012952426,5.54130543440055,0.954866901377175,5.80322286426359,6.50522334191315e-09,9.33100842327451e-07,"ENSG00000272405",NA,NA,"Up"
946.999115800167,6.76313785793278,1.16538488060938,5.80335129660881,6.5002402476895e-09,9.33100842327451e-07,"ENSG00000184434","LRRC19","leucine rich repeat containing 19","Up"
361.047798236255,-6.22429526805194,1.07242086719521,-5.80396694847133,6.476404850285e-09,9.33100842327451e-07,"ENSG00000182885","ADGRG3","adhesion G protein-coupled receptor G3","Down"
5737.16350524349,-7.39964368695611,1.27561926012524,-5.80082468042197,6.59895669691849e-09,9.40478232324287e-07,"ENSG00000125740","FOSB","FosB proto-oncogene, AP-1 transcription factor subunit","Down"
3581.66201692669,-8.06615382069146,1.3914961379137,-5.79674898184427,6.76127753708368e-09,9.57474417082684e-07,"ENSG00000188404","SELL","selectin L","Down"
2728.3474330152,4.88874497667354,0.843588293832202,5.79517877668174,6.82484396546615e-09,9.60359214457018e-07,"ENSG00000278535","DHRS11","dehydrogenase/reductase 11","Up"
5069.21660267911,-6.95550249013186,1.2065899646687,-5.76459501056903,8.18541561975052e-09,1.14456821052776e-06,"ENSG00000059804","SLC2A3","solute carrier family 2 member 3","Down"
375.54670680719,4.3615240811515,0.757524349006918,5.75760249405748,8.53169681743902e-09,1.17816903939206e-06,"ENSG00000154269","ENPP3","ectonucleotide pyrophosphatase/phosphodiesterase 3","Up"
414.045198397164,-4.04061452099438,0.701702902079242,-5.75829814729495,8.49661878001815e-09,1.17816903939206e-06,"ENSG00000185745","IFIT1","interferon induced protein with tetratricopeptide repeats 1","Down"
1580.77989970238,-5.8710534722767,1.02045730699197,-5.75335531633654,8.74893288093627e-09,1.20071002927072e-06,"ENSG00000090339","ICAM1","intercellular adhesion molecule 1","Down"
64.9553678706994,4.60296512506672,0.800241344737061,5.75197114637852,8.82088569696764e-09,1.20315798589375e-06,"ENSG00000253549",NA,NA,"Up"
897.328008695759,-6.36948685119586,1.10870893648228,-5.74495852031737,9.19435223922785e-09,1.24645142277288e-06,"ENSG00000138795","LEF1","lymphoid enhancer binding factor 1","Down"
254.985387760259,6.90399782608665,1.20276826190085,5.74008979516601,9.46263629873318e-09,1.27504722927112e-06,"ENSG00000167800","TBX10","T-box transcription factor 10","Up"
252.283398819351,3.83156414011738,0.668833981338596,5.72872229435612,1.0118988986234e-08,1.35527398874061e-06,"ENSG00000283674","LOC729732","uncharacterized LOC729732","Up"
2114.85828127933,5.40662588546618,0.944544772894524,5.72405463522684,1.04011276338386e-08,1.38472018373133e-06,"ENSG00000124429","POF1B","POF1B actin binding protein","Up"
440.933517590909,5.20811076224406,0.910734494797231,5.71858295913521,1.07416070478851e-08,1.42153660414065e-06,"ENSG00000255474","GAU1","GALNT8 antisense upstream 1","Up"
140.166247125962,7.15173315425091,1.25164535782198,5.71386544084324,1.10438336818989e-08,1.45288493638851e-06,"ENSG00000164825","DEFB1","defensin beta 1","Up"
525.404608601261,-4.61859366640307,0.809316499932218,-5.70678302838245,1.15131390704449e-08,1.50571541737178e-06,"ENSG00000178726","THBD","thrombomodulin","Down"
199.844994490336,5.37514638651407,0.942337734834664,5.70405512568925,1.16990214144855e-08,1.52107802987285e-06,"ENSG00000070985","TRPM5","transient receptor potential cation channel subfamily M member 5","Up"
196.834033392224,-7.23157939311489,1.26841444385778,-5.70127486968741,1.18914708812139e-08,1.53711088431412e-06,"ENSG00000139572","GPR84","G protein-coupled receptor 84","Down"
5503.8325427961,7.07442286606189,1.24158535791803,5.69789488974383,1.21295791179911e-08,1.55882619959709e-06,"ENSG00000124253","PCK1","phosphoenolpyruvate carboxykinase 1","Up"
249.966197694997,5.94767529144136,1.04409300528311,5.69649950851709,1.22292244032281e-08,1.5625996905573e-06,"ENSG00000170703","TTLL6","tubulin tyrosine ligase like 6","Up"
527.382643653103,5.2213657197985,0.916798102499848,5.69521872434216,1.23213860092576e-08,1.56537928653614e-06,"ENSG00000184163","C1QTNF12","C1q and TNF related 12","Up"
529.227673863977,9.55148025470102,1.68078853580968,5.68273762653897,1.32555547036003e-08,1.67449288480196e-06,"ENSG00000172410","INSL5","insulin like 5","Up"
931.375880996296,6.39549220188475,1.12593663651452,5.68015285627691,1.3457442041078e-08,1.69039157570219e-06,"ENSG00000198074","AKR1B10","aldo-keto reductase family 1 member B10","Up"
2019.056396304,-7.67054097029292,1.35424855969199,-5.66405695276316,1.47835303153839e-08,1.84652937922432e-06,"ENSG00000123689","G0S2","G0/G1 switch 2","Down"
20469.6060335432,-6.58140943302251,1.16524440568476,-5.64809356810853,1.62236874164094e-08,2.01509073926833e-06,"ENSG00000170345","FOS","Fos proto-oncogene, AP-1 transcription factor subunit","Down"
193.855204839228,6.53462245612671,1.15754076029145,5.64526337239423,1.64928570489799e-08,2.03714272649984e-06,"ENSG00000234155","LINC02535","long intergenic non-protein coding RNA 2535","Up"
9962.07177189505,-7.71815700327126,1.36938091246918,-5.63623819566344,1.73804936782984e-08,2.12318964807477e-06,"ENSG00000115956","PLEK","pleckstrin","Down"
284.342570796313,-11.1989249160699,1.98683829008822,-5.63655581429964,1.73484825007037e-08,2.12318964807477e-06,"ENSG00000248323","LUCAT1","lung cancer associated transcript 1","Down"
7550.65558267306,4.64266182398842,0.824748117199505,5.62918753880025,1.81060449872773e-08,2.19973605574938e-06,"ENSG00000002726","AOC1","amine oxidase copper containing 1","Up"
1222.72893558633,6.1997052627707,1.10181483629037,5.6268122905697,1.83570297234892e-08,2.21810783609965e-06,"ENSG00000107954","NEURL1","neuralized E3 ubiquitin protein ligase 1","Up"
10383.7622660344,-6.3469858341043,1.12953211478096,-5.61912826651689,1.91923337870684e-08,2.30650355182645e-06,"ENSG00000120738","EGR1","early growth response 1","Down"
607.449105226917,-7.44373758534072,1.32802715212434,-5.60510948396918,2.08123364852908e-08,2.48774557568533e-06,"ENSG00000277632","CCL3","C-C motif chemokine ligand 3","Down"
164.040059887697,4.79474124661785,0.856988214156962,5.5948741971143,2.20781799392314e-08,2.61097965206879e-06,"ENSG00000284624","LOC105374312","uncharacterized LOC105374312","Up"
1483.22451350582,4.66359817162198,0.833498072927814,5.59521170245811,2.20352723855094e-08,2.61097965206879e-06,"ENSG00000166143","PPP1R14D","protein phosphatase 1 regulatory inhibitor subunit 14D","Up"
401.853869414437,-6.03310821715733,1.08058423050269,-5.58319106170067,2.36145072198244e-08,2.74880282208563e-06,"ENSG00000184292","TACSTD2","tumor associated calcium signal transducer 2","Down"
3737.97955948096,6.77122910418034,1.21270911180405,5.58355589009086,2.35650000865294e-08,2.74880282208563e-06,"ENSG00000259823","LYPD8","LY6/PLAUR domain containing 8","Up"
375.226936908653,5.11969522553101,0.916824858636122,5.58415838892842,2.348346160127e-08,2.74880282208563e-06,"ENSG00000128242","GAL3ST1","galactose-3-O-sulfotransferase 1","Up"
486.153184479627,-3.82489924451101,0.686115992249396,-5.57471227564784,2.47939308425969e-08,2.87105971053884e-06,"ENSG00000135636","DYSF","dysferlin","Down"
3665.09072338034,6.47927209764096,1.16525373361952,5.56039591266958,2.69163344403184e-08,3.10067804980103e-06,"ENSG00000159184","HOXB13","homeobox B13","Up"
136.70016445242,7.31637946232169,1.31737822046365,5.55374253852982,2.7961723629307e-08,3.19138883488e-06,"ENSG00000243955","GSTA1","glutathione S-transferase alpha 1","Up"
19548.3938851151,9.95641083386669,1.79279773951863,5.55356056871201,2.79908614582648e-08,3.19138883488e-06,"ENSG00000174992","ZG16","zymogen granule protein 16","Up"
6619.26379278719,-4.66042729506248,0.841774455755896,-5.53643231057363,3.08695063698472e-08,3.50164150571844e-06,"ENSG00000137331","IER3","immediate early response 3","Down"
103.444268483664,7.2262498058007,1.30586783726627,5.53367622632339,3.13587604321864e-08,3.53908284613604e-06,"ENSG00000272068",NA,NA,"Up"
608.323184639806,11.7120311661317,2.11852311193092,5.52839433290716,3.23174984798021e-08,3.62886335202747e-06,"ENSG00000135220","UGT2A3","UDP glucuronosyltransferase family 2 member A3","Up"
2053.90291966861,-7.62820476282254,1.38126409175996,-5.52262583841075,3.33970443081462e-08,3.73123862363324e-06,"ENSG00000140379","BCL2A1","BCL2 related protein A1","Down"
153.664438716467,-3.57534814220145,0.647512100586195,-5.5216700027145,3.35792702821353e-08,3.73283958091357e-06,"ENSG00000184979","USP18","ubiquitin specific peptidase 18","Down"
4464.34349309698,4.92850084600583,0.893288928050286,5.51725280728923,3.44339923191455e-08,3.80881070264459e-06,"ENSG00000122971","ACADS","acyl-CoA dehydrogenase short chain","Up"
271.094658952014,5.48748794941189,0.995348353885939,5.51313309354277,3.5250145720371e-08,3.87978460297529e-06,"ENSG00000043039","BARX2","BARX homeobox 2","Up"
128.654434909325,6.63984662870814,1.20461573634268,5.51200389334717,3.54771071157996e-08,3.88552966751513e-06,"ENSG00000290677","LOC101928215","uncharacterized LOC101928215","Up"
2985.55356677872,4.00662243259948,0.727845784159115,5.50476834488827,3.6965401202859e-08,4.02868512227041e-06,"ENSG00000158467","AHCYL2","adenosylhomocysteinase like 2","Up"
1511.78240679043,6.79494220935865,1.23587803863628,5.49806857710366,3.83973613886976e-08,4.16433432075567e-06,"ENSG00000124664","SPDEF","SAM pointed domain containing ETS transcription factor","Up"
580.135690806996,3.60048446104405,0.655107660537254,5.49601947577791,3.88459626352981e-08,4.19253537509992e-06,"ENSG00000152078","TLCD4","TLC domain containing 4","Up"
1989.85406213706,-6.96386059712176,1.26834666482735,-5.49050254968717,4.00791704649297e-08,4.30473525095064e-06,"ENSG00000184588","PDE4B","phosphodiesterase 4B","Down"
74.3701136666223,-3.45985945138752,0.630720773604969,-5.48556444654935,4.12151260587539e-08,4.40546104646286e-06,"ENSG00000182463","TSHZ2","teashirt zinc finger homeobox 2","Down"
3596.86950451855,8.68205463075714,1.58395446487884,5.48125266430638,4.22324833371925e-08,4.49260670830526e-06,"ENSG00000248144","ADH1C","alcohol dehydrogenase 1C (class I), gamma polypeptide","Up"
1609.05641285262,-3.95855163985282,0.722516815921685,-5.47883668950052,4.28131283439856e-08,4.53268705938967e-06,"ENSG00000157601","MX1","MX dynamin like GTPase 1","Down"
2507.28539955448,2.51827483304716,0.459889974637295,5.47582024381652,4.35489598245309e-08,4.5887394491886e-06,"ENSG00000114023","FAM162A","family with sequence similarity 162 member A","Up"
592.346187571896,3.71163237069035,0.678131291329764,5.47332414555317,4.4167115585389e-08,4.63192207929224e-06,"ENSG00000184731","FAM110C","family with sequence similarity 110 member C","Up"
672.039284560581,3.78053261283393,0.691040051025933,5.47078654445754,4.48042665272385e-08,4.6766819610333e-06,"ENSG00000119125","GDA","guanine deaminase","Up"
1638.10963289965,-3.70405274852714,0.678686006320472,-5.45768251302076,4.82389202130611e-08,5.01166314531303e-06,"ENSG00000213626","LBH","LBH regulator of Wnt signaling pathway","Down"
623.911660361255,-7.02801816838535,1.28889067879657,-5.45276514447862,4.95925479599903e-08,5.12833078509053e-06,"ENSG00000133048","CHI3L1","chitinase 3 like 1","Down"
1319.68766033806,3.88830910295568,0.713224970668887,5.45172878525144,4.98824929209184e-08,5.1344327088462e-06,"ENSG00000160182","TFF1","trefoil factor 1","Up"
32.9048144649287,-3.87201184809399,0.711447857211603,-5.44243939853817,5.25558426651769e-08,5.38467304135888e-06,"ENSG00000029534","ANK1","ankyrin 1","Down"
1260.56571041753,-9.26954327784537,1.70883737337271,-5.42447363469713,5.81255685406755e-08,5.92800809800385e-06,"ENSG00000143546","S100A8","S100 calcium binding protein A8","Down"
465935.218538703,2.18625392297263,0.403558488126395,5.41744006704647,6.0458405707548e-08,6.13777047532381e-06,"ENSG00000210082",NA,NA,"Up"
8655.82351569919,5.50122810230454,1.01675788526272,5.4105585823739,6.28284654115336e-08,6.34938759770285e-06,"ENSG00000176387","HSD11B2","hydroxysteroid 11-beta dehydrogenase 2","Up"
705.539466640952,-6.75563194751339,1.24903239248614,-5.40869235109798,6.3486577837955e-08,6.38686463833147e-06,"ENSG00000126262","FFAR2","free fatty acid receptor 2","Down"
1449.96682012706,-6.06944993818927,1.12424806527416,-5.39867501280438,6.71348579800704e-08,6.723465303923e-06,"ENSG00000197405","C5AR1","complement C5a receptor 1","Down"
670.585184887427,4.83016498566565,0.894871744894025,5.39760587282556,6.75360219601265e-08,6.73331110421297e-06,"ENSG00000156298","TSPAN7","tetraspanin 7","Up"
58.7719067902981,6.0455850361763,1.12038374342262,5.39599496303637,6.81448581538823e-08,6.76368138988958e-06,"ENSG00000184313","MROH7","maestro heat like repeat family member 7","Up"
99.6930230887197,5.94952696465206,1.10309918017112,5.39346513133038,6.91117422399812e-08,6.82916162320668e-06,"ENSG00000224961",NA,NA,"Up"
3618.56154874619,2.66417464789274,0.494601794900675,5.38650420471634,7.18412494358342e-08,7.06746238365886e-06,"ENSG00000163694","RBM47","RNA binding motif protein 47","Up"
213.796594414959,3.45680767527665,0.642242857507221,5.38239956251718,7.34993892652422e-08,7.19873093186841e-06,"ENSG00000151632","AKR1C2","aldo-keto reductase family 1 member C2","Up"
204.071199358114,3.5447622944556,0.659091543085699,5.37825485949937,7.52112995944844e-08,7.33409133282532e-06,"ENSG00000152503","TRIM36","tripartite motif containing 36","Up"
1101.84314151075,3.73911918102979,0.696635449480076,5.36739722880946,7.98809973853645e-08,7.75543325270223e-06,"ENSG00000006555","TTC22","tetratricopeptide repeat domain 22","Up"
622.606722305802,4.81563617286133,0.898672328432417,5.3586118327037,8.38638189162175e-08,8.10671428680114e-06,"ENSG00000223572","CKMT1B","creatine kinase, mitochondrial 1B","Up"
1517.84008762035,10.5553432289182,1.97107842963534,5.35511072021167,8.55040428147118e-08,8.22948651038739e-06,"ENSG00000039987","BEST2","bestrophin 2","Up"
4065.83357913813,-7.49839921871192,1.40477297933606,-5.33780143055992,9.40804114309193e-08,9.01590425579151e-06,"ENSG00000136689","IL1RN","interleukin 1 receptor antagonist","Down"
1371.69673593074,2.74821694573281,0.515189947787408,5.33437610251443,9.58736230647976e-08,9.14831871931178e-06,"ENSG00000234771",NA,NA,"Up"
12730.1124326516,4.72363859794326,0.885993738506945,5.33145821764318,9.74272392186788e-08,9.18711883261774e-06,"ENSG00000204385","SLC44A4","solute carrier family 44 member 4","Up"
329.637102051013,4.70528345205078,0.882705828187654,5.33052269713856,9.79304925281278e-08,9.18711883261774e-06,"ENSG00000261183","SPINT1-AS1","SPINT1 antisense RNA 1","Up"
187.744937595926,5.19487986389986,0.974213056699459,5.33238579402704,9.69307314172728e-08,9.18711883261774e-06,"ENSG00000291051",NA,NA,"Up"
2724.84886715201,5.10220225599744,0.957168221167446,5.33051781616229,9.79331247843478e-08,9.18711883261774e-06,"ENSG00000064787","BCAS1","brain enriched myelin associated protein 1","Up"
8194.27506205885,4.79087298827361,0.899115057366306,5.32843149385916,9.90645487414748e-08,9.25421055533281e-06,"ENSG00000128311","TST","thiosulfate sulfurtransferase","Up"
234.593285605055,2.92067456658067,0.54915856166262,5.31845403217989,1.04652651853333e-07,9.73532388558639e-06,"ENSG00000105609","LILRB5","leukocyte immunoglobulin like receptor B5","Up"
3395.73349874014,4.47594334377258,0.841993032380262,5.31589119107004,1.0613656234857e-07,9.83222579456567e-06,"ENSG00000140297","GCNT3","glucosaminyl (N-acetyl) transferase 3, mucin type","Up"
645.73466613518,-3.46189771511162,0.651898634624233,-5.31048468464292,1.0933407259801e-07,1.00864084484296e-05,"ENSG00000184014","DENND5A","DENN domain containing 5A","Down"
77.5682030574773,4.28161199155835,0.80653962863366,5.30861948942512,1.10458661092934e-07,1.01480471573521e-05,"ENSG00000286158",NA,NA,"Up"
231.66941545306,-4.41166142951737,0.831344851105782,-5.30665634561802,1.11654395553747e-07,1.02156879685039e-05,"ENSG00000127507","ADGRE2","adhesion G protein-coupled receptor E2","Down"
1319.28446629505,3.58073189784005,0.675437725983531,5.30135016166887,1.14949370951597e-07,1.04334015164825e-05,"ENSG00000188761","BCL2L15","BCL2 like 15","Up"
87.3908076195434,9.32715754673504,1.75940502831592,5.30131345348199,1.1497249006154e-07,1.04334015164825e-05,"ENSG00000178473","UCN3","urocortin 3","Up"
33.9284724772353,8.99176519064446,1.69798530187832,5.2955494848499,1.18659054220889e-07,1.06807560829677e-05,"ENSG00000169347","GP2","glycoprotein 2","Up"
775.088287044912,7.73527631181963,1.46069053319864,5.29562979701171,1.18606910412149e-07,1.06807560829677e-05,"ENSG00000184809","B3GALT5-AS1","B3GALT5 antisense RNA 1","Up"
3458.1676426627,7.13119497393397,1.34808032279306,5.28988877989036,1.22390761332971e-07,1.0972233051274e-05,"ENSG00000137634","NXPE4","neurexophilin and PC-esterase domain family member 4","Up"
75.1924010551388,7.72292536104145,1.46073526206233,5.28701234345357,1.243302531918e-07,1.11013434506558e-05,"ENSG00000275718","CCL15","C-C motif chemokine ligand 15","Up"
1439.60379282199,4.22447774611849,0.799807860351349,5.28186575243547,1.27874889112554e-07,1.13721696385577e-05,"ENSG00000151882","CCL28","C-C motif chemokine ligand 28","Up"
4104.5943129872,4.45161175645094,0.843076855543825,5.28019684940756,1.29045169147511e-07,1.13851636732405e-05,"ENSG00000176058","TPRN","taperin","Up"
49.018329656307,5.54828818444459,1.05067079455653,5.28071039300796,1.28683959253979e-07,1.13851636732405e-05,"ENSG00000232070","TMEM253","transmembrane protein 253","Up"
350.709669150054,-8.16346288759916,1.54664518198768,-5.2781743238018,1.30477310232141e-07,1.14660159620205e-05,"ENSG00000122641","INHBA","inhibin subunit beta A","Down"
1241.9576496674,3.50409829809606,0.664429721208563,5.27384339719525,1.33595918850735e-07,1.16938506449149e-05,"ENSG00000177943","MAMDC4","MAM domain containing 4","Up"
95.1099853842516,7.00324164412533,1.328676306207,5.27084107047685,1.35800021612907e-07,1.18401642373324e-05,"ENSG00000143867","OSR1","odd-skipped related transcription factor 1","Up"
67.5451059010254,6.13735276634936,1.16463912911152,5.26974632136174,1.36612430053351e-07,1.18644693647506e-05,"ENSG00000271420",NA,NA,"Up"
2503.90671924604,4.45226118613495,0.845871117240772,5.26352194251318,1.41321632119286e-07,1.21783094841398e-05,"ENSG00000204219","TCEA3","transcription elongation factor A3","Up"
869.177384173727,2.2566635513092,0.428732806608312,5.26356629706406,1.41287525680972e-07,1.21783094841398e-05,"ENSG00000167130","DOLPP1","dolichyldiphosphatase 1","Up"
656.724368961969,-9.44338038818517,1.79442592824069,-5.2626192252158,1.42017509564573e-07,1.21910242862902e-05,"ENSG00000108244","KRT23","keratin 23","Down"
315.263876021311,-3.82645561546631,0.727733926956003,-5.25804208616709,1.45597203573978e-07,1.24095805949986e-05,"ENSG00000034053","APBA2","amyloid beta precursor protein binding family A member 2","Down"
14718.454682811,14.0360752179757,2.66950201383375,5.2579376772292,1.45679869351624e-07,1.24095805949986e-05,"ENSG00000103375","AQP8","aquaporin 8","Up"
507.911351988512,-4.69815941646023,0.893765279074465,-5.25659200067091,1.46749380128171e-07,1.24529731617925e-05,"ENSG00000000938","FGR","FGR proto-oncogene, Src family tyrosine kinase","Down"
450.743787975767,-2.37430829788531,0.451766664518157,-5.25560756107953,1.47536594312073e-07,1.2472171487986e-05,"ENSG00000131634","TMEM204","transmembrane protein 204","Down"
587.017434410664,-2.64923093185328,0.504439377757513,-5.25183213021641,1.50593684082706e-07,1.26823840083743e-05,"ENSG00000090924","PLEKHG2","pleckstrin homology and RhoGEF domain containing G2","Down"
66.0775836477458,5.52639198471548,1.05257084371742,5.2503753240947,1.51789612533675e-07,1.26869866746661e-05,"ENSG00000289390",NA,NA,"Up"
99.8578653529036,10.0587919649477,1.91572234884118,5.25065230409418,1.5156152786046e-07,1.26869866746661e-05,"ENSG00000258700","LINC00871","long intergenic non-protein coding RNA 871","Up"
5754.57273046646,3.50209187550898,0.668262610428627,5.24059227743226,1.60062021393842e-07,1.33283105679748e-05,"ENSG00000143167","GPA33","glycoprotein A33","Up"
143.026021766466,5.67421647812129,1.08336958327615,5.23756303085624,1.62710739841414e-07,1.34481333787887e-05,"ENSG00000293503",NA,NA,"Up"
121.342721808752,8.45786309305749,1.61471254100742,5.23799925885298,1.62326714405718e-07,1.34481333787887e-05,"ENSG00000036565","SLC18A1","solute carrier family 18 member A1","Up"
4867.91865986601,2.82255485270874,0.539310819784302,5.23363290548784,1.66210395172035e-07,1.36865026513328e-05,"ENSG00000075142","SRI","sorcin","Up"
470.672591928408,7.0161153442559,1.34164845149684,5.2294737391365,1.6999324552578e-07,1.39463462279508e-05,"ENSG00000173237","C11orf86","chromosome 11 open reading frame 86","Up"
2212.74188621302,-6.08638963009846,1.1647533940061,-5.22547490431833,1.73708680945244e-07,1.41467586207165e-05,"ENSG00000119535","CSF3R","colony stimulating factor 3 receptor","Down"
7385.57893204216,3.85489488886615,0.73769927487559,5.2255641562292,1.73624904250415e-07,1.41467586207165e-05,"ENSG00000169692","AGPAT2","1-acylglycerol-3-phosphate O-acyltransferase 2","Up"
2431.41997784939,3.62904828238832,0.69511371757227,5.2207979653502,1.78153814341154e-07,1.4455816621339e-05,"ENSG00000110628","SLC67A1","solute carrier family 67 member 1","Up"
78.838408380121,6.2404258750983,1.19646920353576,5.21570121208039,1.83123153841791e-07,1.48050075613256e-05,"ENSG00000259459",NA,NA,"Up"
31308.3256886102,8.86350505231632,1.70189880173809,5.20800945582919,1.90877200279745e-07,1.52553449569734e-05,"ENSG00000016490","CLCA1","chloride channel accessory 1","Up"
2511.39376535739,3.19956080711404,0.614340759791032,5.20812066613058,1.9076286085954e-07,1.52553449569734e-05,"ENSG00000006453","BAIAP2L1","BAR/IMD domain containing adaptor protein 2 like 1","Up"
214.844776247138,-3.1310240906292,0.601256875494022,-5.20746492596297,1.91438008500679e-07,1.52553449569734e-05,"ENSG00000123342","MMP19","matrix metallopeptidase 19","Down"
565.49722072419,3.59738217426405,0.690744051779698,5.20798140062939,1.90906055329339e-07,1.52553449569734e-05,"ENSG00000185561","TLCD2","TLC domain containing 2","Up"
357.035544492111,3.53486632438495,0.6803424638916,5.1957161459029,2.03933231614875e-07,1.61930269231912e-05,"ENSG00000224093",NA,NA,"Up"
105.95720259628,-3.7574289138383,0.724789480581299,-5.18416590542229,2.16983721858566e-07,1.71679682849875e-05,"ENSG00000049768","FOXP3","forkhead box P3","Down"
51.7975611139254,5.74889348250216,1.10944059783297,5.1817947655163,2.19760950385541e-07,1.73260468436941e-05,"ENSG00000293444","MROH3P","maestro heat like repeat family member 3, pseudogene","Up"
1048.81663511967,-5.02154366691549,0.972336769409705,-5.16440787276204,2.41201236219196e-07,1.89492123139979e-05,"ENSG00000116701","NCF2","neutrophil cytosolic factor 2","Down"
157.538590187882,-6.14957373953127,1.19173988385036,-5.16016441411927,2.46733062388361e-07,1.93155499157762e-05,"ENSG00000203710","CR1","complement C3b/C4b receptor 1 (Knops blood group)","Down"
2102.39181832017,-5.66023735432028,1.09724328783346,-5.15859829545788,2.48805476592131e-07,1.93975397325423e-05,"ENSG00000151726","ACSL1","acyl-CoA synthetase long chain family member 1","Down"
2884.1945126616,1.81102444743072,0.35112545363457,5.15777033161351,2.49907889619807e-07,1.93975397325423e-05,"ENSG00000134291","TMEM106C","transmembrane protein 106C","Up"
10971.8872714094,3.83367474322119,0.743334261208955,5.15740353066214,2.50397782721164e-07,1.93975397325423e-05,"ENSG00000181885","CLDN7","claudin 7","Up"
1243.6247173625,-2.38993623721378,0.463539673318277,-5.15583967194281,2.5249687488577e-07,1.94247855340323e-05,"ENSG00000071054","MAP4K4","mitogen-activated protein kinase kinase kinase kinase 4","Down"
1327.54486353163,2.7999548216219,0.543025359653841,5.15621374185318,2.51993237589159e-07,1.94247855340323e-05,"ENSG00000171219","CDC42BPG","CDC42 binding protein kinase gamma","Up"
64.9390557499871,7.19101627152768,1.39540575556348,5.15335144839207,2.55871779729633e-07,1.96165423404446e-05,"ENSG00000270403","LOC105369515","uncharacterized LOC105369515","Up"
266.236903524876,7.37113800272217,1.43076313036866,5.15189261329573,2.57870691289947e-07,1.9701852506699e-05,"ENSG00000307451",NA,NA,"Up"
162.909436599358,3.75556906329647,0.729293214771957,5.14960099343692,2.61041185268344e-07,1.98079476862495e-05,"ENSG00000104140","RHOV","ras homolog family member V","Up"
40.8652248050308,9.58145881121521,1.86041785867698,5.15016493016735,2.60257494630031e-07,1.98079476862495e-05,"ENSG00000207296","RNU6-140P","RNA, U6 small nuclear 140, pseudogene","Up"
2143.1049659547,2.66973105789024,0.518675766294902,5.14720608013198,2.64394813600359e-07,1.99941833019619e-05,"ENSG00000158158","CNNM4","cyclin and CBS domain divalent metal cation transport mediator 4","Up"
419.051259383134,-3.11520754107285,0.605528633125992,-5.144608150057,2.68079779807466e-07,2.020412794732e-05,"ENSG00000249859","PVT1","Pvt1 oncogene","Down"
1114.34563304991,4.3556700195585,0.847004666097806,5.1424392260143,2.71194182687124e-07,2.03697981881176e-05,"ENSG00000253958","CLDN23","claudin 23","Up"
634.386334017099,-5.47568565242227,1.0662221737891,-5.13559536373456,2.81252215986556e-07,2.10541431583471e-05,"ENSG00000163563","MNDA","myeloid cell nuclear differentiation antigen","Down"
552.898399449773,-3.58197597315995,0.697684880568744,-5.13408857339716,2.83514562077322e-07,2.11522793914936e-05,"ENSG00000071575","TRIB2","tribbles pseudokinase 2","Down"
40.2609596715821,-5.00048964872864,0.974314683790062,-5.13231477665599,2.86200325754724e-07,2.12812436204173e-05,"ENSG00000079215","SLC1A3","solute carrier family 1 member 3","Down"
85.4806913441589,-10.9500222934125,2.13526914050189,-5.12816959965932,2.9257281625591e-07,2.1610536291753e-05,"ENSG00000151948","GLT1D1","glycosyltransferase 1 domain containing 1","Down"
54.4431053018146,-10.3355847510647,2.01521810607808,-5.12876731302264,2.91645553900018e-07,2.1610536291753e-05,"ENSG00000183019","MCEMP1","mast cell expressed membrane protein 1","Down"
69.8621522964899,10.7523882495023,2.09717014395645,5.12709389864633,2.94248781562088e-07,2.16623614585096e-05,"ENSG00000182938","OTOP3","otopetrin 3","Up"
1472.52458977468,-5.62325319926094,1.09698863215648,-5.12608156039564,2.95834491417674e-07,2.17072219395681e-05,"ENSG00000119922","IFIT2","interferon induced protein with tetratricopeptide repeats 2","Down"
516.636709465919,7.84908685273316,1.53229825370414,5.12242759120752,3.0162693827757e-07,2.20594464431751e-05,"ENSG00000007216","SLC13A2","solute carrier family 13 member 2","Up"
333.784600457836,-3.18202458379529,0.621368357533803,-5.12099553383226,3.03926845607542e-07,2.21547723225983e-05,"ENSG00000102760","RGCC","regulator of cell cycle","Down"
40.1264645495199,6.07025406223559,1.18579924654087,5.11912457352568,3.06957162619231e-07,2.23025444330502e-05,"ENSG00000286015",NA,NA,"Up"
1401.51116075152,1.72805927536272,0.337611036091485,5.11849166830688,3.07988840755743e-07,2.23046120407897e-05,"ENSG00000120053","GOT1","glutamic-oxaloacetic transaminase 1","Up"
256.655934035299,7.09831708898387,1.39165073990397,5.10064550353611,3.38497038373967e-07,2.4434430695352e-05,"ENSG00000141338","ABCA8","ATP binding cassette subfamily A member 8","Up"
432.175239111831,4.33348393728539,0.849719150126855,5.0999014634876,3.39830348360254e-07,2.44512884630858e-05,"ENSG00000214274","ANG","angiogenin","Up"
212.947027476815,4.90338019874265,0.963047440420997,5.09152508270946,3.55194872812461e-07,2.54743471201273e-05,"ENSG00000305491","LOC124904487","uncharacterized LOC124904487","Up"
56.5817838571826,9.9589328062412,1.95719111753685,5.08838034109547,3.61134532814639e-07,2.58170548812472e-05,"ENSG00000267466",NA,NA,"Up"
595.762271483908,-5.27523783173184,1.03872993257445,-5.07854608431026,3.80334183204115e-07,2.7102467612747e-05,"ENSG00000118785","SPP1","secreted phosphoprotein 1","Down"
111.219211319685,-9.93557507007174,1.95676972904161,-5.07753923346822,3.82354570272763e-07,2.71593902903334e-05,"ENSG00000186407","CD300E","CD300e molecule","Down"
171.475389749483,7.0852438608517,1.3968932322026,5.0721441678687,3.93358196118422e-07,2.78315961969947e-05,"ENSG00000294235",NA,NA,"Up"
694.99365680166,-3.67295305935377,0.724208538760358,-5.0716787538032,3.943216301018e-07,2.78315961969947e-05,"ENSG00000166750","SLFN5","schlafen family member 5","Down"
71.8708761821023,5.66513317564291,1.11800379262308,5.06718600869078,4.03739712892799e-07,2.84061551795747e-05,"ENSG00000244383","FAM3D-AS1","FAM3D antisense RNA 1","Up"
141.951702311547,4.65488516115804,0.918817180297964,5.06617122641144,4.05896842049395e-07,2.84678375056284e-05,"ENSG00000185156","MFSD6L","major facilitator superfamily domain containing 6 like","Up"
167.753982965312,-5.47783066678574,1.08169318884904,-5.06412606019491,4.10278105661046e-07,2.86846324627737e-05,"ENSG00000268500","SIGLEC5","sialic acid binding Ig like lectin 5","Down"
1256.11753722509,-4.72223780409067,0.932746631631218,-5.06272297744165,4.1331021667099e-07,2.88060377656618e-05,"ENSG00000140678","ITGAX","integrin subunit alpha X","Down"
185.083418325281,8.25760158329991,1.63139726136318,5.06167429532151,4.15590562404114e-07,2.88744530435333e-05,"ENSG00000104059","ENTREP2","endosomal transmembrane epsin interactor 2","Up"
5332.02275818551,3.91422803425998,0.773458602079268,5.06068201160019,4.17759444477976e-07,2.89347218974418e-05,"ENSG00000111319","SCNN1A","sodium channel epithelial 1 subunit alpha","Up"
692.345450846867,3.3483685348754,0.662344706430662,5.05532618041075,4.29655796246272e-07,2.9666264962557e-05,"ENSG00000179674","ARL14","ARF like GTPase 14","Up"
116.523757154473,-7.71939826899553,1.52763207747226,-5.05317895770338,4.34516409665222e-07,2.99089886566157e-05,"ENSG00000115008","IL1A","interleukin 1 alpha","Down"
308.316586851162,-6.62241084208175,1.31085023900115,-5.05199651725886,4.37215675135303e-07,3.0001901559516e-05,"ENSG00000175592","FOSL1","FOS like 1, AP-1 transcription factor subunit","Down"
391.5969795336,2.7106239731507,0.537001188607363,5.04770572329704,4.47147176093021e-07,3.03410215780439e-05,"ENSG00000113790","EHHADH","enoyl-CoA hydratase and 3-hydroxyacyl CoA dehydrogenase","Up"
2805.53086380714,4.07655279553402,0.807431062029883,5.04879362119853,4.44608721825842e-07,3.03410215780439e-05,"ENSG00000010438","PRSS3","serine protease 3","Up"
181.611926306071,-5.56109757458434,1.10169789153521,-5.04775185403593,4.47039253335786e-07,3.03410215780439e-05,"ENSG00000085265","FCN1","ficolin 1","Down"
312.303727524278,-8.52405750968615,1.68896111603662,-5.04692347784123,4.48981068644647e-07,3.03410215780439e-05,"ENSG00000167767","KRT80","keratin 80","Down"
200.374696509649,-2.22999498153601,0.441805233640528,-5.04746166803092,4.47718561176286e-07,3.03410215780439e-05,"ENSG00000167447","SMG8","SMG8 nonsense mediated mRNA decay factor","Down"
48.739468171826,6.30422192768478,1.24953218327706,5.0452657498994,4.52891448564293e-07,3.05125320482725e-05,"ENSG00000162391","FAM151A","family with sequence similarity 151 member A","Up"
38563.9089705354,6.00823247815345,1.19136034591683,5.04316976701932,4.57882666128778e-07,3.07556051844142e-05,"ENSG00000233041","PHGR1","proline, histidine and glycine rich 1","Up"
330.248075778343,-4.8708610387429,0.966678473114926,-5.03876022298039,4.68557043523361e-07,3.13777974357075e-05,"ENSG00000137959","IFI44L","interferon induced protein 44 like","Down"
95.142638826787,3.62213256705776,0.719823870196228,5.03197062091085,4.85463673535083e-07,3.24123539150315e-05,"ENSG00000173212","MAB21L3","mab-21 like 3","Up"
258.087397819861,-10.1158153609731,2.01183193185702,-5.02816124984936,4.95205380365466e-07,3.29637761127707e-05,"ENSG00000157551","KCNJ15","potassium inwardly rectifying channel subfamily J member 15","Down"
128.766142377335,-10.0325174941899,1.99591138079114,-5.02653453993192,4.99422565910299e-07,3.31452594265185e-05,"ENSG00000166523","CLEC4E","C-type lectin domain family 4 member E","Down"
1975.51972562944,2.43566991653321,0.484799241804323,5.02407946734435,5.05852899287431e-07,3.34721056840996e-05,"ENSG00000215193","PEX26","peroxisomal biogenesis factor 26","Up"
2772.2682620187,3.15340531537491,0.629015172024502,5.01324205777992,5.35204985924523e-07,3.53092357627891e-05,"ENSG00000110013","SIAE","sialic acid acetylesterase","Up"
6501.45567212239,7.08277649421561,1.41310789639792,5.01219794487734,5.38118054512727e-07,3.53963867040871e-05,"ENSG00000167434","CA4","carbonic anhydrase 4","Up"
97.2109786171785,4.81412774358809,0.960942918143413,5.00979574612945,5.44878337643467e-07,3.57353394714667e-05,"ENSG00000210195",NA,NA,"Up"
1597.92983378686,-2.31698661598349,0.46254591059451,-5.00920354696351,5.46557447710913e-07,3.57400345145786e-05,"ENSG00000173193","PARP14","poly(ADP-ribose) polymerase family member 14","Down"
276.478084249901,5.04874752335176,1.00852110091913,5.00609012419325,5.55467572125762e-07,3.62161599151674e-05,"ENSG00000167964","RAB26","RAB26, member RAS oncogene family","Up"
74.3848495890921,4.28526995505482,0.85616098148998,5.00521519632576,5.57996579445136e-07,3.62746723707711e-05,"ENSG00000293541",NA,NA,"Up"
50.2987418584415,4.7130677672789,0.943231968866932,4.99672182754846,5.83130894771535e-07,3.77981025756721e-05,"ENSG00000227959",NA,NA,"Up"
8076.67948894903,4.05474235846494,0.811687201850626,4.99544941600684,5.86989088018799e-07,3.79302533083131e-05,"ENSG00000166145","SPINT1","serine peptidase inhibitor, Kunitz type 1","Up"
90.4307647501927,3.7971214205834,0.760195651038923,4.99492652371012,5.88581720477129e-07,3.79302533083131e-05,"ENSG00000225335",NA,NA,"Up"
3015.31122135143,1.87670598606177,0.375841676885626,4.99334188164789,5.93433725598829e-07,3.81324046856611e-05,"ENSG00000163541","SUCLG1","succinate-CoA ligase GDP/ADP-forming subunit alpha","Up"
250.343852710762,4.33504643117923,0.868359967627683,4.99222280251169,5.9688343102438e-07,3.81896350334911e-05,"ENSG00000249096",NA,NA,"Up"
10996.5206618417,12.5882966997251,2.52172460601761,4.99193951222333,5.9775977113547e-07,3.81896350334911e-05,"ENSG00000133742","CA1","carbonic anhydrase 1","Up"
716.83204464056,-5.49837541856672,1.1019432748354,-4.98970822194818,6.04705609930156e-07,3.85226929099632e-05,"ENSG00000176788","BASP1","brain abundant membrane attached signal protein 1","Down"
5332.94300151015,-7.37633184213446,1.47900659570305,-4.98735560988362,6.12113351439876e-07,3.88831889787508e-05,"ENSG00000163220","S100A9","S100 calcium binding protein A9","Down"
194.471333442383,5.80390392707368,1.16389567376182,4.98661869608546,6.14451629897202e-07,3.89205216168219e-05,"ENSG00000178462","TUBAL3","tubulin alpha like 3","Up"
74.3919053630665,9.13947056327898,1.83321841251162,4.98547827193016,6.18087254822608e-07,3.90395850467927e-05,"ENSG00000239205","LINC02023","long intergenic non-protein coding RNA 2023","Up"
794.721611819814,-6.35387931573167,1.27497095319641,-4.98354829167065,6.24287236597708e-07,3.93194847911525e-05,"ENSG00000232810","TNF","tumor necrosis factor","Down"
3786.31228419917,2.36610721594851,0.475028121509727,4.98098345931306,6.32619475758947e-07,3.96431620171605e-05,"ENSG00000138449","SLC40A1","solute carrier family 40 member 1","Up"
141.361379706913,-6.49072237436545,1.30321668250574,-4.98053966120625,6.34072055353081e-07,3.96431620171605e-05,"ENSG00000112195","TREML2","triggering receptor expressed on myeloid cells like 2","Down"
116.728430432927,5.0355241482865,1.01108342946402,4.9803250667018,6.34775589354075e-07,3.96431620171605e-05,"ENSG00000139874","SSTR1","somatostatin receptor 1","Up"
1136.96281239881,-5.44385806682931,1.0933415356506,-4.97910112194712,6.38802616761781e-07,3.97829091833744e-05,"ENSG00000143226","FCGR2A","Fc gamma receptor IIa","Down"
957.70639127168,1.87471280291914,0.377003206483774,4.97267071122331,6.60367758993448e-07,4.10110513567076e-05,"ENSG00000186951","PPARA","peroxisome proliferator activated receptor alpha","Up"
3316.50436747918,3.27328073113769,0.658572392598327,4.97026715350656,6.68607123870109e-07,4.12969120642097e-05,"ENSG00000136059","VILL","villin like","Up"
294.973725162109,-8.26794644636377,1.66348891809497,-4.97024438000598,6.68685662893694e-07,4.12969120642097e-05,"ENSG00000186340","THBS2","thrombospondin 2","Down"
813.887380796514,5.07990943098896,1.0222560494821,4.9693121733665,6.71908207284524e-07,4.13809838574981e-05,"ENSG00000115616","SLC9A2","solute carrier family 9 member A2","Up"
2850.94633580179,-5.35225981526531,1.07725379816337,-4.96842974644459,6.74972452758497e-07,4.14548689010488e-05,"ENSG00000170525","PFKFB3","6-phosphofructo-2-kinase/fructose-2,6-biphosphatase 3","Down"
269.105957980808,5.30805700777467,1.068574980376,4.96741651756333,6.7850751971172e-07,4.15571837073021e-05,"ENSG00000187699","AKAP19","A-kinase anchoring protein 19","Up"
64.587247674132,9.85004916152139,1.98534114725498,4.9613887140457,6.9990966195378e-07,4.27502514126879e-05,"ENSG00000259087",NA,NA,"Up"
732.550585473871,-8.95268147599976,1.80497650402871,-4.95999890082635,7.04935785113645e-07,4.29392803025525e-05,"ENSG00000106483","SFRP4","secreted frizzled related protein 4","Down"
668.063560734066,-5.02417386397042,1.01388072761915,-4.95538945273027,7.21855549603317e-07,4.38497662140179e-05,"ENSG00000170989","S1PR1","sphingosine-1-phosphate receptor 1","Down"
3073.66808496008,3.34742411473367,0.675889829596479,4.95261796842269,7.32216390337535e-07,4.43579482462518e-05,"ENSG00000136826","KLF4","KLF transcription factor 4","Up"
1849.08494426868,3.76696539796659,0.761443419608633,4.94713763486555,7.53127267388569e-07,4.55007568908969e-05,"ENSG00000170412","GPRC5C","G protein-coupled receptor class C group 5 member C","Up"
633.146727993607,-6.1830404282962,1.25014867855761,-4.94584406986699,7.58146298637452e-07,4.56798554406679e-05,"ENSG00000106366","SERPINE1","serpin family E member 1","Down"
328.932814542259,-3.22833438016429,0.653443372261078,-4.94049602032605,7.79240833773029e-07,4.68239498845291e-05,"ENSG00000095370","SH2D3C","SH2 domain containing 3C","Down"
6129.95289910137,4.16295321932491,0.842954273293124,4.93852792638648,7.87145073147574e-07,4.71714188983558e-05,"ENSG00000172831","CES2","carboxylesterase 2","Up"
1251.09590213722,-6.66215367062807,1.34959054922058,-4.9364258474362,7.95672701924894e-07,4.75390463567703e-05,"ENSG00000111913","RIPOR2","RHO family interacting cell polarization regulator 2","Down"
446.017577245647,-6.03897995024378,1.22346502468266,-4.93596451750647,7.97556078400365e-07,4.75390463567703e-05,"ENSG00000179388","EGR3","early growth response 3","Down"
111.695205414707,-23.6105213851352,4.78484931064444,-4.93443363673145,8.03836705049296e-07,4.7785298030377e-05,"ENSG00000256249",NA,NA,"Down"
737.244038826814,5.06375233389709,1.02921814787038,4.91999907344699,8.65446220651559e-07,5.13105755299896e-05,"ENSG00000100079","LGALS2","galectin 2","Up"
39.8990587152648,5.60939324069776,1.1406145096495,4.91786944076439,8.7491231114428e-07,5.17338441852946e-05,"ENSG00000259925",NA,NA,"Up"
69.8010246063939,4.57140469885062,0.929850472541581,4.91627937377447,8.82044993930863e-07,5.19021900416381e-05,"ENSG00000229953","BCAN-AS2","BCAN antisense RNA 2","Up"
75.5547012147104,5.75016736148176,1.16963794202141,4.91619428106453,8.8242827489494e-07,5.19021900416381e-05,"ENSG00000285128",NA,NA,"Up"
1067.01296376355,4.56425338702599,0.928946061577813,4.91336749872604,8.95252428571938e-07,5.25175389035354e-05,"ENSG00000253313","C1orf210","chromosome 1 open reading frame 210","Up"
39.3411406681173,9.28152884806064,1.8899661824912,4.91094969531491,9.06363402304327e-07,5.29500490918969e-05,"ENSG00000261829",NA,NA,"Up"
412.981230340212,3.01248372774199,0.613449510251396,4.91072806710279,9.07388508254068e-07,5.29500490918969e-05,"ENSG00000130958","SLC35D2","solute carrier family 35 member D2","Up"
709.85589692375,6.5212888269891,1.32951206251158,4.90502418960363,9.34158262115346e-07,5.43694781193992e-05,"ENSG00000090402","SI","sucrase-isomaltase","Up"
557.765481170087,2.28008415851988,0.465422096784703,4.89895983510773,9.63453347141714e-07,5.59280894699784e-05,"ENSG00000176595","KBTBD11","kelch repeat and BTB domain containing 11","Up"
575.872371887874,4.58242721235839,0.936868903308621,4.89121497807773,1.00215433971891e-06,5.80231704035693e-05,"ENSG00000165449","SLC16A9","solute carrier family 16 member 9","Up"
1401.08457086165,3.60308499429699,0.737961778261271,4.88248185805273,1.04758880130703e-06,6.04962125180761e-05,"ENSG00000162437","RAVER2","ribonucleoprotein, PTB binding 2","Up"
45.957375540037,-23.3502824507278,4.78515046760575,-4.8797383925131,1.06226651477336e-06,6.11849000594718e-05,"ENSG00000197172","MAGEA3","MAGE family member A3","Down"
534.707980768079,3.06409815490936,0.628840144117412,4.87261855588096,1.10128727577997e-06,6.32685271380262e-05,"ENSG00000121380","BCL2L14","BCL2 like 14","Up"
45.1095887927315,8.65464612228999,1.77803954208895,4.86752173808351,1.13006404853174e-06,6.47544175025935e-05,"ENSG00000305984",NA,NA,"Up"
66.0689349741309,9.88365197554283,2.03082305995139,4.86682083262311,1.13407753073484e-06,6.4817341236061e-05,"ENSG00000298198","LOC124903675","uncharacterized LOC124903675","Up"
52.4077773534959,8.81618527779507,1.81248423898938,4.86414451951918,1.14952901822219e-06,6.5531996569574e-05,"ENSG00000124939","SCGB2A1","secretoglobin family 2A member 1","Up"
50.507991213217,5.38138230773968,1.1071640613218,4.86051028545405,1.17083560277589e-06,6.65759282775352e-05,"ENSG00000225421",NA,NA,"Up"
171.085429614752,-10.4812160489893,2.15790781668232,-4.85711945985887,1.19105742810427e-06,6.75530096914346e-05,"ENSG00000110203","FOLR3","folate receptor gamma","Down"
833.001170380376,-3.63938528158085,0.750004106885258,-4.85248713729728,1.21922693918822e-06,6.89747392849155e-05,"ENSG00000185989","RASA3","RAS p21 protein activator 3","Down"
2246.5072401216,2.24415825406746,0.463231388133346,4.84457295329359,1.2688429082423e-06,7.15994527384543e-05,"ENSG00000161533","ACOX1","acyl-CoA oxidase 1","Up"
482.810237687801,-8.29070039149757,1.71155334427184,-4.84396260230193,1.27274898432792e-06,7.16380459963613e-05,"ENSG00000180871","CXCR2","C-X-C motif chemokine receptor 2","Down"
216.712878189033,4.68439008216374,0.967723907255485,4.84062659508838,1.29430372486833e-06,7.26673098863576e-05,"ENSG00000257524",NA,NA,"Up"
1102.55142533525,4.91800188893187,1.01647158937402,4.83830727818035,1.30949584409168e-06,7.33350657473305e-05,"ENSG00000171227","TMEM37","transmembrane protein 37","Up"
445.57757330473,4.42668165941371,0.915031518635014,4.83773680934745,1.31325875982846e-06,7.3361010068508e-05,"ENSG00000109819","PPARGC1A","PPARG coactivator 1 alpha","Up"
191.264558937728,-5.08031185604804,1.05111335000385,-4.83326736933691,1.34310207089818e-06,7.48400710332813e-05,"ENSG00000103313","MEFV","MEFV innate immunity regulator, pyrin","Down"
3775.77226490219,-5.93119303654889,1.22772391694749,-4.83104788843382,1.35816329436541e-06,7.53702963176372e-05,"ENSG00000121966","CXCR4","C-X-C motif chemokine receptor 4","Down"
72.6447591940074,5.84748646594219,1.21044243707215,4.83086703411211,1.35939768917251e-06,7.53702963176372e-05,"ENSG00000305441",NA,NA,"Up"
926.692298474314,2.69358951379902,0.557969197255917,4.82748783812091,1.38266129783013e-06,7.64694244643216e-05,"ENSG00000157184","CPT2","carnitine palmitoyltransferase 2","Up"
61.9808272948569,4.6374494185,0.961379913624427,4.82374278137006,1.40889086890285e-06,7.77267262737395e-05,"ENSG00000284606",NA,NA,"Up"
75.3776113631938,-23.0779603556842,4.78495095739662,-4.82302965300199,1.41393940612139e-06,7.78121653868732e-05,"ENSG00000261780","LINC02582","long intergenic non-protein coding RNA 2582","Down"
531.218666627551,2.96466458094208,0.614988900431516,4.82067981854938,1.43069827591433e-06,7.83862222607441e-05,"ENSG00000169435","RASSF6","Ras association domain family member 6","Up"
221.97138343392,7.16873324745538,1.48711043762726,4.82057893352787,1.4314220410139e-06,7.83862222607441e-05,"ENSG00000166959","MS4A8","membrane spanning 4-domains A8","Up"
82.2621246882834,-3.63422730078453,0.7550831160169,-4.81301624111959,1.48669201967952e-06,8.12128345787093e-05,"ENSG00000150337","FCGR1A","Fc gamma receptor Ia","Down"
943.471620293061,-5.58923792276785,1.16228371036828,-4.80884131207245,1.51807654053051e-06,8.25368939581857e-05,"ENSG00000275302","CCL4","C-C motif chemokine ligand 4","Down"
915.411265510219,-4.39920431145633,0.914822841461064,-4.80880462541836,1.51835513106184e-06,8.25368939581857e-05,"ENSG00000183486","MX2","MX dynamin like GTPase 2","Down"
1449.67124428161,3.09738879894358,0.645244241727032,4.80033543678475,1.58400091143276e-06,8.56338249358239e-05,"ENSG00000117595","IRF6","interferon regulatory factor 6","Up"
59.9193333658771,9.80805168977428,2.04335620025974,4.79997158034782,1.58688147679393e-06,8.56338249358239e-05,"ENSG00000170419","VSTM2A","V-set and transmembrane domain containing 2A","Up"
72.1296884658891,-5.82714497964148,1.21384732714654,-4.80055839752078,1.58223826849101e-06,8.56338249358239e-05,"ENSG00000180730","SHISA2","shisa family member 2","Down"
319.865836341954,7.24569772053735,1.51004748593188,4.79832441564968,1.59998480668005e-06,8.59238217558394e-05,"ENSG00000109182","CWH43","cell wall biogenesis 43 C-terminal homolog","Up"
540.620640120934,-6.23454816013158,1.29930057447255,-4.79838790394015,1.59947783062304e-06,8.59238217558394e-05,"ENSG00000229644","NAMPTP1","nicotinamide phosphoribosyltransferase pseudogene 1","Down"
749.821844705828,2.86782844954219,0.597745134474327,4.79774453047491,1.60462254558238e-06,8.59652362793568e-05,"ENSG00000197375","SLC22A5","solute carrier family 22 member 5","Up"
1065.30518116871,5.01915252508698,1.04752069958387,4.79145903950237,1.65572825491096e-06,8.84899189697968e-05,"ENSG00000085552","IGSF9","immunoglobulin superfamily member 9","Up"
930.086556293119,2.92412329227166,0.61040501231813,4.79046409066456,1.66396001446442e-06,8.87166019222719e-05,"ENSG00000135678","CPM","carboxypeptidase M","Up"
6320.11965106052,2.72238658486292,0.569010700399962,4.78442071994312,1.71481164014955e-06,9.09914252874583e-05,"ENSG00000117592","PRDX6","peroxiredoxin 6","Up"
71.7360291685744,8.57631292107527,1.7924019840415,4.78481557007509,1.71144409191766e-06,9.09914252874583e-05,"ENSG00000256802","LCIIAR","lung cancer immune cell infiltration associated lncRNA","Up"
10643.0784277973,4.75185867815498,0.994777956495981,4.77680335307489,1.78103790100728e-06,9.42805134597496e-05,"ENSG00000121900","TMEM54","transmembrane protein 54","Up"
11160.7864464669,6.55307245288362,1.37237681979672,4.77498042691676,1.79724733700642e-06,9.4687677828587e-05,"ENSG00000117983","MUC5B","mucin 5B, oligomeric mucus/gel-forming","Up"
915.567284494611,4.83747669854441,1.01307645297031,4.77503616273091,1.79674964072032e-06,9.4687677828587e-05,"ENSG00000184828","ZBTB7C","zinc finger and BTB domain containing 7C","Up"
5833.21285346037,-5.26093499739447,1.10223285438172,-4.77297966258272,1.81520127325739e-06,9.54074938731241e-05,"ENSG00000122862","SRGN","serglycin","Down"
253.888422875844,3.5698734999576,0.748277141815551,4.7707905272851,1.83504298742069e-06,9.60583177780329e-05,"ENSG00000151090","THRB","thyroid hormone receptor beta","Up"
138.678734096706,4.84686344886143,1.0159731722329,4.77066086125978,1.83622475849701e-06,9.60583177780329e-05,"ENSG00000303104",NA,NA,"Up"
2586.18991476357,4.06134297487473,0.852039139692477,4.7666155058799,1.87346345202906e-06,9.77763214294884e-05,"ENSG00000128298","BAIAP2L2","BAR/IMD domain containing adaptor protein 2 like 2","Up"
516.493430583919,-5.31915283577472,1.11643647580151,-4.76440258901072,1.8941399334278e-06,9.86239183604223e-05,"ENSG00000162551","ALPL","alkaline phosphatase, biomineralization associated","Down"
42.3260848634423,4.45658404993155,0.936403890936415,4.75925409224316,1.9430969819927e-06,0.000100936624300569,"ENSG00000291083","CYP2B7P","cytochrome P450 family 2 subfamily B member 7, pseudogene","Up"
537.993361422377,-2.61328923086305,0.549515539653895,-4.75562389465637,1.97834485806759e-06,0.000102528068133839,"ENSG00000108691","CCL2","C-C motif chemokine ligand 2","Down"
409.501133649311,-3.69375798051113,0.77714463371592,-4.75298653591599,2.00433700277061e-06,0.000103633545540928,"ENSG00000137965","IFI44","interferon induced protein 44","Down"
51480.7122415936,4.7711279830662,1.00425016085754,4.75093574193914,2.02477473227564e-06,0.000104447370354256,"ENSG00000171747","LGALS4","galectin 4","Up"
164.997130661549,-3.88304920695507,0.817425731219456,-4.75033884871992,2.03076074254959e-06,0.000104513665715521,"ENSG00000143333","RGS16","regulator of G protein signaling 16","Down"
57.5844808905839,4.04750491282398,0.852264531689959,4.74911809928094,2.04305614268942e-06,0.000104903619446683,"ENSG00000293517",NA,NA,"Up"
164.279121473631,5.24868736959168,1.1065864589294,4.74313355927895,2.10437427597341e-06,0.000107555294891303,"ENSG00000288047",NA,NA,"Up"
479.442888921616,-8.39461246043195,1.76983978273074,-4.74314824558845,2.10422165735362e-06,0.000107555294891303,"ENSG00000173391","OLR1","oxidized low density lipoprotein receptor 1","Down"
39.0802585399794,9.35591311090117,1.97589153979975,4.73503374170496,2.19018658702182e-06,0.000111428875032623,"ENSG00000273971",NA,NA,"Up"
134.279866627341,-4.06186424139045,0.857765424953175,-4.73540215451349,2.18621159154089e-06,0.000111428875032623,"ENSG00000124216","SNAI1","snail family transcriptional repressor 1","Down"
443.85655599713,5.37910403758256,1.13654068534985,4.73287415656991,2.21362742011854e-06,0.000112364334318483,"ENSG00000118777","ABCG2","ATP binding cassette subfamily G member 2 (JR blood group)","Up"
1049.58531966165,2.96605816451523,0.627020564097812,4.73040014051683,2.24077729315382e-06,0.00011348337484895,"ENSG00000196436","NPIPB15","nuclear pore complex interacting protein family member B15","Up"
533.315738335484,-3.11406825617753,0.658907693359514,-4.72610699125413,2.28865094427152e-06,0.000115644491918156,"ENSG00000148841","ITPRIP","inositol 1,4,5-trisphosphate receptor interacting protein","Down"
43.3932520325106,-16.8498651142861,3.56656651454397,-4.72439390813956,2.30802666251376e-06,0.000116359085686323,"ENSG00000260573","LOC124903770","uncharacterized LOC124903770","Down"
3637.23829023568,-3.19180313611997,0.675915427160086,-4.72219305532142,2.33315051714798e-06,0.000117094662410273,"ENSG00000147065","MSN","moesin","Down"
102.209387736775,3.91933046345296,0.829974447795859,4.72223027330711,2.33272348050015e-06,0.000117094662410273,"ENSG00000160188","RSPH1","radial spoke head component 1","Up"
291.486670743554,4.81546804615089,1.02025387115107,4.71987235953145,2.35992678909669e-06,0.000118171739418889,"ENSG00000154252","GAL3ST2","galactose-3-O-sulfotransferase 2","Up"
546.154112297252,-2.47860466648555,0.525818798113549,-4.71380003031064,2.43139282140478e-06,0.000121476756400657,"ENSG00000204103","MAFB","MAF bZIP transcription factor B","Down"
54.172264940845,6.37151254565102,1.35221794045616,4.71189765719396,2.45420632006631e-06,0.000122067939852426,"ENSG00000179023","KLHDC7A","kelch domain containing 7A","Up"
11934.7798897253,5.36458238625855,1.13842642369223,4.71227852289281,2.4496225409757e-06,0.000122067939852426,"ENSG00000099834","CDHR5","cadherin related family member 5","Up"
537.847745623944,-2.17325590912254,0.461419174371268,-4.70993844606442,2.47791615783058e-06,0.000122972120395195,"ENSG00000161791","FMNL3","formin like 3","Down"
322.555501249973,-4.01915220140161,0.854281514558735,-4.70471634105022,2.54219163855505e-06,0.000125880950334063,"ENSG00000137462","TLR2","toll like receptor 2","Down"
122.902391590865,4.12379580175047,0.877539210814126,4.69927240963361,2.61090002087223e-06,0.000128995867031227,"ENSG00000251209","LINC00923","long intergenic non-protein coding RNA 923","Up"
2788.74948332966,-4.19811279693847,0.893874172741208,-4.69653663229165,2.64609797458301e-06,0.000130445002813534,"ENSG00000134954","ETS1","ETS proto-oncogene 1, transcription factor","Down"
2517.40082414262,3.55709520322596,0.757879397771605,4.69348449593022,2.68590355310619e-06,0.000132114366584535,"ENSG00000165795","NDRG2","NDRG family member 2","Up"
1151.94268675985,-5.39057057225609,1.14922559579094,-4.69061130556015,2.72390000263935e-06,0.00013368756900371,"ENSG00000112149","CD83","CD83 molecule","Down"
67.3346405857637,9.40087074859878,2.00545091409869,4.6876593600516,2.76347494654711e-06,0.000135331142040929,"ENSG00000299797",NA,NA,"Up"
34265.3939757538,6.45604294103912,1.37741738714935,4.68706363174367,2.77152815070109e-06,0.000135427220603379,"ENSG00000143416","SELENBP1","selenium binding protein 1","Up"
1349.75948860107,7.18835125796608,1.53432868997727,4.68501391189693,2.79940917465762e-06,0.000136489614430182,"ENSG00000188175","HEPACAM2","HEPACAM family member 2","Up"
85.4361464914212,3.05579946435592,0.652923032701074,4.68018328548527,2.8661856521334e-06,0.000139439618389238,"ENSG00000293246","ZNF321P","zinc finger protein 321, pseudogene","Up"
61.6269709795586,6.80995159936756,1.45537004325923,4.67918907009862,2.88011763741066e-06,0.000139811474743562,"ENSG00000047457","CP","ceruloplasmin","Up"
83.2396080268196,-5.91447029955216,1.26588271273402,-4.67221033991232,2.97975574052223e-06,0.000144333135902028,"ENSG00000101307","SIRPB1","signal regulatory protein beta 1","Down"
189.513646755158,5.41214646023303,1.15938990452445,4.66809866043549,3.03999919417863e-06,0.000146931091487333,"ENSG00000186417","GLDN","gliomedin","Up"
652.84695293458,-2.41132886771346,0.516829465797136,-4.66561801772337,3.07690832024648e-06,0.000148392413631323,"ENSG00000116017","ARID3A","AT-rich interaction domain 3A","Down"
81.3826911825254,6.7797062782884,1.45352556798904,4.66431855592892,3.09641401149767e-06,0.000148688062025114,"ENSG00000266200","PNLIPRP2","pancreatic lipase related protein 2 (gene/pseudogene)","Up"
32.8310716772308,8.34038190686347,1.78806647012511,4.66446971978614,3.09413887055091e-06,0.000148688062025114,"ENSG00000281333","LOC105369885","uncharacterized LOC105369885","Up"
53.6632386189362,-22.2880253576045,4.78510122132002,-4.65779600613257,3.19612678897621e-06,0.000152973591702062,"ENSG00000282651",NA,NA,"Down"
21.7985934555193,5.40912169272225,1.1613578678036,4.65758388751624,3.1994206873323e-06,0.000152973591702062,"ENSG00000291038",NA,NA,"Up"
1274.64736642256,-3.87550515486713,0.83254618081779,-4.65500322283661,3.2397563941407e-06,0.000154569750881825,"ENSG00000162413","KLHL21","kelch like family member 21","Down"
861.623939090833,13.2685747555389,2.85095917602962,4.65407392259377,3.25440041153919e-06,0.000154935940791758,"ENSG00000156284","CLDN8","claudin 8","Up"
622.719847215951,-6.17145994662755,1.32685496208227,-4.65119408148612,3.30018556522902e-06,0.000156445683735047,"ENSG00000112303","VNN2","vanin 2","Down"
866.101082425528,-8.4687144996554,1.82069894550343,-4.65135354780676,3.2976342151983e-06,0.000156445683735047,"ENSG00000137673","MMP7","matrix metallopeptidase 7","Down"
195.024951162886,6.08454961343444,1.30906533020291,4.64801066306701,3.35151592551515e-06,0.000158540965046762,"ENSG00000254645","LOC105376567","uncharacterized LOC105376567","Up"
367.285368813125,3.24679480854317,0.698955528267394,4.64520942640155,3.39731640085364e-06,0.000160366317495072,"ENSG00000237424","FOXD2-AS1","FOXD2 adjacent opposite strand RNA 1","Up"
5156.36675663327,3.56264647469449,0.767684202677727,4.64077085638569,3.47111867969311e-06,0.000163283308686398,"ENSG00000189334","S100A14","S100 calcium binding protein A14","Up"
2223.0795136321,-5.06697805634382,1.09187728706102,-4.64061128149526,3.47380043218037e-06,0.000163283308686398,"ENSG00000043462","LCP2","lymphocyte cytosolic protein 2","Down"
301.07429937503,5.16596484398654,1.11355647428818,4.63915837523085,3.49830896343535e-06,0.000164088403341895,"ENSG00000176884","GRIN1","glutamate ionotropic receptor NMDA type subunit 1","Up"
658.077466972212,-6.66769523244842,1.43821801501953,-4.63608101332112,3.55076848162919e-06,0.000166198390846446,"ENSG00000163661","PTX3","pentraxin 3","Down"
209.523549260219,-6.49690576071727,1.40208624180442,-4.63374189618753,3.5911468959416e-06,0.00016773522886023,"ENSG00000095752","IL11","interleukin 11","Down"
1610.5670693578,-5.04971529232919,1.08996428468416,-4.6329181270306,3.60547153904617e-06,0.000168051255194158,"ENSG00000081059","TCF7","transcription factor 7","Down"
5884.02894762373,4.43058438348179,0.956518286933425,4.6319913001205,3.62165375970894e-06,0.0001684523599155,"ENSG00000070526","ST6GALNAC1","ST6 N-acetylgalactosaminide alpha-2,6-sialyltransferase 1","Up"
127.590503850173,3.69295431326222,0.797660774944312,4.62973036817567,3.66142184130311e-06,0.000169946538199775,"ENSG00000261488","TBILA","TGF-beta induced lncRNA","Up"
46.6090109780703,9.03612195720481,1.95281373489122,4.62723187355509,3.70585536278861e-06,0.000171650588085165,"ENSG00000235049","LINC00940","long intergenic non-protein coding RNA 940","Up"
378.503465233583,9.24696774662273,1.99870025466377,4.62649050303857,3.71913912879201e-06,0.000171907734408384,"ENSG00000167080","B4GALNT2","beta-1,4-N-acetyl-galactosaminyltransferase 2 (SID blood group)","Up"
813.366436814453,5.06653575150149,1.09625694245978,4.62166811015418,3.80666675679264e-06,0.000175588427393715,"ENSG00000113303","BTNL8","butyrophilin like 8","Up"
1933.44412469531,3.39679034863827,0.735287313781128,4.61967762121542,3.8433673898891e-06,0.00017691425917061,"ENSG00000114812","VIPR1","vasoactive intestinal peptide receptor 1","Up"
519.196631324478,-2.39495959617761,0.518500683879132,-4.61900952234019,3.85576164375029e-06,0.000177118075672521,"ENSG00000131873","CHSY1","chondroitin sulfate synthase 1","Down"
87.6627214515497,-4.92316893809403,1.06625103212288,-4.61727003282907,3.88821182248723e-06,0.00017824044010177,"ENSG00000239998","LILRA2","leukocyte immunoglobulin like receptor A2","Down"
1140.16358278465,-3.4655788159406,0.751021210622184,-4.614488601553,3.94064399899199e-06,0.000180272300472405,"ENSG00000188042","ARL4C","ARF like GTPase 4C","Down"
1436.44448790434,4.83465811051895,1.04859290667466,4.61061492953526,4.01479606169047e-06,0.000183287393921076,"ENSG00000271447","MMP28","matrix metallopeptidase 28","Up"
2123.62374378426,-2.28725945249135,0.496437352380513,-4.60734761702256,4.07837878619006e-06,0.000185808597445417,"ENSG00000134107","BHLHE40","basic helix-loop-helix family member e40","Down"
4393.76732790468,4.47152264268193,0.971063030663372,4.60477075275665,4.12920475647893e-06,0.000187739487424941,"ENSG00000178078","STAP2","signal transducing adaptor family member 2","Up"
1175.38276449581,2.61235920474706,0.567712749471231,4.60155106113121,4.19356321329858e-06,0.000190276512084219,"ENSG00000204564","C6orf136","chromosome 6 open reading frame 136","Up"
924.965619448483,-5.66623845430826,1.2335815974433,-4.59332278144552,4.36243501383809e-06,0.000197535677520697,"ENSG00000173110","HSPA6","heat shock protein family A (Hsp70) member 6","Down"
83.6835041928561,2.58659592296903,0.564238617108748,4.58422349080461,4.55676650326254e-06,0.000205915832656577,"ENSG00000293550",NA,NA,"Up"
1415.74575827896,2.38213973773433,0.519690369338977,4.58376733200638,4.56672372533788e-06,0.000205947197942063,"ENSG00000163082","SGPP2","sphingosine-1-phosphate phosphatase 2","Up"
9771.64852447074,5.55451779769214,1.21310378237877,4.57876554205469,4.6772811201448e-06,0.000210506054947732,"ENSG00000155850","SLC26A2","solute carrier family 26 member 2","Up"
168.945146375336,-3.98998820835946,0.871756251834458,-4.57695393633626,4.71795294658629e-06,0.000211534452387101,"ENSG00000197860","SGTB","small glutamine rich tetratricopeptide repeat co-chaperone beta","Down"
25.5350406548045,8.2799098283896,1.80906489512317,4.57690039241289,4.71916018459058e-06,0.000211534452387101,"ENSG00000308225",NA,NA,"Up"
1758.84348399785,4.83676163580216,1.05757072257721,4.5734640081709,4.79726117638642e-06,0.000214602631256739,"ENSG00000267795","SMIM22","small integral membrane protein 22","Up"
575.578792422758,-2.58508718098768,0.565301856942636,-4.5729324063586,4.80945327363488e-06,0.000214716013318723,"ENSG00000131378","RFTN1","raftlin, lipid raft linker 1","Down"
620.790332495127,-2.68746496843359,0.587744638166605,-4.5725044414132,4.81929005416053e-06,0.000214723999547397,"ENSG00000186174","BCL9L","BCL9 like","Down"
1961.49409488024,3.72905440726541,0.815761408066526,4.57125621583866,4.84809072356714e-06,0.000215575202114137,"ENSG00000160325","CACFD1","calcium channel flower domain containing 1","Up"
2206.75182353294,3.34962282443265,0.733179850992296,4.56862367384923,4.90937352947549e-06,0.000217864474412831,"ENSG00000049759","NEDD4L","NEDD4 like E3 ubiquitin protein ligase","Up"
129.003348084837,4.6596743590486,1.02005857562538,4.56804586559341,4.92292323744355e-06,0.000218030582346778,"ENSG00000295948",NA,NA,"Up"
126.885151422694,-9.34834278907261,2.04697818759736,-4.56689907382218,4.94992186929368e-06,0.000218703113311346,"ENSG00000197632","SERPINB2","serpin family B member 2","Down"
66951.8249780158,2.13004360079969,0.466443153789671,4.5665663296672,4.95778208558981e-06,0.000218703113311346,"ENSG00000198840","MT-ND3","NADH dehydrogenase subunit 3","Up"
22.3878914879929,7.58831471312975,1.66240570357661,4.56465873330665,5.00307530411995e-06,0.00022026410541881,"ENSG00000213630",NA,NA,"Up"
94.3680542576314,-3.14826007726697,0.689875493892678,-4.56351922214639,5.03032018221411e-06,0.000221025906346179,"ENSG00000100003","SEC14L2","SEC14 like lipid binding 2","Down"
383.151698870856,-2.98559900103685,0.654641266494057,-4.56066422000293,5.09920653546344e-06,0.00022361076706698,"ENSG00000104312","RIPK2","receptor interacting serine/threonine kinase 2","Down"
479.077139114389,4.30437326433235,0.9450400990539,4.55469907429489,5.24606231362573e-06,0.000229527295214139,"ENSG00000124205","EDN3","endothelin 3","Up"
34.9233492843557,8.94146804074537,1.96328071994499,4.55435025155034,5.25477413142611e-06,0.000229527295214139,"ENSG00000182816","KRTAP13-2","keratin associated protein 13-2","Up"
2449.04855960069,-8.14467111715831,1.78913239406777,-4.55230207902087,5.30620718427079e-06,0.000231319420250769,"ENSG00000149968","MMP3","matrix metallopeptidase 3","Down"
168.225596088645,5.91768102493458,1.30109137460087,4.54824398997334,5.40953974860667e-06,0.000233988905118234,"ENSG00000283526","PRRT1B","proline rich transmembrane protein 1B","Up"
1948.9588849165,3.17400521157037,0.697817454826419,4.5484749480219,5.40360744190099e-06,0.000233988905118234,"ENSG00000171813","PWWP2B","PWWP domain containing 2B","Up"
40.9080039612991,6.20513852752179,1.36400776927118,4.54919588239394,5.38512981497109e-06,0.000233988905118234,"ENSG00000183476","SH2D7","SH2 domain containing 7","Up"
56.1982965257084,4.28672283229912,0.942340953578688,4.54901468095981,5.38976832791922e-06,0.000233988905118234,"ENSG00000267480",NA,NA,"Up"
66.0472987460154,6.89261439895117,1.51578947493381,4.54721088444828,5.43615214129707e-06,0.000234683437975646,"ENSG00000289725",NA,NA,"Up"
624.637372370699,4.89037562598735,1.07651483330018,4.54278517556079,5.55158189680925e-06,0.000237897994492752,"ENSG00000170382","LRRN2","leucine rich repeat neuronal 2","Up"
302.847859831476,-5.39726868097599,1.18811502113123,-4.54271563357319,5.55341425546432e-06,0.000237897994492752,"ENSG00000162711","NLRP3","NLR family pyrin domain containing 3","Down"
775.186127391318,-4.41215590222586,0.971175675228305,-4.54310792039622,5.54308548129365e-06,0.000237897994492752,"ENSG00000113916","BCL6","BCL6 transcription repressor","Down"
1411.40895059691,1.91627612307546,0.421744662077885,4.54368791209877,5.52784819169694e-06,0.000237897994492752,"ENSG00000109586","GALNT7","polypeptide N-acetylgalactosaminyltransferase 7","Up"
373.983083884151,3.01219358486962,0.663600264089894,4.53916875545664,5.64764243622273e-06,0.000241469296701038,"ENSG00000238164",NA,NA,"Up"
325.60759723185,3.22175516702518,0.709868012418478,4.53852703694713,5.66485335334828e-06,0.000241740277552768,"ENSG00000010310","GIPR","gastric inhibitory polypeptide receptor","Up"
209.499510757597,-5.90150276979855,1.30054402837446,-4.53771855549926,5.6866083385423e-06,0.000242203760901937,"ENSG00000112182","BACH2","BACH transcriptional regulator 2","Down"
114.687354034445,4.69647008436591,1.03723442588861,4.5278771771795,5.95791929640349e-06,0.000253274225080189,"ENSG00000171714","ANO5","anoctamin 5","Up"
114.101439143728,4.1691795348483,0.921067242013246,4.52646597846148,5.99782499251268e-06,0.000254484051638424,"ENSG00000204613","TRIM10","tripartite motif containing 10","Up"
225.647204992141,-4.69543214675533,1.03743818175962,-4.52598740754973,6.01141594713122e-06,0.00025457487762394,"ENSG00000103522","IL21R","interleukin 21 receptor","Down"
995.969693862369,3.27182744904633,0.723266092300139,4.52368427592288,6.07723593675216e-06,0.000256265647462815,"ENSG00000162390","ACOT11","acyl-CoA thioesterase 11","Up"
129.761561421352,2.8544302463691,0.630982627939367,4.52378579057076,6.07432033068551e-06,0.000256265647462815,"ENSG00000146955","RAB19","RAB19, member RAS oncogene family","Up"
229.038091997302,-3.58501436553733,0.792551726955186,-4.52338218895842,6.08592011246195e-06,0.000256265647462815,"ENSG00000147408","CSGALNACT1","chondroitin sulfate N-acetylgalactosaminyltransferase 1","Down"
957.312863373183,3.15435541468457,0.697669594476035,4.52127402377849,6.14685555853698e-06,0.000258342229929967,"ENSG00000163624","CDS1","CDP-diacylglycerol synthase 1","Up"
4299.13644553119,-2.55884164586052,0.566511984306151,-4.51683586004719,6.2770523489191e-06,0.000263316424289657,"ENSG00000064666","CNN2","calponin 2","Down"
118.375737801793,9.0881876498285,2.01337975847531,4.51389640308632,6.36473160963598e-06,0.000266491672084815,"ENSG00000258837",NA,NA,"Up"
30.1230922503611,5.16575941920648,1.14469227958443,4.51279309849268,6.39794289106783e-06,0.000267240262978973,"ENSG00000306620",NA,NA,"Up"
1067.92104775319,-13.3022059106259,2.9478541740941,-4.51250473226472,6.40665048206687e-06,0.000267240262978973,"ENSG00000163736","PPBP","pro-platelet basic protein","Down"
70.4559525901859,6.02225196243839,1.33795186160109,4.50109763682508,6.76034408622009e-06,0.000280939682371834,"ENSG00000295725",NA,NA,"Up"
240.079058134319,-3.69030330358526,0.819817216714071,-4.50137326753938,6.75158172278161e-06,0.000280939682371834,"ENSG00000164949","GEM","GTP binding protein overexpressed in skeletal muscle","Down"
98.1310653265366,3.97985782120491,0.884285921270618,4.50064591720098,6.77472788373051e-06,0.000281012173580187,"ENSG00000176919","C8G","complement C8 gamma chain","Up"
1210.3219401865,-5.78250945315722,1.2851236033267,-4.49957454534996,6.80895999091589e-06,0.000281382170033519,"ENSG00000158050","DUSP2","dual specificity phosphatase 2","Down"
111.283579298693,-4.14831329366333,0.921901716674038,-4.49973486179121,6.80382710867806e-06,0.000281382170033519,"ENSG00000135480","KRT7","keratin 7","Down"
3402.09572169792,-4.65189219522062,1.03416950866288,-4.49819121164695,6.85340459114749e-06,0.000282693403107573,"ENSG00000127528","KLF2","KLF transcription factor 2","Down"
121.883259631811,-6.89225962290942,1.53517867605447,-4.48954882608391,7.13741864416051e-06,0.000293863386510409,"ENSG00000128383","APOBEC3A","apolipoprotein B mRNA editing enzyme catalytic subunit 3A","Down"
767.77183372523,-6.72365802175634,1.49982964963188,-4.48294779570908,7.36189440482424e-06,0.000302545283368683,"ENSG00000164379","FOXQ1","forkhead box Q1","Down"
28.2208180361985,-9.26955796641862,2.07140931381225,-4.47500062136864,7.64110904947935e-06,0.000313440548887591,"ENSG00000267275","KLF2-DT","KLF2 divergent transcript","Down"
333.147961445203,3.42571155515898,0.765818516419977,4.47326811993705,7.70330865632116e-06,0.000314984240286007,"ENSG00000135441","BLOC1S1","biogenesis of lysosomal organelles complex 1 subunit 1","Up"
174.739488478034,-5.7606293935187,1.28781996350909,-4.47316360729646,7.7070762702104e-06,0.000314984240286007,"ENSG00000087589","CASS4","Cas scaffold protein family member 4","Down"
1070.45294466107,4.26792622355615,0.954435658161774,4.47167515909465,7.76092546721757e-06,0.000316023179327195,"ENSG00000174514","SLC60A1","solute carrier family 60 member 1","Up"
158.787461500274,-9.21894223249195,2.06150595869318,-4.47194546958088,7.75111949619839e-06,0.000316023179327195,"ENSG00000289850",NA,NA,"Down"
38.6260934489834,-3.94010965798609,0.881572139037493,-4.46941263625679,7.84346871528031e-06,0.000318800438659647,"ENSG00000125726","CD70","CD70 molecule","Down"
47.1898121438498,7.14400662514769,1.59886198609068,4.46818217413202,7.88871113281117e-06,0.000320054223751443,"ENSG00000305462",NA,NA,"Up"
81.2499996887976,7.76963279125068,1.74033430105535,4.4644484605855,8.02752685051714e-06,0.000325092904312473,"ENSG00000282122","IGHV7-4-1","immunoglobulin heavy variable 7-4-1","Up"
1120.85984610804,2.97632924602708,0.666767582448782,4.46381816448868,8.05118980746788e-06,0.000325458369071697,"ENSG00000137266","SLC22A23","solute carrier family 22 member 23","Up"
2310.22607103414,1.96154393204166,0.439707502837737,4.4610199266159,8.15705043503736e-06,0.000329139205666399,"ENSG00000138796","HADH","hydroxyacyl-CoA dehydrogenase","Up"
90.6169733979062,6.81065234131778,1.52797156608621,4.45731615200327,8.29921604749576e-06,0.000334268968086908,"ENSG00000132915","PDE6A","phosphodiesterase 6A","Up"
1879.96166859705,-3.20018882458872,0.718201179346513,-4.45583899973619,8.35657306309222e-06,0.000335364059407454,"ENSG00000146112","PPP1R18","protein phosphatase 1 regulatory subunit 18","Down"
1278.84357067945,3.41321330711751,0.766006288033916,4.45585546807729,8.35593152296372e-06,0.000335364059407454,"ENSG00000141655","TNFRSF11A","TNF receptor superfamily member 11a","Up"
312.12139995018,-5.49901549060439,1.23445996575476,-4.4545920022949,8.40528803728565e-06,0.000336711295374724,"ENSG00000127954","STEAP4","STEAP4 metalloreductase","Down"
372.044821969872,-7.04556166583384,1.58213744187614,-4.45319191579149,8.46030700401045e-06,0.000337445200321674,"ENSG00000123610","TNFAIP6","TNF alpha induced protein 6","Down"
1087.21023817223,3.53375547941123,0.793573083776992,4.45296791392219,8.4691414464757e-06,0.000337445200321674,"ENSG00000119514","GALNT12","polypeptide N-acetylgalactosaminyltransferase 12","Up"
6648.38859585602,2.64033753165078,0.592907610570617,4.45320229421529,8.45989790140506e-06,0.000337445200321674,"ENSG00000266714","MYO15B","myosin XVB","Up"
99.318353035633,7.48130913972439,1.68055569664596,4.45168770940204,8.51980105241534e-06,0.000338856416455009,"ENSG00000163497","FEV","FEV transcription factor, ETS family member","Up"
2789.79819940123,-7.11345605907376,1.59838860480183,-4.45039212473345,8.57136405566994e-06,0.000340298459017339,"ENSG00000196611","MMP1","matrix metallopeptidase 1","Down"
48.4360079440739,4.84283607334678,1.08905028189107,4.4468434138206,8.71413098714432e-06,0.000344444497892816,"ENSG00000249082","EPIST","esophagus epithelial intergenic associated transcript","Up"
1239.06685880792,4.62100947459877,1.03922126760536,4.44660787711435,8.72368676758545e-06,0.000344444497892816,"ENSG00000153303","FRMD1","FERM domain containing 1","Up"
2706.30997183912,2.86189107159478,0.643552520514791,4.44702022036289,8.70696447696115e-06,0.000344444497892816,"ENSG00000106258","CYP3A5","cytochrome P450 family 3 subfamily A member 5","Up"
2456.84479524903,2.66154978547584,0.598603989778766,4.44626135295139,8.73776354120219e-06,0.000344444497892816,"ENSG00000137767","SQOR","sulfide quinone oxidoreductase","Up"
68.7671920319015,2.64081485372574,0.594247156015998,4.44396717256589,8.83150856312595e-06,0.000347523769706158,"ENSG00000227388",NA,NA,"Up"
8326.94656479531,-5.24417012582695,1.18050502130037,-4.44231073244425,8.89979084159652e-06,0.000349108520712436,"ENSG00000105835","NAMPT","nicotinamide phosphoribosyltransferase","Down"
89.6991576714371,-5.49929230547524,1.23795794591214,-4.44222869091348,8.9031858608353e-06,0.000349108520712436,"ENSG00000140932","CMTM2","CKLF like MARVEL transmembrane domain containing 2","Down"
80.3650257624047,16.1120692609455,3.62790480466863,4.44114995526106,8.94794106602852e-06,0.000350245728382063,"ENSG00000299109",NA,NA,"Up"
123.970354898879,9.31551931491099,2.09820812512131,4.43974990058358,9.00634797832391e-06,0.000351912363096793,"ENSG00000243531",NA,NA,"Up"
42.4981037762348,4.90833896795733,1.10637780507832,4.43640404338179,9.14740824834506e-06,0.000356415604305615,"ENSG00000108242","CYP2C18","cytochrome P450 family 2 subfamily C member 18","Up"
122.813971277843,-4.98658977115489,1.12405342367093,-4.43625691283402,9.15365942781029e-06,0.000356415604305615,"ENSG00000173894","CBX2","chromobox 2","Down"
647.315372156725,3.27309618714596,0.738412377016402,4.43261284483217,9.30979486621092e-06,0.00036145924617267,"ENSG00000163293","NIPAL1","NIPA like domain containing 1","Up"
2529.80933404204,4.31146202232053,0.972698339811242,4.43247597519,9.31570854391851e-06,0.00036145924617267,"ENSG00000064270","ATP2C2","ATPase secretory pathway Ca2+ transporting 2","Up"
141.927880816983,-3.42088743099511,0.773151237685051,-4.42460318790647,9.66197134359526e-06,0.000374241478888769,"ENSG00000013016","EHD3","EH domain containing 3","Down"
74.7935234466499,-9.95218064551308,2.25053493042619,-4.42214004811221,9.77280744414495e-06,0.000377876222444651,"ENSG00000164283","ESM1","endothelial cell specific molecule 1","Down"
197.347160702782,4.66117417336065,1.05559073603246,4.41570204649591,1.00682687174982e-05,0.000388624684715515,"ENSG00000137251","TINAG","tubulointerstitial nephritis antigen","Up"
1450.56545100526,3.67669535479959,0.833000704995071,4.4137962101981,1.01573579058477e-05,0.000390145328744422,"ENSG00000180745","CLRN3","clarin 3","Up"
750.347247268726,4.09207207758723,0.926978783857838,4.41441826808281,1.01281970861905e-05,0.000390145328744422,"ENSG00000168907","PLA2G4F","phospholipase A2 group IVF","Up"
93.5050928307807,-3.63510668254461,0.82359000611873,-4.41373335705651,1.01603087906725e-05,0.000390145328744422,"ENSG00000176749","CDK5R1","cyclin dependent kinase 5 regulatory subunit 1","Down"
34.1930735786744,9.13670783880197,2.07036256362429,4.41309556081213,1.01902989562106e-05,0.000390622270161088,"ENSG00000291052","ABCC13","ATP binding cassette subfamily C member 13 (pseudogene)","Up"
201.150604851402,10.0300992943727,2.27357873763219,4.41159091099633,1.02613852626452e-05,0.000392670186823391,"ENSG00000242407",NA,NA,"Up"
294.069897723825,2.79239069776505,0.633552592596446,4.40751206828967,1.04564776287642e-05,0.000399430497362004,"ENSG00000140961","OSGIN1","oxidative stress induced growth inhibitor 1","Up"
10451.7869111768,3.38420737874925,0.767890268096472,4.4071497183294,1.04739792183713e-05,0.000399430497362004,"ENSG00000123159","GIPC1","GIPC PDZ domain containing family member 1","Up"
5121.73924678591,3.0037326000719,0.681726660216542,4.40606591374584,1.05264943577884e-05,0.000400745803179297,"ENSG00000169116","PARM1","prostate androgen-regulated mucin-like protein 1","Up"
56.1435266168881,4.02177538162748,0.913269197502502,4.40371293877615,1.06413732536406e-05,0.000404426754783235,"ENSG00000232354",NA,NA,"Up"
5859.91882375921,3.52586564032465,0.800998601804457,4.40183744688408,1.07337964664444e-05,0.000407243168666313,"ENSG00000166920","COXFA4L3","cytochrome c oxidase associated subunit FA4L3","Up"
526.859023715439,4.68069765853499,1.06375571077722,4.40016219054192,1.08169998358619e-05,0.000409700779132397,"ENSG00000167117","ANKRD40CL","ANKRD40 C-terminal like","Up"
1584.612947545,1.79831157419218,0.408765080494645,4.39937670804965,1.08562233714232e-05,0.000410487099008253,"ENSG00000160190","SLC37A1","solute carrier family 37 member 1","Up"
881.268294161491,-1.98196399357241,0.450730130882512,-4.39722986721967,1.09641211412765e-05,0.000413862997171477,"ENSG00000104320","NBN","nibrin","Down"
117.917789327759,-1.96356617383502,0.446603591950407,-4.39666453478293,1.09927039592749e-05,0.000414238622248406,"ENSG00000182247","UBE2E2","ubiquitin conjugating enzyme E2 E2","Down"
63.6050666630071,6.4338619457006,1.46369464115494,4.39563127772601,1.10451286573674e-05,0.000415509890760151,"ENSG00000250266","LINC01612","long intergenic non-protein coding RNA 1612","Up"
237.759466240452,-2.21772547248307,0.504857939208908,-4.39277131297205,1.11914832266282e-05,0.000420304470570311,"ENSG00000162702","ZNF281","zinc finger protein 281","Down"
359.552049824003,4.85498315138616,1.10558235105082,4.39133561310167,1.12656492700752e-05,0.000422376357877877,"ENSG00000101680","LAMA1","laminin subunit alpha 1","Up"
22.8902881704498,6.28230327910009,1.43103967690764,4.39002732102833,1.13336420255271e-05,0.0004242102073292,"ENSG00000303023",NA,NA,"Up"
3479.9603493332,3.23738228911754,0.737539629252055,4.38943503605439,1.13645521003683e-05,0.000424652246802503,"ENSG00000151715","TMEM45B","transmembrane protein 45B","Up"
18.778676896232,-4.8669660847759,1.10948293509416,-4.38669756048374,1.15084635471395e-05,0.000429308171214014,"ENSG00000177494","ZBED2","zinc finger BED-type containing 2","Down"
126.688633895461,-5.85361709021244,1.33520449206512,-4.38406036303759,1.16487472679732e-05,0.000433813396999747,"ENSG00000069482","GAL","galanin and GMAP prepropeptide","Down"
182.725969572732,-2.82310592092273,0.644169345369607,-4.38255241609318,1.17296932921833e-05,0.00043609744308547,"ENSG00000206190","ATP10A","ATPase phospholipid transporting 10A (putative)","Down"
1569.03832059441,-6.58719975607083,1.50499066356392,-4.37690406694743,1.20376924215069e-05,0.000446801361614964,"ENSG00000126353","CCR7","C-C motif chemokine receptor 7","Down"
47.4136303551877,-10.1222511393488,2.31350944029049,-4.37527980783939,1.2127680990991e-05,0.00044939121912117,"ENSG00000289768",NA,NA,"Down"
507.382868372634,-1.53739416675117,0.351513880931033,-4.37363714536441,1.2219341913949e-05,0.000452034324081245,"ENSG00000197283","SYNGAP1","synaptic Ras GTPase activating protein 1","Down"
3277.64713680969,2.55073302890546,0.583411412878943,4.37209998398632,1.23057143590122e-05,0.000454473334458336,"ENSG00000161267","BDH1","3-hydroxybutyrate dehydrogenase 1","Up"
245.503888339533,3.01056194358162,0.688649462447476,4.37168996383445,1.2328851462283e-05,0.000454572727298404,"ENSG00000241288","LINC02614","long intergenic non-protein coding RNA 2614","Up"
1230.64558412212,-5.9619596890687,1.36395846354353,-4.37107129610068,1.23638409707556e-05,0.000455108073349021,"ENSG00000164691","TAGAP","T cell activation RhoGTPase activating protein","Down"
1857.78672143664,-2.92410385544911,0.669112119283023,-4.37012538135222,1.24175215954006e-05,0.000456328525009161,"ENSG00000100644","HIF1A","hypoxia inducible factor 1 subunit alpha","Down"
417.707834704159,2.14208048830435,0.490378674719699,4.36821705089187,1.25264969931027e-05,0.000459573609979623,"ENSG00000114529","C3orf52","chromosome 3 open reading frame 52","Up"
2250.23815170062,1.87982026958868,0.430449274592907,4.36711217916793,1.25900073041477e-05,0.000461142722229186,"ENSG00000073605","GSDMB","gasdermin B","Up"
315.026582360986,4.89140761136432,1.12036521630523,4.36590456413432,1.26597749231644e-05,0.000462935486622887,"ENSG00000224272","LOC124905349","uncharacterized LOC124905349","Up"
1655.91904984485,3.0666962761641,0.702650260324186,4.36447041910892,1.27431090961214e-05,0.000465217642913083,"ENSG00000163251","FZD5","frizzled class receptor 5","Up"
44.5733232049351,3.95977195432743,0.908018446470864,4.36089373483283,1.29532267344526e-05,0.00047211326227391,"ENSG00000267980",NA,NA,"Up"
147.952090472183,2.77387421142825,0.636377869914214,4.35884769500576,1.30749064310208e-05,0.000474990840981838,"ENSG00000176894","PXMP2","peroxisomal membrane protein 2","Up"
274.264174714565,4.7055412231103,1.07946436237761,4.35914457865563,1.30571831224304e-05,0.000474990840981838,"ENSG00000179314","WSCD1","WSC domain containing 1","Up"
231.328738295099,-4.71868823755452,1.08272559545956,-4.35815709662952,1.31162224854078e-05,0.000475714477190982,"ENSG00000137101","CD72","CD72 molecule","Down"
11.9308828826459,7.62611869059009,1.7506890399727,4.35606696361624,1.32420280483889e-05,0.000479495129641416,"ENSG00000249231","CASC16","cancer susceptibility 16","Up"
500.987683232233,2.14491256517101,0.492568423136514,4.35454743832929,1.33342103818782e-05,0.000482047966537072,"ENSG00000136828","RALGPS1","Ral GEF with PH domain and SH3 binding motif 1","Up"
1954.53838891674,4.165800334405,0.956782521429063,4.3539678465101,1.33695324689803e-05,0.000482540284712399,"ENSG00000229719","MIR194-2HG","MIR194-2 host gene","Up"
1547.33916949562,2.27541081011195,0.522804391002818,4.35231771054441,1.34705862544681e-05,0.000485399585406142,"ENSG00000165475","CRYL1","crystallin lambda 1","Up"
32.3263766904869,4.23858005006233,0.974172451233137,4.35095454064319,1.35546155006142e-05,0.000487637162500252,"ENSG00000197444","OGDHL","oxoglutarate dehydrogenase L","Up"
1193.45062930751,4.12993278384491,0.949854769961905,4.34796235640375,1.3740818063214e-05,0.000493537331178412,"ENSG00000186204","CYP4F12","cytochrome P450 family 4 subfamily F member 12","Up"
4197.26673331315,2.4841846909673,0.571673591164657,4.345459943158,1.38984133906824e-05,0.000497660975243879,"ENSG00000102882","MAPK3","mitogen-activated protein kinase 3","Up"
1848.09638085095,-2.44129244094908,0.561807046172033,-4.34542866199923,1.39003942619731e-05,0.000497660975243879,"ENSG00000130589","HELZ2","helicase with zinc finger 2","Down"
35.8108301956232,-7.95522329113111,1.83089312133332,-4.3449960013711,1.39278200191297e-05,0.000497841193706286,"ENSG00000149380","P4HA3","prolyl 4-hydroxylase subunit alpha 3","Down"
55.5822857202378,3.20813089578484,0.738688461354036,4.34300935187785,1.40544148989143e-05,0.000500756100076221,"ENSG00000225762",NA,NA,"Up"
398.728329116664,3.74406428771972,0.862068819790061,4.34311530793041,1.40476354681281e-05,0.000500756100076221,"ENSG00000144045","DQX1","DEAQ-box RNA dependent ATPase 1","Up"
31.0550811396288,9.24001886107139,2.12784670786114,4.34242693655279,1.4091735577133e-05,0.000501282491338236,"ENSG00000305747",NA,NA,"Up"
1682.76510269311,-1.81709670078772,0.418509610565513,-4.34182789334841,1.41302203507461e-05,0.000501848544821306,"ENSG00000179820","MYADM","myeloid associated differentiation marker","Down"
935.609763511145,8.07718054993984,1.86069045505658,4.34095877043353,1.41862343147178e-05,0.000503034366059205,"ENSG00000205364","MT1M","metallothionein 1M","Up"
80.5190633733672,-3.61959737076591,0.834182893500859,-4.33909325996288,1.43071802478064e-05,0.000506515188613822,"ENSG00000113749","HRH2","histamine receptor H2","Down"
2967.54692733944,2.13865777196729,0.493021779106786,4.33785658686706,1.43878983445431e-05,0.000508563026858865,"ENSG00000120306","CYSTM1","cysteine rich transmembrane module containing 1","Up"
17.7037139199177,-5.42140201721639,1.25012888398412,-4.33667447146614,1.44654612781443e-05,0.000510493016820605,"ENSG00000073150","PANX2","pannexin 2","Down"
41.3199986862766,8.57887600009351,1.97868582820926,4.33564332335545,1.45334441544375e-05,0.000510983898597633,"ENSG00000197893","NRAP","nebulin related anchoring protein","Up"
1540.55987663329,2.17085623571176,0.500725901604183,4.33541829723,1.45483204161517e-05,0.000510983898597633,"ENSG00000135503","ACVR1B","activin A receptor type 1B","Up"
255.408176215577,3.60571666297758,0.831620000663756,4.33577434417123,1.45247891768144e-05,0.000510983898597633,"ENSG00000165548","TMEM63C","transmembrane protein 63C","Up"
1655.7833954505,-3.79746685836192,0.876689257592829,-4.33159962378098,1.48029941243618e-05,0.00051910878291315,"ENSG00000168209","DDIT4","DNA damage inducible transcript 4","Down"
208.644468684439,4.39741384341554,1.01648013125186,4.32611883716788,1.51759570137245e-05,0.000531349688639586,"ENSG00000130720","FIBCD1","fibrinogen C domain containing 1","Up"
4945.56955234251,3.42424730896599,0.791725009163126,4.3250462841707,1.52499839917637e-05,0.000531430868477871,"ENSG00000149260","CAPN5","calpain 5","Up"
483.955389161374,1.73238688107013,0.400533518277305,4.32519827184782,1.52394729948999e-05,0.000531430868477871,"ENSG00000174292","TNK1","tyrosine kinase non receptor 1","Up"
813.400120831344,5.13528013451245,1.18730650561689,4.32515118060801,1.52427289404146e-05,0.000531430868477871,"ENSG00000175329","ISX","intestine specific homeobox","Up"
45.0238347603832,3.61759404639831,0.836595586257157,4.32418495366807,1.53096816406608e-05,0.000532676294079516,"ENSG00000198929","NOS1AP","nitric oxide synthase 1 adaptor protein","Up"
1083.05121816272,-4.43218579059652,1.02567420246939,-4.3212413648756,1.55153840637669e-05,0.000538989896702701,"ENSG00000100368","CSF2RB","colony stimulating factor 2 receptor subunit beta","Down"
248.755684915982,4.64158174657137,1.07514864924795,4.31715349297801,1.58054252109026e-05,0.000548114900561372,"ENSG00000224189","HAGLR","HOXD antisense growth-associated long non-coding RNA","Up"
299.514214420224,-3.38196708843174,0.78343451184377,-4.31684721224811,1.58273632060631e-05,0.000548114900561372,"ENSG00000062282","DGAT2","diacylglycerol O-acyltransferase 2","Down"
58.3214664216503,-6.11126074135754,1.41632900114398,-4.31485956753086,1.59704393901139e-05,0.000552209609580718,"ENSG00000019169","MARCO","macrophage receptor with collagenous structure","Down"
144.788538838792,-4.80561555594155,1.1138959657761,-4.31424091979117,1.60152223781402e-05,0.000552783426166989,"ENSG00000169245","CXCL10","C-X-C motif chemokine ligand 10","Down"
1157.34237010536,-3.23500057672319,0.749893972729517,-4.31394396323551,1.60367611153559e-05,0.000552783426166989,"ENSG00000161638","ITGA5","integrin subunit alpha 5","Down"
240.590837833237,2.27845423884873,0.528429573974577,4.31174625922498,1.6197024634402e-05,0.000557443419035078,"ENSG00000100197","CYP2D6","cytochrome P450 family 2 subfamily D member 6 (gene/pseudogene)","Up"
1504.53953455939,-13.7850147573938,3.19751997021201,-4.31115829949917,1.62401586647634e-05,0.000557648319079785,"ENSG00000103569","AQP9","aquaporin 9","Down"
109.025292026102,-8.02781526351419,1.8621780340285,-4.31098161229376,1.62531422103945e-05,0.000557648319079785,"ENSG00000299344",NA,NA,"Down"
181.633482684338,5.48949699130877,1.27352328631462,4.31048026392554,1.62900367921836e-05,0.000558052986133464,"ENSG00000242515","UGT1A10","UDP glucuronosyltransferase family 1 member A10","Up"
81.9254205157048,-4.676130567694,1.08523493349043,-4.30886476594909,1.64094662369912e-05,0.000561279481303117,"ENSG00000154016","GRAP","GRB2 related adaptor protein","Down"
44.4617752232882,2.62118547638376,0.608754619273731,4.30581615875201,1.66371186367357e-05,0.000568192102381788,"ENSG00000277715",NA,NA,"Up"
739.073670142956,10.8677187099425,2.52529788834005,4.30353930129257,1.680910135511e-05,0.000573185200043191,"ENSG00000157005","SST","somatostatin","Up"
463.31113791745,-3.54830293803066,0.824735630062152,-4.30235194005534,1.68994596773776e-05,0.000573958823491028,"ENSG00000171310","CHST11","carbohydrate sulfotransferase 11","Down"
51.0167533581432,4.75771516591258,1.10584367321624,4.30233972589924,1.69003915768877e-05,0.000573958823491028,"ENSG00000187242","KRT12","keratin 12","Up"
1909.94176478739,2.53653937943895,0.589587959818612,4.30222384497019,1.69092353432566e-05,0.000573958823491028,"ENSG00000125648","SLC25A23","solute carrier family 25 member 23","Up"
343.725985399795,-3.28175473432713,0.763346444787574,-4.29916816503991,1.71440355760331e-05,0.000581041681344426,"ENSG00000185947","ZNF267","zinc finger protein 267","Down"
285.920567761644,2.34527617045684,0.545962763545013,4.29567056044011,1.74166067730581e-05,0.000589381154315678,"ENSG00000170786","SDR16C5","short chain dehydrogenase/reductase family 16C member 5","Up"
494.669449872109,3.04479131292284,0.70888423082158,4.29518838272648,1.7454505581395e-05,0.00058976599177987,"ENSG00000126106","TMEM53","transmembrane protein 53","Up"
151.397300651899,-4.68772572759458,1.09221654821848,-4.29193801837258,1.77120395170816e-05,0.000597559597243211,"ENSG00000273604","EPOP","elongin BC and polycomb repressive complex 2 associated protein","Down"
5949.44383221056,4.81022571866062,1.12177098535661,4.28806394660979,1.80237210576109e-05,0.000607153621627065,"ENSG00000167617","CDC42EP5","CDC42 effector protein 5","Up"
20.7888552965646,4.73009402694894,1.10329801352551,4.28723152671532,1.80913705509908e-05,0.000608510501452616,"ENSG00000245293","CYP2U1-AS1","CYP2U1 and SGMS2 antisense RNA 1","Up"
1218.88433757965,3.93499688928087,0.918075125031667,4.28613822768059,1.81805888545213e-05,0.000610587661635305,"ENSG00000177191","B3GNT8","UDP-GlcNAc:betaGal beta-1,3-N-acetylglucosaminyltransferase 8","Up"
165.583512678904,-4.99293319617509,1.16503438692852,-4.28565306929557,1.82203141736765e-05,0.000610998861272021,"ENSG00000224397","PELATON","plaque enriched lncRNA in atherosclerotic and inflammatory bowel macrophage regulation","Down"
24.9734310880699,5.51530355582773,1.28736616050422,4.28417627015112,1.83417457474043e-05,0.000614144628316326,"ENSG00000203645","LINC00501","long intergenic non-protein coding RNA 501","Up"
198.852392856312,7.54288061261671,1.76182836266564,4.28128004546615,1.85821334591768e-05,0.000621258004808839,"ENSG00000198125","MB","myoglobin","Up"
261.273149763979,-5.65384827367237,1.32095031752919,-4.28013695794994,1.86778336659625e-05,0.000622585121282375,"ENSG00000129451","KLK10","kallikrein related peptidase 10","Down"
4637.29693188712,2.82423459101002,0.659808088659321,4.28038794848461,1.86567803965294e-05,0.000622585121282375,"ENSG00000104886","PLEKHJ1","pleckstrin homology domain containing J1","Up"
2333.97447653296,3.71907154555254,0.870460375389572,4.27253399545968,1.93264077650269e-05,0.000643239556646472,"ENSG00000165644","COMTD1","catechol-O-methyltransferase domain containing 1","Up"
3307.46386033301,2.16272693242239,0.506238751771885,4.27214812151901,1.93598903586651e-05,0.000643390795731243,"ENSG00000187446","CHP1","calcineurin like EF-hand protein 1","Up"
5586.65208346234,-1.958955606969,0.45892286442464,-4.26859448248451,1.9670850550889e-05,0.00065274928402674,"ENSG00000026025","VIM","vimentin","Down"
72.790242848176,3.84311817178771,0.90059536123704,4.26730842418385,1.97845544334261e-05,0.000655543962322446,"ENSG00000077274","CAPN6","calpain 6","Up"
221.119890815613,3.67714031537468,0.862211022878471,4.26477998750078,2.00099277931588e-05,0.000662024887835269,"ENSG00000258053",NA,NA,"Up"
16041.5469864116,3.37126939763597,0.791347630588105,4.26016237027278,2.04278448580843e-05,0.000674847362154218,"ENSG00000127324","TSPAN8","tetraspanin 8","Up"
235.339408251101,-2.5210497886652,0.591826671595496,-4.25977724503146,2.04630735631388e-05,0.000675008181794163,"ENSG00000166130","IKBIP","IKBKB interacting protein","Down"
344.656117009156,-4.34370160746126,1.02084149944098,-4.25502059804574,2.09029771432315e-05,0.000687479128440038,"ENSG00000162745","OLFML2B","olfactomedin like 2B","Down"
206.68513197405,3.02352117160781,0.710559405331027,4.25512793008383,2.089295233717e-05,0.000687479128440038,"ENSG00000132744","ACY3","aminoacylase 3","Up"
2650.56896029836,2.5588747230475,0.601505711247883,4.25411542267631,2.09877028226083e-05,0.000689246081026662,"ENSG00000176454","LPCAT4","lysophosphatidylcholine acyltransferase 4","Up"
1168769.90803245,1.58454989341413,0.372570425860783,4.25302112950378,2.10905667651473e-05,0.000691602611931446,"ENSG00000198804","MT-CO1","cytochrome c oxidase subunit I","Up"
65.6711365767829,6.19141471027399,1.45612860871707,4.25196969087022,2.11898543701007e-05,0.000693835098984459,"ENSG00000306875",NA,NA,"Up"
23.6242040817539,4.3636247088143,1.02646265410345,4.25112856407392,2.12696023854263e-05,0.00069440098360526,"ENSG00000164972","SPMIP6","sperm microtubule inner protein 6","Up"
577.796031336056,-3.61102626299816,0.849415448606546,-4.25118976694149,2.12637900593513e-05,0.00069440098360526,"ENSG00000184602","SNN","stannin","Down"
196.861036465324,-1.88506594246676,0.443931022946969,-4.24630369365275,2.1732601550933e-05,0.000708476437363481,"ENSG00000196700","ZNF512B","zinc finger protein 512B","Down"
689.234529048072,-2.67775073527629,0.63119287575492,-4.24236527079563,2.21176322066137e-05,0.000719972645460678,"ENSG00000133789","SWAP70","switching B cell complex subunit SWAP70","Down"
193.365716100963,-1.95606895882235,0.461153381368238,-4.24168842266474,2.21844530653079e-05,0.000721092024855248,"ENSG00000146834","MEPCE","methylphosphate capping enzyme","Down"
19.7720473205712,8.18328144954569,1.93022877744168,4.23953965725854,2.2397862425925e-05,0.000726965949365825,"ENSG00000279756",NA,NA,"Up"
237.869340606117,-3.27997246280295,0.774660589580082,-4.23407684206695,2.29492469709369e-05,0.000743776396362741,"ENSG00000131196","NFATC1","nuclear factor of activated T cells 1","Down"
12.8210348109826,7.7864195814636,1.83916064689922,4.23368105151189,2.29896936175787e-05,0.000744002704802951,"ENSG00000290538",NA,NA,"Up"
2899.53267173766,-5.54142069582818,1.30909053620241,-4.23303090396138,2.30562808028144e-05,0.00074507309751304,"ENSG00000111799","COL12A1","collagen type XII alpha 1 chain","Down"
441.698305013751,5.11848830203032,1.20962432898297,4.23146937391202,2.32169610657292e-05,0.000749176626087602,"ENSG00000241743",NA,NA,"Up"
212.548669891159,2.63144759702323,0.621927786289305,4.23111437539011,2.32536385176317e-05,0.00074927267414856,"ENSG00000213214","ARHGEF35","Rho guanine nucleotide exchange factor 35","Up"
318.297157713634,-3.97980336408227,0.942302053038403,-4.22349007014216,2.4054797356126e-05,0.000772847268235187,"ENSG00000163823","CCR1","C-C motif chemokine receptor 1","Down"
75.4872207747067,-2.62151909093193,0.620684265870457,-4.22359520787187,2.40435730802185e-05,0.000772847268235187,"ENSG00000104447","TRPS1","transcriptional repressor GATA binding 1","Down"
43.2196784654435,-8.46131982482613,2.00399276843457,-4.22223071764661,2.41896311766281e-05,0.000776057820995632,"ENSG00000137745","MMP13","matrix metallopeptidase 13","Down"
234836.633074963,5.61067889947255,1.3290611758636,4.22153547283241,2.42643759930576e-05,0.000777334108722839,"ENSG00000211895","IGHA1","immunoglobulin heavy constant alpha 1","Up"
89.9201962930637,-4.09718674245708,0.970871883911974,-4.22011061433576,2.44182477569216e-05,0.00078113798903545,"ENSG00000131370","SH3BP5","SH3 domain binding protein 5","Down"
149.800980164276,-3.18447404940816,0.754763513654399,-4.21916798016592,2.45205534081878e-05,0.000783283712534826,"ENSG00000116157","GPX7","glutathione peroxidase 7","Down"
791.401836308878,3.1623861815879,0.74968451154091,4.21828933758802,2.46162810322512e-05,0.000785213452209528,"ENSG00000134716","CYP2J2","cytochrome P450 family 2 subfamily J member 2","Up"
27.4133325531143,7.41459020389656,1.75841836816572,4.21662463161768,2.47986255675566e-05,0.000786777527263736,"ENSG00000171303","KCNK3","potassium two pore domain channel subfamily K member 3","Up"
430.754977959706,-3.04816196504013,0.722949889335607,-4.21628388081143,2.48361079940688e-05,0.000786777527263736,"ENSG00000010818","HIVEP2","HIVEP zinc finger 2","Down"
3919.5191914944,6.25858539929691,1.48438831395817,4.21627234628934,2.4837377728565e-05,0.000786777527263736,"ENSG00000095110","NXPE1","neurexophilin and PC-esterase domain family member 1","Up"
21.380203700999,4.38905470023931,1.04099081920695,4.21622805817154,2.48422535932687e-05,0.000786777527263736,"ENSG00000198597","ZNF536","zinc finger protein 536","Up"
116.651325058838,-4.46703904762672,1.05944573628396,-4.21639249150692,2.48241550218063e-05,0.000786777527263736,"ENSG00000244482","LILRA6","leukocyte immunoglobulin like receptor A6","Down"
1101.07253956221,-2.26039981251728,0.536250956708639,-4.21519026537686,2.4956769557021e-05,0.000789280024980438,"ENSG00000159216","RUNX1","RUNX family transcription factor 1","Down"
959.7087377812,-11.7639069593673,2.79292326044478,-4.21204088417878,2.53073723756952e-05,0.000799231264245499,"ENSG00000163421","PROK2","prokineticin 2","Down"
1284.70077553014,-5.98727846518264,1.42159877206453,-4.21165140462774,2.53510550442768e-05,0.000799475186949512,"ENSG00000110848","CD69","CD69 molecule","Down"
2797.32212270181,-3.2783503828273,0.778576796095194,-4.21069623352411,2.54584875273457e-05,0.00080121458153905,"ENSG00000136997","MYC","MYC proto-oncogene, bHLH transcription factor","Down"
843.472335084284,4.07306515925648,0.967354280421334,4.21052063519318,2.54782849434673e-05,0.00080121458153905,"ENSG00000108187","PBLD","phenazine biosynthesis like protein domain containing","Up"
25.5202601477636,4.36089258171911,1.03648700641413,4.20737795527821,2.58350847687501e-05,0.000810143074278732,"ENSG00000272205",NA,NA,"Up"
988.78062537566,-2.43298586742031,0.578259595581791,-4.20742843873168,2.5829315826611e-05,0.000810143074278732,"ENSG00000075618","FSCN1","fascin actin-bundling protein 1","Down"
21.8611038019384,8.06127970674279,1.91627242964629,4.2067503461555,2.5906906520038e-05,0.000811251060084515,"ENSG00000289978","LOC105371123","uncharacterized LOC105371123","Up"
310.752957687459,-3.20530996416516,0.762453426472925,-4.20394197583028,2.62306206725785e-05,0.000819703470424184,"ENSG00000171488","LRRC8C","leucine rich repeat containing 8 VRAC subunit C","Down"
4532.47369345792,-4.88071242659872,1.16103222089885,-4.20377000633122,2.62505676670723e-05,0.000819703470424184,"ENSG00000099860","GADD45B","growth arrest and DNA damage inducible beta","Down"
1182.34182177473,3.49713570528192,0.832955872155494,4.19846455518965,2.68730905192317e-05,0.000837965528070237,"ENSG00000172594","SMPDL3A","sphingomyelin phosphodiesterase acid like 3A","Up"
46.1747144872044,3.3601833881344,0.800405196386193,4.19810291500547,2.6916031241294e-05,0.000838129023232058,"ENSG00000270761",NA,NA,"Up"
73.4054109717688,3.10539076366813,0.740167865957911,4.19552226797795,2.72243536461814e-05,0.000846544132329442,"ENSG00000142606","MMEL1","membrane metalloendopeptidase like 1","Up"
1775.120786641,2.34537808160067,0.55912693922518,4.19471486180011,2.73215060919205e-05,0.000848378554387805,"ENSG00000109814","UGDH","UDP-glucose 6-dehydrogenase","Up"
157.257766211625,-6.2017556875438,1.47868279282921,-4.1941082412123,2.73947154740126e-05,0.000849465424175344,"ENSG00000157766","ACAN","aggrecan","Down"
26.5198320503811,5.33847143031486,1.27475558614762,4.1878392127294,2.81622913495751e-05,0.000872050450661704,"ENSG00000168658","VWA3B","von Willebrand factor A domain containing 3B","Up"
1457.96024109831,5.53390237347923,1.32206247377617,4.18581003791212,2.84150919496703e-05,0.000878654713931878,"ENSG00000086696","HSD17B2","hydroxysteroid 17-beta dehydrogenase 2","Up"
41.7143726398652,8.24042764915691,1.96975517526419,4.1834781056238,2.87082750046383e-05,0.000885593300744532,"ENSG00000110887","DAO","D-amino acid oxidase","Up"
11.6267604591327,-7.84562344257091,1.87542149984499,-4.18339207651154,2.87191458569157e-05,0.000885593300744532,"ENSG00000104892","KLC3","kinesin light chain 3","Down"
169.814557598275,4.41472016239453,1.05620675578847,4.17978784759704,2.91781176144031e-05,0.000897257384399757,"ENSG00000127249","ATP13A4","ATPase 13A4","Up"
80.2264253637569,-9.61768259557498,2.30085464894285,-4.1800478791626,2.91447725312398e-05,0.000897257384399757,"ENSG00000167755","KLK6","kallikrein related peptidase 6","Down"
355.188035543524,-2.11615685620024,0.506679657052354,-4.1765182926647,2.96004948618974e-05,0.000907945703018514,"ENSG00000163013","FBXO41","F-box protein 41","Down"
102.472623997255,3.83121249671074,0.917333698489098,4.1764654487467,2.96073689870203e-05,0.000907945703018514,"ENSG00000263400","TMEM220-AS1","TMEM220 antisense RNA 1","Up"
2208.01631741603,-3.64985919539897,0.874112244330439,-4.1755040260244,2.97326995168124e-05,0.000910533207103706,"ENSG00000172216","CEBPB","CCAAT enhancer binding protein beta","Down"
5805.36754417911,2.96490774730477,0.710354885008938,4.17384016056631,2.99507923999869e-05,0.000914692262951799,"ENSG00000175793","SFN","stratifin","Up"
534.17511929928,3.38698749602239,0.811432371794602,4.17408475894494,2.99186363615404e-05,0.000914692262951799,"ENSG00000275234",NA,NA,"Up"
66.0652111639159,5.13649209210717,1.23075603371775,4.17344457503195,3.00028674401819e-05,0.000914965003556209,"ENSG00000204033","LRIT2","leucine rich repeat, Ig-like and transmembrane domains 2","Up"
29.6332950494534,6.33230255516931,1.5173924579748,4.17314750833861,3.00420299822801e-05,0.000914965003556209,"ENSG00000188095","MESP2","mesoderm posterior bHLH transcription factor 2","Up"
281.742032436885,-2.42113952105829,0.580233118937755,-4.17270135405355,3.01009381487649e-05,0.000915505003914487,"ENSG00000197381","ADARB1","adenosine deaminase RNA specific B1","Down"
264.941038860802,2.78615568620617,0.667839084248778,4.17189672170833,3.02074557453127e-05,0.000917489567739805,"ENSG00000186567","CEACAM19","CEA cell adhesion molecule 19","Up"
35.0719938911629,4.12402498814926,0.988740818429808,4.17098688683502,3.03283316277257e-05,0.000919904225210405,"ENSG00000289497","LOC105379130","uncharacterized LOC105379130","Up"
483.938643663587,2.77528863403196,0.665635976502628,4.16937895787098,3.05430774616993e-05,0.000925155641969973,"ENSG00000110723","EXPH5","exophilin 5","Up"
519.937363506688,-3.70039009468387,0.887841260701029,-4.16785100949474,3.0748479919293e-05,0.000928583303767643,"ENSG00000169174","PCSK9","proprotein convertase subtilisin/kexin type 9","Down"
139.867378556264,-2.8735569326863,0.689406252282369,-4.16816198456718,3.07065693657943e-05,0.000928583303767643,"ENSG00000113319","RASGRF2","Ras protein specific guanine nucleotide releasing factor 2","Down"
3685.97384961175,5.43503587499414,1.30411460517769,4.16760601669174,3.0781536224385e-05,0.000928583303767643,"ENSG00000169715","MT1E","metallothionein 1E","Up"
1092.4533223636,3.28966566930539,0.789858278667,4.1648809136459,3.11515122484101e-05,0.000938470964524258,"ENSG00000165092","ALDH1A1","aldehyde dehydrogenase 1 family member A1","Up"
63.5833659704234,-5.61780715197552,1.34927532821737,-4.16357361206452,3.13304953097232e-05,0.0009425857946158,"ENSG00000181652","ATG9B","autophagy related 9B","Down"
231.754223383125,-5.16047431776968,1.23966850523259,-4.16278569310065,3.1438841025414e-05,0.000944567233132472,"ENSG00000163600","ICOS","inducible T cell costimulator","Down"
13415.4018500014,-3.79412257142283,0.911912220199008,-4.16062257680332,3.17381216406657e-05,0.00095227214363957,"ENSG00000291237","SOD2","superoxide dismutase 2","Down"
2244.8680952778,-4.78537898454621,1.15054702945927,-4.15922066809842,3.19335279946261e-05,0.000956843838146256,"ENSG00000182492","BGN","biglycan","Down"
67.1041883484882,5.85013699405335,1.40729233620107,4.15701616754737,3.22431180719994e-05,0.000964819978593221,"ENSG00000205362","MT1A","metallothionein 1A","Up"
271.358651025077,-2.79383618902997,0.672764282063762,-4.15277128039503,3.28473002203276e-05,0.00098157799166471,"ENSG00000148516","ZEB1","zinc finger E-box binding homeobox 1","Down"
1067.80357637325,3.815373140689,0.919127855831811,4.15107987042357,3.30910252428348e-05,0.000987533911709995,"ENSG00000167705","RILP","Rab interacting lysosomal protein","Up"
226.7128130415,6.05552720023942,1.45911993521871,4.15012299816995,3.3229666305246e-05,0.000990342052231279,"ENSG00000089199","CHGB","chromogranin B","Up"
597.524946469761,4.44154979962412,1.07063946334884,4.14850185489281,3.34658136143964e-05,0.000994713147177641,"ENSG00000130035","GALNT8","polypeptide N-acetylgalactosaminyltransferase 8","Up"
2575.92112432265,4.74153794854467,1.14291481644314,4.14863634658336,3.34461621165121e-05,0.000994713147177641,"ENSG00000167741","GGT6","gamma-glutamyltransferase 6","Up"
553.39906576484,-2.30676841748232,0.556317772334331,-4.14649420205117,3.37604724735328e-05,0.00100213162150074,"ENSG00000198909","MAP3K3","mitogen-activated protein kinase kinase kinase 3","Down"
26.2005977667039,7.03841232582894,1.69825733039113,4.14449106143879,3.4056923960631e-05,0.00100958345388895,"ENSG00000128655","PDE11A","phosphodiesterase 11A","Up"
956.379286544081,2.03981750248052,0.492545732724854,4.14137686503925,3.45227191205142e-05,0.00102202878056777,"ENSG00000174607","UGT8","UDP glycosyltransferase 8","Up"
1051.43390833365,3.32254581011374,0.802400191567099,4.14075899411833,3.46158515035363e-05,0.00102342317350814,"ENSG00000232434","AJM1","apical junction component 1 homolog","Up"
1112.28213453009,4.74421737719565,1.14589811730568,4.1401738126166,3.4704276544332e-05,0.00102467487438265,"ENSG00000119121","TRPM6","transient receptor potential cation channel subfamily M member 6","Up"
1587.61516566993,-2.32008214897654,0.561100715150204,-4.13487647820136,3.55145604129896e-05,0.0010472085167931,"ENSG00000261371","PECAM1","platelet and endothelial cell adhesion molecule 1","Down"
21.0252216807026,-5.30641991134918,1.28360055070299,-4.134011868757,3.56485052446797e-05,0.00104976585047015,"ENSG00000303469",NA,NA,"Down"
1289.20682815264,-2.38223693657213,0.576589235828686,-4.13160147387825,3.60244597693243e-05,0.00105803410046418,"ENSG00000156587","UBE2L6","ubiquitin conjugating enzyme E2 L6","Down"
737.222505616916,-2.20823224778655,0.534470984047325,-4.13162232131767,3.60211920685133e-05,0.00105803410046418,"ENSG00000241839","PLEKHO2","pleckstrin homology domain containing O2","Down"
11681.3905634192,4.70957883813637,1.14037650067894,4.12984556883839,3.63006990033263e-05,0.00106474068725719,"ENSG00000198643","FAM3D","FAM3 metabolism regulating signaling molecule D","Up"
102.635918742951,4.78298523777999,1.15865363153135,4.12805441386181,3.65845552638567e-05,0.00107165272355906,"ENSG00000145198","VWA5B2","von Willebrand factor A domain containing 5B2","Up"
1491.31844228612,-3.30167030266088,0.80006862098899,-4.12673390262397,3.67951736847802e-05,0.00107640407438647,"ENSG00000254087","LYN","LYN proto-oncogene, Src family tyrosine kinase","Down"
263.69278681323,-2.67996814081454,0.649942100403585,-4.12339520574278,3.73328347823521e-05,0.00108925180823067,"ENSG00000175040","CHST2","carbohydrate sulfotransferase 2","Down"
133.352192436035,3.88074415646085,0.941120023790725,4.12353797428478,3.73096915982963e-05,0.00108925180823067,"ENSG00000184349","EFNA5","ephrin A5","Up"
19.2904355706051,5.34984845279461,1.29753177018837,4.12309630924717,3.73813308901184e-05,0.00108925180823067,"ENSG00000170099","SERPINA6","serpin family A member 6","Up"
39.6194552681356,-4.74050824563439,1.15037467749671,-4.12083848711801,3.77496006360849e-05,0.00109854302479329,"ENSG00000049192","ADAMTS6","ADAM metallopeptidase with thrombospondin type 1 motif 6","Down"
687.10282045505,2.54561564290497,0.617963217167768,4.11936434432451,3.79919013266342e-05,0.00110414894404583,"ENSG00000181350","LRRC75A","leucine rich repeat containing 75A","Up"
618.194195395508,-4.63878798907741,1.12639077632926,-4.11827590083304,3.817175238926e-05,0.00110792763821203,"ENSG00000154451","GBP5","guanylate binding protein 5","Down"
79.7178260062922,3.56883276010276,0.866795426995089,4.11727225243308,3.833830811834e-05,0.00111131108786839,"ENSG00000263429","TMEM238L","transmembrane protein 238 like","Up"
1613.42610081316,2.82484264766638,0.686303560908116,4.11602504863671,3.85462432711125e-05,0.00111588362844615,"ENSG00000165959","CLMN","calmin","Up"
27.9828425280671,-7.87076199360041,1.91422735245258,-4.11171744229655,3.92726757809178e-05,0.00113543485128368,"ENSG00000133055","MYBPH","myosin binding protein H","Down"
62.1111154475456,-8.18962429993985,1.99266417513297,-4.10988685506597,3.95853028722649e-05,0.00114298706332346,"ENSG00000108342","CSF3","colony stimulating factor 3","Down"
102.358580617542,2.18534171614798,0.531823504323831,4.10914842683845,3.9712078723612e-05,0.00114516037128672,"ENSG00000267394","ATXN7L3-AS1","ATXN7L3 antisense RNA 1","Up"
120.411898944359,-7.18328328158329,1.74839212318127,-4.10850814662389,3.98223160074661e-05,0.00114685175102849,"ENSG00000105989","WNT2","Wnt family member 2","Down"
3797.4769625542,2.76905879913633,0.674298965074539,4.10657429798996,4.0157033329312e-05,0.00115499524192832,"ENSG00000118640","VAMP8","vesicle associated membrane protein 8","Up"
2372.63113802285,-1.98363931774991,0.483269919405301,-4.10461987824718,4.04980227138887e-05,0.00116329785400244,"ENSG00000134294","SLC38A2","solute carrier family 38 member 2","Down"
6400.45388483585,3.66093086992616,0.892252514193751,4.10302107496353,4.07790087689836e-05,0.00116985767994943,"ENSG00000052344","PRSS8","serine protease 8","Up"
31.9572872325617,5.99269912107197,1.46138985295991,4.10068477547884,4.1192936897097e-05,0.00118020949231077,"ENSG00000254988",NA,NA,"Up"
3439.59132182864,1.58724805946045,0.387455828979942,4.09659099371202,4.19278727079283e-05,0.00119824707695734,"ENSG00000172340","SUCLG2","succinate-CoA ligase GDP-forming subunit beta","Up"
82.450916328837,9.28235969231725,2.26588156125653,4.0965776195159,4.19302939717002e-05,0.00119824707695734,"ENSG00000079689","SCGN","secretagogin, EF-hand calcium binding protein","Up"
22.693013137802,-9.0470197121411,2.21045973004439,-4.09282267809485,4.26153608721686e-05,0.00121626099906409,"ENSG00000204020","LIPN","lipase family member N","Down"
1014.39561996194,3.83853508492463,0.938175297912129,4.09149025077417,4.28609967916079e-05,0.00122170325854849,"ENSG00000182600","SNORC","secondary ossification center associated regulator of chondrocyte maturation","Up"
592.085455671123,3.69563363307901,0.903865478619885,4.08869872840136,4.33799817733425e-05,0.00123491310469491,"ENSG00000185133","INPP5J","inositol polyphosphate-5-phosphatase J","Up"
10083.6630923644,4.21431922065341,1.03132615888691,4.08631079929345,4.38286581433605e-05,0.00124609022570503,"ENSG00000171431","KRT20","keratin 20","Up"
27.7967182889367,4.16202690697388,1.01897430260695,4.08452587697818,4.41669045632765e-05,0.00125258310939106,"ENSG00000287090","LOC340090","uncharacterized LOC340090","Up"
67.5172716071663,6.98442184530853,1.70997743089409,4.08451112811273,4.41697097900683e-05,0.00125258310939106,"ENSG00000099769","IGFALS","insulin like growth factor binding protein acid labile subunit","Up"
82.2733935815455,3.5267877782605,0.86355764920458,4.08402123646175,4.42629830259146e-05,0.0012528117941151,"ENSG00000289515",NA,NA,"Up"
15.6121755516827,4.55344294589353,1.115196386172,4.08308617419715,4.44415336528832e-05,0.0012528117941151,"ENSG00000164175","SLC45A2","solute carrier family 45 member 2","Up"
9238.31738257886,-1.74563608776875,0.427480759336257,-4.08354305929272,4.4354206027019e-05,0.0012528117941151,"ENSG00000196924","FLNA","filamin A","Down"
2345.71617708506,3.00032011310115,0.734833666535294,4.08299217868925,4.44595198829134e-05,0.0012528117941151,"ENSG00000135124","P2RX4","purinergic receptor P2X 4","Up"
35.492142520137,3.85271317534664,0.943519082390111,4.08334420284007,4.43921948213068e-05,0.0012528117941151,"ENSG00000286750",NA,NA,"Up"
221.275927639771,-3.27571077191219,0.802585746647614,-4.08144648169342,4.47562842281342e-05,0.00125796171435271,"ENSG00000143507","DUSP10","dual specificity phosphatase 10","Down"
202.48847220184,4.28613401253036,1.05021299125559,4.08120452538494,4.4802908077444e-05,0.00125796171435271,"ENSG00000147041","SYTL5","synaptotagmin like 5","Up"
1392.29877907185,-3.7143924387055,0.910262887843539,-4.08057110567815,4.49251833399025e-05,0.00125796171435271,"ENSG00000151651","ADAM8","ADAM metallopeptidase domain 8","Down"
448.078921794242,2.8735739688414,0.704150190853152,4.08091058721401,4.48596105623944e-05,0.00125796171435271,"ENSG00000102886","GDPD3","glycerophosphodiester phosphodiesterase domain containing 3","Up"
24.9657711394547,5.1925864797924,1.27249630602423,4.08062990455039,4.49138195001499e-05,0.00125796171435271,"ENSG00000301249",NA,NA,"Up"
2730.60424841853,3.22564512091905,0.790707251361387,4.07944294853165,4.51437468905957e-05,0.00125937133941799,"ENSG00000143375","CGN","cingulin","Up"
224.856324089707,-2.87693612306565,0.705329960540759,-4.07885143693594,4.52587460169555e-05,0.00125937133941799,"ENSG00000134070","IRAK2","interleukin 1 receptor associated kinase 2","Down"
8899.88054486785,4.18090237527856,1.02497633494648,4.07902332252079,4.52253001599427e-05,0.00125937133941799,"ENSG00000214530","STARD10","StAR related lipid transfer domain containing 10","Up"
95.2084707596161,5.93707733802684,1.45546220687989,4.07916970290441,4.51968356410307e-05,0.00125937133941799,"ENSG00000174236","REP15","RAB15 effector protein","Up"
143.195289671573,-4.26287724427701,1.04487921147982,-4.07977993766348,4.50783548912314e-05,0.00125937133941799,"ENSG00000225614","ZNF469","zinc finger protein 469","Down"
84.7417784128425,7.23663084461383,1.77496914118431,4.07704600418312,4.56114710321686e-05,0.00126759979432276,"ENSG00000127129","EDN2","endothelin 2","Up"
2503.04183027807,2.66627991074272,0.654664085124963,4.0727450479184,4.64622750823965e-05,0.00128963266155671,"ENSG00000075234","TTC38","tetratricopeptide repeat domain 38","Up"
14.2289997238114,-8.26468374552355,2.03002946758513,-4.07121368309742,4.67688224015151e-05,0.00129508938711969,"ENSG00000225938",NA,NA,"Down"
147.247201822469,-8.14390075886886,2.00037792269953,-4.07118108356174,4.67753689496293e-05,0.00129508938711969,"ENSG00000182747","SLC35D3","solute carrier family 35 member D3","Down"
2057.3739655192,2.19166274882624,0.538605890556408,4.069139954192,4.71869976992888e-05,0.00130486134309489,"ENSG00000090020","SLC9A1","solute carrier family 9 member A1","Up"
91.8590852485248,-2.58698449303756,0.635855040658263,-4.06851299057,4.73141236419715e-05,0.00130675144215149,"ENSG00000143479","DYRK3","dual specificity tyrosine phosphorylation regulated kinase 3","Down"
3285.06967942631,3.26948994911886,0.803957602734256,4.06674423875007,4.76745162696869e-05,0.00131334522718829,"ENSG00000116299","ELAPOR1","endosome-lysosome associated apoptosis and autophagy regulator 1","Up"
4133.50128466305,6.34390904688497,1.55984425076652,4.06701441106542,4.76192993063807e-05,0.00131334522718829,"ENSG00000125144","MT1G","metallothionein 1G","Up"
529.535334252168,-2.00091909501419,0.492052760699771,-4.06647265258423,4.77300833701316e-05,0.00131334522718829,"ENSG00000140931","CMTM3","CKLF like MARVEL transmembrane domain containing 3","Down"
43.2102817666018,7.30036692162958,1.79579611891736,4.06525375833353,4.79802287979207e-05,0.00131859632492481,"ENSG00000222375","RN7SKP127","RN7SK pseudogene 127","Up"
221.262997113836,-2.83166074277821,0.696704819012247,-4.06436221697562,4.81639802939621e-05,0.00132201206651316,"ENSG00000270069",NA,NA,"Down"
899.710733446346,-5.22904835755462,1.28733467974497,-4.06191834946179,4.86711016902566e-05,0.00133428434510416,"ENSG00000168421","RHOH","ras homolog family member H","Down"
332.943532216686,-2.43754475463815,0.600150515389285,-4.06155571333143,4.87467814001183e-05,0.00133471328924733,"ENSG00000127946","HIP1","huntingtin interacting protein 1","Down"
307.539116364213,-7.62818989857892,1.87837948065728,-4.06104835424931,4.88528510538865e-05,0.00133597224782418,"ENSG00000060718","COL11A1","collagen type XI alpha 1 chain","Down"
59.1476885847045,8.13419006641939,2.0034354448016,4.06012087263682,4.90473183002062e-05,0.00133699456722484,"ENSG00000307777",NA,NA,"Up"
242.444746521307,-2.73471411622826,0.673573267723661,-4.06000987163612,4.90706412474912e-05,0.00133699456722484,"ENSG00000143702","CEP170","centrosomal protein 170","Down"
687.211379924586,-3.03534254918185,0.747528041840762,-4.06050660214355,4.89663525228709e-05,0.00133699456722484,"ENSG00000143515","ATP8B2","ATPase phospholipid transporting 8B2","Down"
1868.03333127548,1.78097662497638,0.438852206402141,4.05826061483758,4.94395770781458e-05,0.00134539794024286,"ENSG00000145214","DGKQ","diacylglycerol kinase theta","Up"
71.0241756727116,4.65123716862848,1.14642332656471,4.05717247795894,4.96704009894089e-05,0.00135002692566935,"ENSG00000168913","ENHO","energy homeostasis associated","Up"
5473.2518028619,-2.29609731711688,0.566003092708879,-4.05668687449711,4.97737402376263e-05,0.00135118384212838,"ENSG00000152558","TMEM123","transmembrane protein 123","Down"
69.8789723322313,4.76655854301325,1.17541629593714,4.05520883068322,5.0089532179956e-05,0.0013578890185792,"ENSG00000168412","MTNR1A","melatonin receptor 1A","Up"
1705.76823606664,1.96591023785182,0.48481618947771,4.05495996321757,5.0142890489521e-05,0.0013578890185792,"ENSG00000197892","KIF13B","kinesin family member 13B","Up"
549.479137023368,-7.18788072164182,1.77390529077249,-4.05200929217123,5.0779647808105e-05,0.00137345974418199,"ENSG00000223617","LINC00370","long intergenic non-protein coding RNA 370","Down"
211.366022377537,3.56116777594753,0.879362283847694,4.04971630164243,5.12797611491656e-05,0.00138201097058992,"ENSG00000178750","STX19","syntaxin 19","Up"
393.400083715686,-3.44795084840393,0.851325602022783,-4.05009650856436,5.11965144307241e-05,0.00138201097058992,"ENSG00000147251","DOCK11","dedicator of cytokinesis 11","Down"
509.261800191237,-6.30186247890847,1.55612885828625,-4.04970478206327,5.12822853747438e-05,0.00138201097058992,"ENSG00000164932","CTHRC1","collagen triple helix repeat containing 1","Down"
8272.9133240187,2.57425853301267,0.635912862219844,4.04813094049781,5.16282623952144e-05,0.00138965031214625,"ENSG00000140391","TSPAN3","tetraspanin 3","Up"
754.20345490154,4.14803174374284,1.02499532626271,4.04687869052748,5.19051230986831e-05,0.00139541306149096,"ENSG00000062524","LTK","leukocyte receptor tyrosine kinase","Up"
2817.24516840584,4.01275101337312,0.99180795350752,4.04589517474836,5.2123555070265e-05,0.00139959299502077,"ENSG00000134028","ADAMDEC1","ADAM like decysin 1","Up"
92.2173664039365,-4.94563021265055,1.22300276383524,-4.04384222088055,5.25823118503442e-05,0.00141020812951592,"ENSG00000011590","ZBTB32","zinc finger and BTB domain containing 32","Down"
43.488437107395,7.11347464264666,1.75975917954244,4.04230006318039,5.29294389992147e-05,0.00141780749068619,"ENSG00000278484",NA,NA,"Up"
156.554276064015,3.36449086566491,0.832721745086292,4.04035427862672,5.33705181052547e-05,0.00142790220100376,"ENSG00000178226","PRSS36","serine protease 36","Up"
55.3521712583674,4.55226890060246,1.12720575484616,4.03854299095887,5.37842369704701e-05,0.00143724151510152,"ENSG00000272989",NA,NA,"Up"
862.796031954655,-3.15371094367036,0.781126636577806,-4.03738753230473,5.40497425081327e-05,0.00144260255124047,"ENSG00000173559","NABP1","nucleic acid binding protein 1","Down"
22.4859309217475,-9.01156014705575,2.23556155502559,-4.03100515250746,5.55388259990482e-05,0.0014805692067588,"ENSG00000289172",NA,NA,"Down"
157.969992244492,4.07565787820779,1.01132050182083,4.03003585002952,5.57683467596364e-05,0.00148490736946946,"ENSG00000171243","SOSTDC1","sclerostin domain containing 1","Up"
249.39048226233,3.19032865494948,0.791980988733203,4.0282894417106,5.61841476919199e-05,0.00149233264369642,"ENSG00000164342","TLR3","toll like receptor 3","Up"
26.4913874973154,5.05800109386121,1.25570409734615,4.028019900987,5.6248583430828e-05,0.00149233264369642,"ENSG00000187658","C5orf52","chromosome 5 open reading frame 52","Up"
2699.3175445338,2.68973230124244,0.667690801641523,4.02840999850487,5.61553503189844e-05,0.00149233264369642,"ENSG00000077463","SIRT6","sirtuin 6","Up"
41.2318174768805,8.70797325337552,2.16203891319461,4.02766721738078,5.63330008266473e-05,0.00149279095039195,"ENSG00000165496","RPL10L","ribosomal protein L10 like","Up"
47.007670033855,3.7436240691894,0.929650025405806,4.02691762155898,5.65128208218153e-05,0.00149577326825169,"ENSG00000302344",NA,NA,"Up"
70.8952515193401,7.88367403004869,1.9579168242948,4.02656227896107,5.65982535346339e-05,0.00149625323523842,"ENSG00000251061",NA,NA,"Up"
392.445455223185,2.12457362743297,0.527837375754047,4.02505340664421,5.69623864001233e-05,0.00150218214526471,"ENSG00000227888","FAM86B2-DT","FAM86B2 divergent transcript","Up"
49.2817170808213,6.12969928583892,1.52298461561328,4.02479396245942,5.70252206451406e-05,0.00150218214526471,"ENSG00000153446","C16orf89","chromosome 16 open reading frame 89","Up"
21266.2328236432,-4.65698138980451,1.15694653478433,-4.02523474489911,5.6918507409562e-05,0.00150218214526471,"ENSG00000128016","ZFP36","ZFP36 ring finger protein","Down"
238.775256270366,-5.76772085429237,1.43324251546231,-4.02424627518945,5.71580795197458e-05,0.00150390009699705,"ENSG00000173535","TNFRSF10C","TNF receptor superfamily member 10c","Down"
263.619642675132,-2.53671520756764,0.630418957246087,-4.02385616487326,5.7252891850602e-05,0.00150461411881139,"ENSG00000133065","SLC41A1","solute carrier family 41 member 1","Down"
104.837178299059,2.99699814518147,0.744897874639981,4.02336782962357,5.7371786699777e-05,0.00150595859940513,"ENSG00000235092","ID2-AS1","ID2 antisense RNA 1","Up"
39.3577278320007,-4.1890358174934,1.04175264388022,-4.02114248723238,5.79165573304691e-05,0.00151790430869024,"ENSG00000261468",NA,NA,"Down"
16.7533284714038,7.39544664426369,1.83922779657657,4.02095197670955,5.79634218539115e-05,0.00151790430869024,"ENSG00000036473","OTC","ornithine transcarbamylase","Up"
815.176597583666,2.73743669993974,0.681411841473697,4.01730133427011,5.886842755791e-05,0.00153979029399413,"ENSG00000143365","RORC","RAR related orphan receptor C","Up"
1419.7044090692,-2.97885135961824,0.742174461550446,-4.01368076367819,5.97791834626499e-05,0.00156177507159236,"ENSG00000163565","IFI16","interferon gamma inducible protein 16","Down"
39.1609393382163,-5.54896763652667,1.38325701807367,-4.01152321226189,6.03282440267152e-05,0.00157426977634502,"ENSG00000260997",NA,NA,"Down"
415.985900903663,-2.13030641419655,0.531262329643345,-4.0098954797467,6.07456311285864e-05,0.00158330318509011,"ENSG00000141424","SLC39A6","solute carrier family 39 member 6","Down"
19.4584870412796,7.16074094128869,1.78652109264467,4.00820397294515,6.11822675574692e-05,0.00159281657447917,"ENSG00000299335",NA,NA,"Up"
1485.83989347589,7.34542061474941,1.83314596172982,4.00700258904535,6.14941892666741e-05,0.00159906469001867,"ENSG00000184709","LRRC26","leucine rich repeat containing 26","Up"
2734.39056010363,-3.67308225600822,0.916804972753214,-4.00639434249332,6.16526850791972e-05,0.0016003379792795,"ENSG00000196352","CD55","CD55 molecule (Cromer blood group)","Down"
24.0191286917994,6.19122715010055,1.54538732688845,4.00626240579199,6.1687115919693e-05,0.0016003379792795,"ENSG00000295732",NA,NA,"Up"
97.5565841342544,6.11933140309307,1.52765129264421,4.00571218874244,6.18308995840568e-05,0.00160219859027079,"ENSG00000219159",NA,NA,"Up"
1769.59885354953,2.22866220973612,0.556423730650168,4.00533278322257,6.19302312518053e-05,0.00160290434391314,"ENSG00000136044","APPL2","adaptor protein, phosphotyrosine interacting with PH domain and leucine zipper 2","Up"
2647.51568054709,5.10351752728319,1.27520703891685,4.00210896860956,6.27803708834481e-05,0.00161925288381868,"ENSG00000243709","LEFTY1","left-right determination factor 1","Up"
6150.22219845558,2.51840782721479,0.629192106410785,4.00260556601863,6.26486991590342e-05,0.00161925288381868,"ENSG00000135940","COX5B","cytochrome c oxidase subunit 5B","Up"
166212.447102413,5.77592774898868,1.44319495752516,4.0021812152763,6.27611985657532e-05,0.00161925288381868,"ENSG00000211890","IGHA2","immunoglobulin heavy constant alpha 2 (A2m marker)","Up"
763.976385547074,-5.59126787552133,1.39729066685726,-4.00150663576464,6.29404297240747e-05,0.00162150008581153,"ENSG00000113263","ITK","IL2 inducible T cell kinase","Down"
916.641773408587,2.51558005098641,0.628710636162532,4.00117304574452,6.3029241254586e-05,0.00162190870464492,"ENSG00000103089","FA2H","fatty acid 2-hydroxylase","Up"
226.560115640855,4.80439266790207,1.20083661716408,4.00087122530311,6.31096969925717e-05,0.00162210161067728,"ENSG00000164850","GPER1","G protein-coupled estrogen receptor 1","Up"
434.241340319832,3.1842222059392,0.796010501325688,4.00022637972257,6.32819181937265e-05,0.00162288226803705,"ENSG00000162882","HAAO","3-hydroxyanthranilate 3,4-dioxygenase","Up"
410.919370654745,-6.08966794394274,1.52233672087911,-4.00021089974503,6.328605794936e-05,0.00162288226803705,"ENSG00000153064","BANK1","B cell scaffold protein with ankyrin repeats 1","Down"
656.02379066376,1.47803758890502,0.36984918702561,3.99632509886434,6.43333721333477e-05,0.0016478385514294,"ENSG00000158006","PAFAH2","platelet activating factor acetylhydrolase 2","Up"
42.5420403925379,-2.57332756242947,0.643984962429004,-3.99594355856277,6.44370859886185e-05,0.00164859577995967,"ENSG00000213190","MLLT11","MLLT11 transcription factor 7 cofactor","Down"
5801.49173990201,2.69472451580463,0.674576330931862,3.99469176761972,6.47784720043811e-05,0.00165542502077403,"ENSG00000143153","ATP1B1","ATPase Na+/K+ transporting subunit beta 1","Up"
1860.40947613917,2.08590595787875,0.522238455848555,3.99416384319972,6.49229591409364e-05,0.00165721257242301,"ENSG00000130517","PGPEP1","pyroglutamyl-peptidase I","Up"
976.182649803155,-4.29696961986488,1.07630142701794,-3.99234778659569,6.54223268453127e-05,0.00166613355412581,"ENSG00000012660","ELOVL5","ELOVL fatty acid elongase 5","Down"
1364.84595200063,4.67749534442769,1.17154290007299,3.99259416290796,6.53543673538584e-05,0.00166613355412581,"ENSG00000204175","GPRIN2","G protein regulated inducer of neurite outgrowth 2","Up"
14.3286652054677,7.36315292378667,1.8456805566446,3.98939724281038,6.62414073644501e-05,0.00168313738278151,"ENSG00000277566",NA,NA,"Up"
37.4532501972956,4.62666375336835,1.15969938569117,3.98953712527054,6.62023573896112e-05,0.00168313738278151,"ENSG00000099960","SLC7A4","solute carrier family 7 member 4","Up"
1632.59157900829,-1.63810356713858,0.410723027378425,-3.98834118845081,6.65369227049884e-05,0.00168871621289955,"ENSG00000131238","PPT1","palmitoyl-protein thioesterase 1","Down"
1581.22245976753,-3.60339666874789,0.903980817130904,-3.98614284779241,6.71560900473964e-05,0.00170086343759463,"ENSG00000132274","TRIM22","tripartite motif containing 22","Down"
504.140345802964,-2.06374087875473,0.517734495948709,-3.98609884970689,6.71685376785896e-05,0.00170086343759463,"ENSG00000137478","FCHSD2","FCH and double SH3 domains 2","Down"
68.8127933675168,6.56194138535005,1.64646313036494,3.98547727205745,6.73446235487611e-05,0.00170117384384958,"ENSG00000165078","CPA6","carboxypeptidase A6","Up"
2896.74888692433,4.58015896155883,1.14914171428654,3.98572160823739,6.72753538489538e-05,0.00170117384384958,"ENSG00000166866","MYO1A","myosin IA","Up"
118.698523026963,3.59445977496071,0.901941828692418,3.98524567839563,6.74103430230504e-05,0.00170117384384958,"ENSG00000136457","CHAD","chondroadherin","Up"
2829.46592275323,-4.7237083954108,1.18608543560607,-3.98260382735166,6.81643300304611e-05,0.00171825118998553,"ENSG00000168685","IL7R","interleukin 7 receptor","Down"
935.905699330203,1.75694636551452,0.441209813498534,3.98211080479596,6.83059198248748e-05,0.00171987034594161,"ENSG00000162813","BPNT1","3'(2'), 5'-bisphosphate nucleotidase 1","Up"
24.6293588134326,7.92445743613042,1.9907248736454,3.98068941672449,6.87156836444211e-05,0.00172627773386035,"ENSG00000305268",NA,NA,"Up"
2713.7323337721,3.8126502628754,0.957764099913984,3.98078218135114,6.86888702764091e-05,0.00172627773386035,"ENSG00000095203","EPB41L4B","erythrocyte membrane protein band 4.1 like 4B","Up"
94.8965110689088,2.88423670219152,0.724658339552512,3.98013318106928,6.88766699186724e-05,0.00172836907709012,"ENSG00000203797","DDO","D-aspartate oxidase","Up"
629.258884495573,-3.56217768133827,0.895160936838088,-3.97937123342389,6.90977728434841e-05,0.00173196255200584,"ENSG00000155926","SLA","Src like adaptor","Down"
28.3530373953474,4.8162933136145,1.21057495930321,3.97851721333035,6.93463915771634e-05,0.00173623685127824,"ENSG00000164199","ADGRV1","adhesion G protein-coupled receptor V1","Up"
922.936008663355,5.28826696657595,1.32954116247559,3.9775127809727,6.963988074549e-05,0.00173987918974467,"ENSG00000204128","C2orf72","chromosome 2 open reading frame 72","Up"
268.033202222691,-5.73590361845238,1.44209354077785,-3.97748374585916,6.96483820839632e-05,0.00173987918974467,"ENSG00000125245","GPR18","G protein-coupled receptor 18","Down"
80.2033544385187,3.4581221499214,0.869942123364871,3.97511749005283,7.03445203062541e-05,0.0017533292824764,"ENSG00000184454","NCMAP","non-compact myelin associated protein","Up"
1703.43184957448,-5.30794630508258,1.33525887193037,-3.97521890074316,7.03145513709668e-05,0.0017533292824764,"ENSG00000134321","RSAD2","radical S-adenosyl methionine domain containing 2","Down"
1240.74616912291,5.69964447918768,1.43421094438566,3.97406288210213,7.06568956234463e-05,0.00175914306875261,"ENSG00000196188","CTSE","cathepsin E","Up"
19.0583861743327,7.79625985659932,1.96193755800789,3.97375534444403,7.07482352491096e-05,0.00175944688399715,"ENSG00000304312",NA,NA,"Up"
15.76140452512,8.02570125489947,2.02204784906097,3.96909561691458,7.21459297483661e-05,0.00179220162692226,"ENSG00000232234","LOC105374910","uncharacterized LOC105374910","Up"
161.177407497791,3.1526647040136,0.795500871080371,3.96311910976535,7.39768493374137e-05,0.00183358672387817,"ENSG00000127578","WFIKKN1","WAP, follistatin/kazal, immunoglobulin, kunitz and netrin domain containing 1","Up"
24618.1722302222,5.49354279475404,1.38613096656507,3.96322059550219,7.39453953878674e-05,0.00183358672387817,"ENSG00000160180","TFF3","trefoil factor 3","Up"
2390.69696270972,2.20121659578405,0.555707719572562,3.961104944659,7.46037327647499e-05,0.00184706546832816,"ENSG00000198113","TOR4A","torsin family 4 member A","Up"
792.14227653215,2.53562921590263,0.64053673036521,3.95860080413642,7.53901214797172e-05,0.00186238730095395,"ENSG00000067836","ROGDI","rogdi atypical leucine zipper","Up"
61.6811449098908,-6.18441401103415,1.56221172926137,-3.95875533078875,7.53413685882182e-05,0.00186238730095395,"ENSG00000187912","CLEC17A","C-type lectin domain containing 17A","Down"
23.8287292669311,3.38021727517745,0.854983617319089,3.9535462513031,7.70013710877064e-05,0.00190007933783904,"ENSG00000298231",NA,NA,"Up"
1004.98134285588,-3.02792289104547,0.766789154203239,-3.94883374973104,7.85328672221279e-05,0.00193572199218356,"ENSG00000141582","CBX4","chromobox 4","Down"
67.2205089652421,-6.98238473728331,1.76867811350852,-3.94779846256613,7.88731573809899e-05,0.0019419567088057,"ENSG00000007908","SELE","selectin E","Down"
294.401985557186,-1.91700614279987,0.485880075423067,-3.94543065206097,7.965668402605e-05,0.00195907860171589,"ENSG00000266028","SRGAP2","SLIT-ROBO Rho GTPase activating protein 2","Down"
94.6925645776496,6.77100522801506,1.71665507193448,3.94430153075823,8.00329045462357e-05,0.0019661564273773,"ENSG00000164488","DACT2","dishevelled binding antagonist of beta catenin 2","Up"
48.6963503413246,4.92541065354585,1.24896431218402,3.94359599029133,8.02688409856493e-05,0.00196760434579266,"ENSG00000072657","TRHDE","thyrotropin releasing hormone degrading enzyme","Up"
8320.11235708298,-4.15227142777106,1.05286033803251,-3.94380078513591,8.02002888757124e-05,0.00196760434579266,"ENSG00000100906","NFKBIA","NFKB inhibitor alpha","Down"
63.0852409745886,3.75195620502833,0.95204980285264,3.94092430226475,8.11682397423726e-05,0.00198745977333939,"ENSG00000138669","PRKG2","protein kinase cGMP-dependent 2","Up"
91.3483996494003,-3.25628874262445,0.826521634158042,-3.93975016267004,8.15665084437152e-05,0.00199501450190222,"ENSG00000204131","NHSL2","NHS like 2","Down"
32.6657376098241,2.70377809684439,0.68636128911961,3.93929281809076,8.17221392188579e-05,0.0019966245288493,"ENSG00000232874",NA,NA,"Up"
1443.20737633166,4.67922798676766,1.18806895400593,3.93851549692484,8.19872996164093e-05,0.00200090409700508,"ENSG00000172367","NHERF4","NHERF family PDZ scaffold protein 4","Up"
16.1468789609817,7.57752077344219,1.92438788106002,3.93762652946464,8.22915416000929e-05,0.00200612702236279,"ENSG00000249948","GBA3","glucosylceramidase beta 3 (gene/pseudogene)","Up"
4398.59572859156,2.92376429702426,0.742693470003737,3.93670392309973,8.26084244354852e-05,0.00201164633129698,"ENSG00000099849","RASSF7","Ras association domain family member 7","Up"
940.602930951992,3.88149373548343,0.98630091721331,3.93540517679958,8.30564529722077e-05,0.00201813564910502,"ENSG00000175311","ANKS4B","ankyrin repeat and sterile alpha motif domain containing 4B","Up"
4487.01018919198,3.29748191218003,0.83785742103809,3.93561222874234,8.29848727170172e-05,0.00201813564910502,"ENSG00000184730","APOBR","apolipoprotein B receptor","Up"
94.7877490787505,4.84056867342038,1.23057755243493,3.93357465674748,8.36918282940844e-05,0.00203135416862705,"ENSG00000143001","TMEM61","transmembrane protein 61","Up"
1224.8173680366,3.33358897312306,0.847670795065222,3.93264577773565,8.40159972833173e-05,0.00203699854700108,"ENSG00000173372","C1QA","complement C1q A chain","Up"
90.3117144216869,3.82485965796721,0.972674728985579,3.93231112517566,8.41330779864651e-05,0.00203761516652841,"ENSG00000257084","MIR200CHG","MIR200C and MIR141 host gene","Up"
374.039323433747,-2.29481042987297,0.583725448398588,-3.9313181156803,8.44813980019706e-05,0.00204382472445899,"ENSG00000153250","RBMS1","RNA binding motif single stranded interacting protein 1","Down"
36.5178678674164,4.38034077023764,1.11450973450181,3.9302848908679,8.48452708238367e-05,0.00204817036506662,"ENSG00000204361","NXPE2","neurexophilin and PC-esterase domain family member 2","Up"
620.047808586744,-1.8088511617194,0.46021721210703,-3.93042918459714,8.47943657945796e-05,0.00204817036506662,"ENSG00000138185","ENTPD1","ectonucleoside triphosphate diphosphohydrolase 1","Down"
780.118047639844,-2.93021262811161,0.746206328768925,-3.92681288692072,8.60788932751275e-05,0.00207569634944242,"ENSG00000120709","FAM53C","family with sequence similarity 53 member C","Down"
1229.42945112399,3.08964151590915,0.787057509918616,3.92556004735743,8.65281806366111e-05,0.00208271965078422,"ENSG00000085831","TTC39A","tetratricopeptide repeat domain 39A","Up"
96.7342422096008,2.42526231452742,0.617825907513378,3.92547849650495,8.6557502690803e-05,0.00208271965078422,"ENSG00000204136","GGTA1","glycoprotein alpha-galactosyltransferase 1 (inactive)","Up"
1186.03769437557,1.53352037845262,0.390985942641624,3.92218801548638,8.7748475513247e-05,0.00210909389847137,"ENSG00000138794","CASP6","caspase 6","Up"
38.6207325701355,-6.08677482676907,1.55262728965315,-3.92030648136349,8.84364273296319e-05,0.00212099625604104,"ENSG00000198759","EGFL6","EGF like domain multiple 6","Down"
14.2754508339992,5.16627575677901,1.31799727818282,3.91979243227422,8.8625265230159e-05,0.00212099625604104,"ENSG00000253696","KBTBD11-OT1","KBTBD11 overlapping transcript 1","Up"
9.22715690809197,7.55516793074696,1.92707453469472,3.92053747518584,8.83516947070878e-05,0.00212099625604104,"ENSG00000306921",NA,NA,"Up"
224.851375857969,3.92554858084344,1.00140490705094,3.92004128719908,8.85337999027201e-05,0.00212099625604104,"ENSG00000227258","SMIM2-AS1","SMIM2 antisense RNA 1","Up"
84.6315350983676,2.25855639519176,0.576407681445213,3.91833153494578,8.91640132263076e-05,0.00213126045965222,"ENSG00000197181","PIWIL2","piwi like RNA-mediated gene silencing 2","Up"
235.210982645728,4.19865896007003,1.07167385342917,3.91785144951988,8.93417329373394e-05,0.00213126045965222,"ENSG00000153233","PTPRR","protein tyrosine phosphatase receptor type R","Up"
22.0264553438398,8.21901464682691,2.09782727009114,3.9178700572759,8.93348384237111e-05,0.00213126045965222,"ENSG00000274139",NA,NA,"Up"
781.616236319217,-2.95987824017886,0.755564188200045,-3.91744114716458,8.94938852547598e-05,0.00213260187660137,"ENSG00000135074","ADAM19","ADAM metallopeptidase domain 19","Down"
1106.4777574103,-1.73925267666199,0.444240788156642,-3.91511253137953,9.03620524445401e-05,0.00215098448822212,"ENSG00000157933","SKI","SKI proto-oncogene","Down"
3858.26212278398,4.45226686983794,1.13736700410844,3.91453845043446,9.05773035365678e-05,0.002151703510548,"ENSG00000139540","SLC39A5","solute carrier family 39 member 5","Up"
74.0614584989956,-3.04989906455005,0.779125502180217,-3.91451576930232,9.05858177426767e-05,0.002151703510548,"ENSG00000005102","MEOX1","mesenchyme homeobox 1","Down"
30.8294286645679,4.92511304624364,1.25846557801062,3.91358582411865,9.09355588770758e-05,0.00215344437934209,"ENSG00000132692","BCAN","brevican","Up"
458.011050216425,-1.964433082967,0.501957024835657,-3.91354834332714,9.0949681653498e-05,0.00215344437934209,"ENSG00000164086","DUSP7","dual specificity phosphatase 7","Down"
201.890334999404,4.69915583805732,1.20066171494282,3.91380501233115,9.08530101442203e-05,0.00215344437934209,"ENSG00000140323","DISP2","dispatched RND transporter family member 2","Up"
39.2080463145058,4.11913994930533,1.05282748297717,3.91245480945966,9.13626387819028e-05,0.00216092079578515,"ENSG00000160973","FOXH1","forkhead box H1","Up"
326.967669380189,2.57074361964856,0.657124170669304,3.91211240492062,9.14923065287587e-05,0.00216168804575334,"ENSG00000166821","PEX11A","peroxisomal biogenesis factor 11 alpha","Up"
1385.06202145887,2.81468019693549,0.719576705271283,3.91157770438712,9.16951440094378e-05,0.00216418061227371,"ENSG00000117266","CDK18","cyclin dependent kinase 18","Up"
1129.31481951622,-2.89452572558384,0.740240537275804,-3.91025022249677,9.22005591096973e-05,0.00217149897318422,"ENSG00000111331","OAS3","2'-5'-oligoadenylate synthetase 3","Down"
5013.72401333459,4.77013942545445,1.21983165666385,3.91048994293232,9.21090955844951e-05,0.00217149897318422,"ENSG00000134398","ERN2","endoplasmic reticulum to nucleus signaling 2","Up"
624.940842746442,-2.60620047956452,0.666692653730018,-3.9091483384185,9.26220791026975e-05,0.00217616114415489,"ENSG00000073111","MCM2","minichromosome maintenance complex component 2","Down"
19.9397889722881,7.63636113296385,1.95345041259637,3.9091655891148,9.26154659377534e-05,0.00217616114415489,"ENSG00000147724","FAM135B","family with sequence similarity 135 member B","Up"
2453.1665622805,1.94467255171431,0.497490318175341,3.90896562338507,9.26921514647002e-05,0.00217616114415489,"ENSG00000051009","FHIP1B","FHF complex subunit HOOK interacting protein 1B","Up"
965.150212597762,3.61524699658833,0.925577152831854,3.90593802529296,9.38605675896456e-05,0.00220126793166729,"ENSG00000140832","MARVELD3","MARVEL domain containing 3","Up"
561.629714114798,-13.7136792027643,3.51215102166103,-3.90463824539032,9.43664364381238e-05,0.00221079976957725,"ENSG00000171049","FPR2","formyl peptide receptor 2","Down"
1406.78241940705,1.56712237909193,0.40154655061547,3.90271657592358,9.51190614075091e-05,0.00222392956156391,"ENSG00000143158","MPC2","mitochondrial pyruvate carrier 2","Up"
553.284387935385,-5.73262885575105,1.46888920581075,-3.90269656354845,9.51269290265496e-05,0.00222392956156391,"ENSG00000062038","CDH3","cadherin 3","Down"
997.296768349598,-4.07518157273203,1.04428244652524,-3.90237486638967,9.52534846707694e-05,0.0022245490805517,"ENSG00000133574","GIMAP4","GTPase, IMAP family member 4","Down"
24.6855396936045,8.06292579019429,2.06668148068759,3.9013877394942,9.56428134785338e-05,0.00223129766219123,"ENSG00000225385",NA,NA,"Up"
2369.42697056006,2.11994625079776,0.543481029881798,3.90068122756526,9.59223881136396e-05,0.00223547427141567,"ENSG00000111775","COX6A1","cytochrome c oxidase subunit 6A1","Up"
23.6800130573215,5.58892876336188,1.43292920403874,3.90035233255723,9.60527985904574e-05,0.00223616949849386,"ENSG00000235529","AGAP1-IT1","AGAP1 intronic transcript 1","Up"
471.319698929099,-1.46724792418719,0.376241635972675,-3.89974894828959,9.62924824723875e-05,0.00223940456360731,"ENSG00000020129","NCDN","neurochondrin","Down"
2714.52408693832,4.37822693139083,1.12314276381542,3.89819270750371,9.6913281275298e-05,0.00225026889470182,"ENSG00000119227","PIGZ","phosphatidylinositol glycan anchor biosynthesis class Z (Gwada blood group)","Up"
19.7787006276952,4.16981394453743,1.06971221016551,3.89807081279576,9.69620654488527e-05,0.00225026889470182,"ENSG00000164303","ENPP6","ectonucleotide pyrophosphatase/phosphodiesterase 6","Up"
26.7329091281483,4.23628026488045,1.08687612297964,3.89766614181091,9.71241874335549e-05,0.00225168097936416,"ENSG00000300625",NA,NA,"Up"
2173.31566221549,1.25396646959795,0.321880689140214,3.8957493006103,9.78956085871807e-05,0.00226720111012374,"ENSG00000204370","SDHD","succinate dehydrogenase complex subunit D","Up"
4603.75622479297,4.53775193141514,1.16600888608993,3.89169584001365,9.95459907556809e-05,0.00230302394637987,"ENSG00000166126","AMN","amnion associated transmembrane protein","Up"
3815.82265745651,-4.3460282620904,1.11703826527266,-3.89067089033837,9.99674442121095e-05,0.00231037025693122,"ENSG00000144802","NFKBIZ","NFKB inhibitor zeta","Down"
4284.11681782335,4.66785918299936,1.2000265640142,3.8897965453239,0.000100328300663629,0.00231389949030546,"ENSG00000188373","GPR15LG","G protein-coupled receptor 15 ligand","Up"
4545.81350764275,-13.0600999093822,3.35734010203767,-3.890013973102,0.000100238449979082,0.00231389949030546,"ENSG00000182782","HCAR2","hydroxycarboxylic acid receptor 2","Down"
25.2340955549342,5.25422084267909,1.35149368557125,3.88771394108158,0.000101192784179282,0.00233047413967411,"ENSG00000283235",NA,NA,"Up"
847.155614149407,-2.74519419773272,0.706148222905915,-3.88756086708793,0.000101256601399954,0.00233047413967411,"ENSG00000133106","EPSTI1","epithelial stromal interaction 1","Down"
389.598822691656,2.70082738886371,0.694857055185735,3.88688201221728,0.000101540077070616,0.00233458173062152,"ENSG00000213793","ZNF888","zinc finger protein 888","Up"
157.905245342248,-8.47104053028949,2.17957422727772,-3.88655748644533,0.000101675856772979,0.00233528855747278,"ENSG00000185269","NOTUM","notum, palmitoleoyl-protein carboxylesterase","Down"
2390.33102417167,2.55909570087414,0.6585796564516,3.88578006594137,0.000102001822353985,0.00234035760206002,"ENSG00000170915","PAQR8","progestin and adipoQ receptor family member 8","Up"
243.091256274042,1.78251314150414,0.458851729161497,3.8847257800717,0.000102445451234045,0.00234811311060466,"ENSG00000001460","STPG1","sperm tail PG-rich repeat containing 1","Up"
50.3984222006514,-6.04063780404622,1.55518299282923,-3.88419744293688,0.000102668452551081,0.00235080093261399,"ENSG00000258227","CLEC5A","C-type lectin domain containing 5A","Down"
273.829496998886,-3.57814074178935,0.921316924366143,-3.88372409879594,0.000102868631381203,0.00235296119495709,"ENSG00000172965","MIR4435-2HG","MIR4435-2 host gene","Down"
2871.85232237287,-2.62156917595375,0.675333419983958,-3.88188870619793,0.00010364831390022,0.00236350047481393,"ENSG00000115415","STAT1","signal transducer and activator of transcription 1","Down"
52.2597048065347,5.02855684565332,1.29537449850212,3.88193287073968,0.000103629487305428,0.00236350047481393,"ENSG00000299843",NA,NA,"Up"
388.074928933417,-2.20178095172207,0.567152628502056,-3.88216652991161,0.000103529936059721,0.00236350047481393,"ENSG00000133805","AMPD3","adenosine monophosphate deaminase 3","Down"
75.3983157962311,3.59717774926988,0.926996099544328,3.88046697395825,0.000104256101629709,0.00237492408558741,"ENSG00000144648","ACKR2","atypical chemokine receptor 2","Up"
120.960336270654,-4.46820345604677,1.15227173105546,-3.8777341625434,0.000105433831315175,0.00239929413677614,"ENSG00000110944","IL23A","interleukin 23 subunit alpha","Down"
138.934619947136,3.80124222321918,0.980433089184319,3.87710519478863,0.000105706662290798,0.00240145365494599,"ENSG00000177202","SPACA4","sperm acrosome associated 4","Up"
2416.6018110994,4.200523283358,1.08344191950581,3.87701750110793,0.000105744754562683,0.00240145365494599,"ENSG00000197766","CFD","complement factor D","Up"
504.772782000417,1.6064989320875,0.4145333428919,3.87543959885137,0.000106432379165527,0.00241460314896649,"ENSG00000135378","PRRG4","proline rich and Gla domain 4","Up"
489.027280759204,3.09097693091024,0.797699566379515,3.87486349646537,0.000106684485197264,0.00241785541222301,"ENSG00000009765","IYD","iodotyrosine deiodinase","Up"
1204.87638319948,-4.77503014954401,1.23258676533441,-3.87399109242302,0.000107067327670907,0.00242406099399926,"ENSG00000166923","GREM1","gremlin 1, DAN family BMP antagonist","Down"
1941.85223648184,2.47800384946448,0.639985311731138,3.87196987812355,0.00010795929645621,0.00243928764035662,"ENSG00000224051","CPTP","ceramide-1-phosphate transfer protein","Up"
183.902858794046,3.25388250471505,0.840324039213664,3.87217591413888,0.000107868052142059,0.00243928764035662,"ENSG00000162881","OXER1","oxoeicosanoid receptor 1","Up"
745.72571374045,-6.32776332161488,1.63530381838644,-3.86947260225839,0.000109071036710057,0.00246190493317227,"ENSG00000214049","UCA1","urothelial cancer associated 1","Down"
41.1268094910088,5.19037459372283,1.34167239490047,3.86858566476495,0.000109468477384565,0.00246836983538643,"ENSG00000280032",NA,NA,"Up"
110.299205364246,5.85830371550464,1.51466246808324,3.86772884319115,0.000109853720183082,0.00247454687014231,"ENSG00000174562","KLK15","kallikrein related peptidase 15","Up"
1521.2631051646,1.87086349627057,0.484223222170695,3.86363852581004,0.000111710495046929,0.00251382534046395,"ENSG00000198585","NUDT16","nudix hydrolase 16","Up"
392.303580458952,5.87194643893549,1.52010487499476,3.86285613284132,0.000112069013972482,0.00251934316243699,"ENSG00000129167","TPH1","tryptophan hydroxylase 1","Up"
376.299239555151,5.20695561321271,1.34812071154776,3.86238084513564,0.000112287336527291,0.00252170136667803,"ENSG00000108602","ALDH3A1","aldehyde dehydrogenase 3 family member A1","Up"
76.5957612592953,4.33996693112475,1.12439557172585,3.85982214823496,0.000113469579480675,0.00254444323746201,"ENSG00000065325","GLP2R","glucagon like peptide 2 receptor","Up"
521.198692439729,-4.02019414835567,1.04158352195881,-3.85969445906295,0.000113528884611268,0.00254444323746201,"ENSG00000155307","SAMSN1","SAM domain, SH3 domain and nuclear localization signals 1","Down"
13.9475803725612,4.15349452750023,1.07628813678101,3.85909161827482,0.000113809268572011,0.00254815857820898,"ENSG00000196502","SULT1A1","sulfotransferase family 1A member 1","Up"
3008.94416348629,3.67197707981089,0.951792625090453,3.85795916359609,0.000114337745109604,0.00255741558050485,"ENSG00000165238","WNK2","WNK lysine deficient protein kinase 2","Up"
2480.10327161112,2.83156946046239,0.73424369547645,3.85644368199169,0.000115048588688833,0.00257072891690333,"ENSG00000134755","DSC2","desmocollin 2","Up"
129.985584262208,-3.13045642552061,0.81198068447541,-3.85533361245296,0.00011557191434945,0.0025772420980254,"ENSG00000171033","PKIA","cAMP-dependent protein kinase inhibitor alpha","Down"
896.103066520302,3.31986988059637,0.861058808146816,3.85556694756011,0.000115461725999323,0.0025772420980254,"ENSG00000105404","RABAC1","Rab acceptor 1","Up"
663.573432243908,4.1934061882095,1.08833505062268,3.85304707939919,0.000116656949141906,0.00259883161349898,"ENSG00000198488","B3GNT6","UDP-GlcNAc:betaGal beta-1,3-N-acetylglucosaminyltransferase 6","Up"
20.594121618515,7.3125293624181,1.89821256986521,3.85232374840789,0.000117002188752319,0.00260174786454082,"ENSG00000234093","RPS15AP11","ribosomal protein S15a pseudogene 11","Up"
139.417260377497,-6.53020355939845,1.69515177939911,-3.85228251461545,0.000117021898283669,0.00260174786454082,"ENSG00000078098","FAP","fibroblast activation protein alpha","Down"
105.058625202177,-3.79344620513731,0.985028973018683,-3.85110114427605,0.000117587918674996,0.00261172047542575,"ENSG00000188389","PDCD1","programmed cell death 1","Down"
310.588989825861,-2.03320019756997,0.527993445607423,-3.85080575239131,0.000117729850330661,0.00261226323592974,"ENSG00000070718","AP3M2","adaptor related protein complex 3 subunit mu 2","Down"
215.331989001119,-2.67030391212866,0.693635775106919,-3.84972057088181,0.000118252652922625,0.00262124748995884,"ENSG00000225783","MIAT","myocardial infarction associated transcript","Down"
44.0636214747263,4.71604764296927,1.22522551306113,3.84912621610906,0.000118539919406477,0.00262499803602013,"ENSG00000159409","CELF3","CUGBP Elav-like family member 3","Up"
2207.42007939003,3.0101195056252,0.782303533202288,3.84776417064557,0.000119200713746457,0.00263700444649252,"ENSG00000054148","PHPT1","phosphohistidine phosphatase 1","Up"
548.95956648484,4.33435621158521,1.12723658435845,3.84511669664452,0.000120495080948448,0.00266298919952967,"ENSG00000006747","SCIN","scinderin","Up"
148.040790406181,3.79379176096147,0.98725576037729,3.84276487737243,0.000121656004555286,0.0026811627489586,"ENSG00000173080","RXFP4","relaxin family peptide/INSL5 receptor 4","Up"
201.162020562422,3.83788327140524,0.998715535663525,3.84281923566497,0.000121629053142683,0.0026811627489586,"ENSG00000188993","LRRC66","leucine rich repeat containing 66","Up"
372.634559471523,-3.81580559215995,0.992996480535468,-3.84271814347448,0.000121679180214062,0.0026811627489586,"ENSG00000054967","RELT","RELT TNF receptor","Down"
50.9341920364311,-3.49583022617384,0.910062093659477,-3.8413095661601,0.000122379659861322,0.00269392770068987,"ENSG00000105376","ICAM5","intercellular adhesion molecule 5","Down"
20.0944375839246,6.4344716334622,1.67548426515144,3.84036530052439,0.000122851365839025,0.0027016364161217,"ENSG00000232806",NA,NA,"Up"
408.575002648695,1.6739163776018,0.435912784071507,3.84002589226017,0.000123021334926997,0.00270270092829242,"ENSG00000119862","LGALSL","galectin like","Up"
53.5728092141441,-5.50741738603401,1.43461945010035,-3.83893957777359,0.000123566831654851,0.00271200529929152,"ENSG00000124875","CXCL6","C-X-C motif chemokine ligand 6","Down"
1536.58855159701,-2.45001332837233,0.638294032578297,-3.83837730469741,0.00012385007387286,0.00271554111678037,"ENSG00000147872","PLIN2","perilipin 2","Down"
181.983400752195,-3.12418764721312,0.814323229727162,-3.83654491627346,0.000124777383485456,0.00273317789855384,"ENSG00000004700","RECQL","RecQ like helicase","Down"
855.272231862623,3.09764591708428,0.807823321599725,3.83455866432532,0.000125789948603366,0.00274993896489541,"ENSG00000179085","DPM3","dolichyl-phosphate mannosyltransferase subunit 3, regulatory","Up"
18.3005737432297,-5.37765100748629,1.40239366261548,-3.8346230098166,0.000125757025081555,0.00274993896489541,"ENSG00000232021","LEF1-AS1","LEF1 antisense RNA 1","Down"
2923.81715813935,-4.11898240661159,1.07425557696081,-3.83426671915881,0.000125939429653287,0.00275050229811545,"ENSG00000118503","TNFAIP3","TNF alpha induced protein 3","Down"
460.471447961221,-3.42726804864647,0.894098062750476,-3.83321269940269,0.000126480500894237,0.00275960841646868,"ENSG00000095794","CREM","cAMP responsive element modulator","Down"
2715.19189119423,3.76032872809893,0.981267558727109,3.83211357050955,0.000127047061746208,0.00276653998413658,"ENSG00000130762","ARHGEF16","Rho guanine nucleotide exchange factor 16","Up"
5495.34617838148,3.05108228315876,0.796154217961987,3.83227547417759,0.000126963456353058,0.00276653998413658,"ENSG00000074416","MGLL","monoglyceride lipase","Up"
883.379472251433,1.98596962002581,0.518304326940894,3.8316670666195,0.000127277900734208,0.00276885476225406,"ENSG00000109390","NDUFC1","NADH:ubiquinone oxidoreductase subunit C1","Up"
818.179619814586,2.04450857511877,0.533691164227261,3.83088331259718,0.00012768405161221,0.00277497509236976,"ENSG00000168237","GLYCTK","glycerate kinase","Up"
1646.4273554323,-4.31158950172548,1.12697862869417,-3.82579526527609,0.000130350592081262,0.00282739972072459,"ENSG00000107742","SPOCK2","SPARC (osteonectin), cwcv and kazal like domains proteoglycan 2","Down"
128.866231623683,-11.5525694458086,3.01954128373087,-3.82593525316352,0.000130276530468833,0.00282739972072459,"ENSG00000105664","COMP","cartilage oligomeric matrix protein","Down"
247.370165177601,-6.11760084539752,1.59965094996424,-3.82433483100439,0.000131125615264932,0.00284143840563862,"ENSG00000113739","STC2","stanniocalcin 2","Down"
20.96440986621,-6.38519916259461,1.66974662978599,-3.82405273272688,0.00013127581867505,0.00284192334625354,"ENSG00000154928","EPHB1","EPH receptor B1","Down"
209.520817330584,5.56931112206263,1.45654728136031,3.82363909042575,0.000131496355974509,0.00284392848480667,"ENSG00000152785","BMP3","bone morphogenetic protein 3","Up"
42.8804763015373,4.44315825624066,1.16265108849451,3.82157493353746,0.000132602108382452,0.0028594982305209,"ENSG00000120498","TEX11","testis expressed 11","Up"
74.2209516415382,4.93363954109328,1.2909410765681,3.82173875372307,0.000132514032140657,0.0028594982305209,"ENSG00000287750","LINC03026","long intergenic non-protein coding RNA 3026","Up"
402.978420255266,-2.93398366304943,0.767739281715259,-3.82158856909654,0.000132594775260023,0.0028594982305209,"ENSG00000150977","RILPL2","Rab interacting lysosomal protein like 2","Down"
925.138492441605,2.84866079095966,0.745603274387356,3.82061196458711,0.000133120954866324,0.00286790522242538,"ENSG00000187609","EXD3","exonuclease 3'-5' domain containing 3","Up"
36.5830747657639,-2.64798576730743,0.693366493088802,-3.81902759031694,0.000133978778572657,0.00288359165925061,"ENSG00000087237","CETP","cholesteryl ester transfer protein","Down"
42.4361014818794,4.69725384812033,1.23042906400234,3.81757387365436,0.000134770439876484,0.00289782513517781,"ENSG00000177103","DSCAML1","DS cell adhesion molecule like 1","Up"
578.972392754517,2.58965420298299,0.678562547861114,3.81638245604004,0.000135422543005706,0.00290622528826822,"ENSG00000104611","SH2D4A","SH2 domain containing 4A","Up"
65.0485110554834,3.79831603625929,0.995250472236069,3.81644233508924,0.000135389698357262,0.00290622528826822,"ENSG00000060709","RIMBP2","RIMS binding protein 2","Up"
21.124275215819,8.00939324286899,2.09912517064274,3.81558629989491,0.000135859961866216,0.00291280089891183,"ENSG00000290970","LOC105379252","family with sequence similarity 95 member B1-like","Up"
33.1410889608052,4.03410916257419,1.05758204390997,3.81446450022899,0.000136478553140624,0.00292324438533285,"ENSG00000165702","GFI1B","growth factor independent 1B transcriptional repressor","Up"
819.114666759141,-4.78614371630518,1.25509098310311,-3.81338387474655,0.000137076948118698,0.00293323559915594,"ENSG00000169508","GPR183","G protein-coupled receptor 183","Down"
134.281442026889,-4.0847238376499,1.07124800087909,-3.81305153829729,0.000137261475379418,0.00293435998279866,"ENSG00000122877","EGR2","early growth response 2","Down"
1463.90312758029,2.53346514165351,0.664560391169793,3.81224216085761,0.000137711855372353,0.00294116011574787,"ENSG00000138744","NAAA","N-acylethanolamine acid amidase","Up"
741.946245297222,4.56103069108328,1.19651456091077,3.8119307863763,0.000137885490937157,0.00294204234165625,"ENSG00000241388","HNF1A-AS1","HNF1A antisense RNA 1","Up"
32.0711460550938,-3.86054731709145,1.0130498854001,-3.81081659721698,0.000138508500659732,0.00295250191291258,"ENSG00000256663",NA,NA,"Down"
30.6256367642962,6.88661702541357,1.80760900481699,3.80979349353861,0.000139082913490233,0.00296108421796719,"ENSG00000237070","LOC105375166","uncharacterized LOC105375166","Up"
595.696758977228,-3.43006066900993,0.900366907417707,-3.80962543242232,0.000139177484270036,0.00296108421796719,"ENSG00000133561","GIMAP6","GTPase, IMAP family member 6","Down"
3956.57022852742,1.99895898702902,0.525059444204759,3.80710985983043,0.000140600297231958,0.002988495610285,"ENSG00000169764","UGP2","UDP-glucose pyrophosphorylase 2","Up"
239.675289120022,-3.76087616308905,0.988184472809368,-3.80584421894126,0.000141321315883248,0.00299808856491626,"ENSG00000112137","PHACTR1","phosphatase and actin regulator 1","Down"
941.393656520722,2.12261582765619,0.557691245904,3.80607700631108,0.0001411884392238,0.00299808856491626,"ENSG00000188522","FAM83G","family with sequence similarity 83 member G","Up"
480.61865328647,2.58074799856451,0.678418805762354,3.80406317844398,0.000142341851011898,0.00301686022263826,"ENSG00000127554","GFER","growth factor, augmenter of liver regeneration","Up"
2068.19175111594,3.74926304148514,0.985858958930642,3.80304201480499,0.000142930103591256,0.00302644285061372,"ENSG00000095539","SEMA4G","semaphorin 4G","Up"
1108.16829514238,1.45191268868159,0.382088412043486,3.79993907932582,0.000144731663174963,0.00306167370824829,"ENSG00000146802","TMEM168","transmembrane protein 168","Up"
177.502409559429,-3.69644563321432,0.972991216776386,-3.79905344414208,0.000145249771091321,0.00306971308048797,"ENSG00000196083","IL1RAP","interleukin 1 receptor accessory protein","Down"
5626.33584563069,3.00262449563364,0.790434256767557,3.79870238407015,0.000145455628686885,0.00307114434244588,"ENSG00000184012","TMPRSS2","transmembrane serine protease 2","Up"
2151.9123400974,-3.11075963914492,0.819494854048999,-3.7959477399707,0.00014708048210367,0.00310250508407105,"ENSG00000126709","IFI6","interferon alpha inducible protein 6","Down"
2032.68052254927,3.56061306292859,0.938095429413421,3.79557660264371,0.000147300702956751,0.00310420524060421,"ENSG00000188747","NOXA1","NADPH oxidase activator 1","Up"
3328.49329501077,2.93007260327598,0.772409007318002,3.79342107033414,0.000148585876181592,0.00312579624440811,"ENSG00000120756","PLS1","plastin 1","Up"
1133.98234425862,3.01269361049065,0.794196270938942,3.79338674925895,0.000148606424249511,0.00312579624440811,"ENSG00000105379","ETFB","electron transfer flavoprotein subunit beta","Up"
21.6866854635519,8.78545813033879,2.31668570430663,3.79225292149339,0.000149286754322636,0.00313713838266083,"ENSG00000259237","LOC107983981","uncharacterized LOC107983981","Up"
1278.08761256846,-3.64837272911357,0.962639423355445,-3.78996812367869,0.000150666618227312,0.0031631453475428,"ENSG00000131389","SLC6A6","solute carrier family 6 member 6","Down"
957.443232718259,3.40214695674839,0.897945149243966,3.78881378179153,0.00015136831996428,0.00317188676509503,"ENSG00000006740","ARHGAP44","Rho GTPase activating protein 44","Up"
2095.63805192227,2.04660807374527,0.540158059023078,3.78890593143558,0.000151312191209403,0.00317188676509503,"ENSG00000075240","GRAMD4","GRAM domain containing 4","Up"
777.952403528176,3.35143937064839,0.884674775344978,3.78832929800841,0.000151663743741913,0.00317508475952349,"ENSG00000139410","SDSL","serine dehydratase like","Up"
268.153596721033,3.59010431793825,0.94796507822534,3.78716938039446,0.000152373233744251,0.00318693707040069,"ENSG00000203943","SAMD13","sterile alpha motif domain containing 13","Up"
1249.83018505427,2.34785193100127,0.619987692207299,3.78693312869224,0.000152518124945799,0.00318696942849619,"ENSG00000149218","ENDOD1","endonuclease domain containing 1","Up"
29.6057978110444,-9.3461184839535,2.4682080550457,-3.78660075468413,0.000152722186751631,0.00318823697469391,"ENSG00000296912",NA,NA,"Down"
360.970825165028,-4.20323520970549,1.11046049144895,-3.78512809962382,0.000153629422751721,0.0032041678762092,"ENSG00000196549","MME","membrane metalloendopeptidase","Down"
1557.45821652284,2.644261036185,0.698654923965338,3.78478837761142,0.000153839428988448,0.00320554079165901,"ENSG00000158552","ZFAND2B","zinc finger AN1-type containing 2B","Up"
78.2585888004807,3.43348942981981,0.907609424478403,3.78300328006511,0.000154947371757358,0.003225603854196,"ENSG00000135697","BCO1","beta-carotene oxygenase 1","Up"
13.5231094379812,8.17956487337072,2.16256566497525,3.78234289291018,0.000155359149024726,0.00323115057087626,"ENSG00000184544","DHRS7C","dehydrogenase/reductase 7C","Up"
708.370306227677,2.04560709952999,0.541057017603607,3.78076068320892,0.000156349912709804,0.00324871739184773,"ENSG00000050327","ARHGEF5","Rho guanine nucleotide exchange factor 5","Up"
2647.05311618608,3.88831448660468,1.02889295639678,3.77912440981392,0.00015738078354627,0.00326708399681067,"ENSG00000115112","TFCP2L1","transcription factor CP2 like 1","Up"
36.6685439337878,-9.74717049924864,2.57969434863165,-3.7784206894196,0.000157826099625121,0.00326893675346548,"ENSG00000232679","LINC02257","long intergenic non-protein coding RNA 2257","Down"
704.438473288095,-4.17632308450548,1.10534842822248,-3.77828653650997,0.000157911126398683,0.00326893675346548,"ENSG00000179144","GIMAP7","GTPase, IMAP family member 7","Down"
267.540719800622,-2.59432154199433,0.686612625754312,-3.77843553218121,0.000157816694857587,0.00326893675346548,"ENSG00000235568","NFAM1","NFAT activating protein with ITAM motif 1","Down"
584.626446892102,2.00930869711782,0.531928847064031,3.77740125997708,0.000158473300821563,0.00327752269503797,"ENSG00000173599","PC","pyruvate carboxylase","Up"
1368.63537478111,1.97617873775282,0.523297834065914,3.77639387955866,0.000159115305413587,0.00328774217960992,"ENSG00000168476","REEP4","receptor accessory protein 4","Up"
203.188729288917,-2.44409743928199,0.647405385642127,-3.77521950463514,0.000159866825475856,0.00330020346407123,"ENSG00000130956","HABP4","hyaluronan binding protein 4","Down"
998.874642525191,-1.91685329901994,0.507998876136471,-3.77334161366331,0.000161075492750387,0.00332206997246693,"ENSG00000144711","IQSEC1","IQ motif and Sec7 domain ArfGEF 1","Down"
11.9223569049991,6.3246595800841,1.67635868199085,3.77285580229936,0.000161389572688957,0.00332546280777904,"ENSG00000166596","CFAP52","cilia and flagella associated protein 52","Up"
134.761650752237,2.99061734564499,0.792880510664367,3.77183863825724,0.000162049042637831,0.00333595959719157,"ENSG00000250305","TRMT9B","tRNA methyltransferase 9B (putative)","Up"
232.208410346965,-6.39653427396759,1.69598767540135,-3.77156884259426,0.000162224387431029,0.00333647993131736,"ENSG00000119508","NR4A3","nuclear receptor subfamily 4 group A member 3","Down"
11.8611321083575,7.59304367652161,2.0138776101706,3.77036004480847,0.000163012199753948,0.00334958432267054,"ENSG00000289459",NA,NA,"Up"
381.538824857504,6.47835834699976,1.71889803283106,3.76890206589496,0.0001639672007653,0.00336609674479678,"ENSG00000205358","MT1H","metallothionein 1H","Up"
1406.43917529472,2.88642093242753,0.766018075199568,3.76808462603906,0.000164504938292732,0.00337402056555564,"ENSG00000085871","MGST2","microsomal glutathione S-transferase 2","Up"
331.682059038761,-2.0100929286768,0.533581513750315,-3.76717123228037,0.000165107759921378,0.00338326343440738,"ENSG00000183688","RFLNB","refilin B","Down"
14.9827805357167,7.26152099573678,1.92842636078839,3.76551635229051,0.000166205244860065,0.00340261621452471,"ENSG00000270182",NA,NA,"Up"
4992.01595282449,2.63474007062123,0.700205478186252,3.76280985039708,0.000168014948334837,0.00343334223008127,"ENSG00000176340","COX8A","cytochrome c oxidase subunit 8A","Up"
91.7804260414893,3.73772382009926,0.993309826292998,3.76289826312132,0.000167955539407737,0.00343334223008127,"ENSG00000135437","RDH5","retinol dehydrogenase 5","Up"
147493.168750147,4.12448591503312,1.0972080751882,3.75907360536482,0.00017054366350695,0.00348181567561984,"ENSG00000211592","IGKC","immunoglobulin kappa constant","Up"
1426.3497126765,-4.44984557359603,1.1843655706419,-3.75715546272111,0.000171855739824203,0.00350538409496468,"ENSG00000068831","RASGRP2","RAS guanyl releasing protein 2","Down"
996.932035710927,4.12749431195386,1.09887595889214,3.75610575384242,0.000172577790923566,0.00351688544968254,"ENSG00000073737","DHRS9","dehydrogenase/reductase 9","Up"
397.893822554636,4.48364996714054,1.19420668214049,3.75450081982799,0.000173687276638106,0.00353625386583793,"ENSG00000293627",NA,NA,"Up"
1657.11908201469,-4.78259222488111,1.27408225077344,-3.75375469046666,0.000174205354540073,0.00354355685955119,"ENSG00000099953","MMP11","matrix metallopeptidase 11","Down"
225.189928857996,-3.86962128349364,1.03094367290088,-3.75347498142675,0.000174399945890418,0.00354427239212218,"ENSG00000125735","TNFSF14","TNF superfamily member 14","Down"
605.858176319284,4.53003733819648,1.20705579079813,3.75296433912232,0.000174755723026707,0.00354825935164638,"ENSG00000255774","LINC02747","long intergenic non-protein coding RNA 2747","Up"
19.6651386054118,5.51550085848766,1.47015343141265,3.75164982146653,0.000175674722667314,0.00356308626269246,"ENSG00000226087","LOC105374588","uncharacterized LOC105374588","Up"
623.380693888328,2.07965470304017,0.554358479538502,3.75146187855098,0.000175806487211516,0.00356308626269246,"ENSG00000082146","STRADB","STE20 related adaptor beta","Up"
475.122305376798,2.54034892260198,0.677422704138376,3.75002034487918,0.000176820223915774,0.00358036797661147,"ENSG00000238045",NA,NA,"Up"
522.009758790955,-2.64855378417259,0.706820715119925,-3.74713661826283,0.00017886467953704,0.00361846990004277,"ENSG00000147224","PRPS1","phosphoribosyl pyrophosphate synthetase 1","Down"
1875.85428931092,3.29491753653335,0.879497962034378,3.74636176405894,0.000179417799212496,0.00362569738181606,"ENSG00000163898","LIPH","lipase H","Up"
32.4903064255214,-5.09424554690807,1.35985087317163,-3.74617956087095,0.000179548095955538,0.00362569738181606,"ENSG00000107984","DKK1","dickkopf Wnt signaling pathway inhibitor 1","Down"
3554.30248795724,-3.63426914563322,0.970466750652089,-3.74486724371674,0.000180489188758521,0.00364139395069709,"ENSG00000011422","PLAUR","plasminogen activator, urokinase receptor","Down"
771.31741846686,2.11629782685065,0.565581297458009,3.74181012767271,0.000182699534037158,0.00368264618336187,"ENSG00000100417","PMM1","phosphomannomutase 1","Up"
50.0233952975953,2.8110960731874,0.751361223171003,3.7413377034865,0.000183043366202185,0.00368623474707715,"ENSG00000213901","SLC23A3","solute carrier family 23 member 3","Up"
1564.11524294808,2.41695864419691,0.646070824650657,3.74101190144874,0.000183280840520278,0.00368767685727361,"ENSG00000164251","F2RL1","F2R like trypsin receptor 1","Up"
54.4957877513339,3.11054041196254,0.831675695999678,3.7400881460455,0.000183955733729413,0.0036979094285769,"ENSG00000170075","GPR37L1","G protein-coupled receptor 37 like 1","Up"
343.049759701585,-3.02752551758963,0.8097047615471,-3.73904867720544,0.000184717960178829,0.00370949447192678,"ENSG00000137502","RAB30","RAB30, member RAS oncogene family","Down"
1858.83117178882,3.27240910265841,0.875245379096445,3.73884762012302,0.000184865734489042,0.00370949447192678,"ENSG00000008323","PLEKHG6","pleckstrin homology and RhoGEF domain containing G6","Up"
24.747021436311,7.51454484794375,2.0101232088635,3.73835037315567,0.000185231681904721,0.00371348600882566,"ENSG00000303485",NA,NA,"Up"
2070.6741868607,-15.6166847100644,4.17852333294818,-3.73736927275836,0.000185955717976955,0.00372464277277626,"ENSG00000255398","HCAR3","hydroxycarboxylic acid receptor 3","Down"
67.648894180613,-4.91045898536638,1.3141811947593,-3.7365159423589,0.000186587624264702,0.00373393577882729,"ENSG00000131355","ADGRE3","adhesion G protein-coupled receptor E3","Down"
431.508365547036,4.50115804667983,1.20496099018812,3.73552179973653,0.000187326349936915,0.00374534778610381,"ENSG00000114248","LRRC31","leucine rich repeat containing 31","Up"
1363.29837845054,2.90319948753334,0.777311316279436,3.73492502518729,0.000187771119606013,0.00375086729757456,"ENSG00000187091","PLCD1","phospholipase C delta 1","Up"
39.6715386867108,7.18153938018186,1.9230361367326,3.73447968189714,0.000188103675724035,0.00375413736299145,"ENSG00000293448",NA,NA,"Up"
936.194562191674,-3.92350843955125,1.05109971821713,-3.73276519016319,0.000189389132259073,0.00377640231167351,"ENSG00000170542","SERPINB9","serpin family B member 9","Down"
7.29712977453366,6.88308612737985,1.84434609208255,3.73199268669135,0.00018997101821755,0.00378461079572652,"ENSG00000305534",NA,NA,"Up"
55.8586065065059,8.10210392310638,2.17134324101937,3.7313787014635,0.000190434698810846,0.00379045179826457,"ENSG00000162992","NEUROD1","neuronal differentiation 1","Up"
39.0890096763825,-6.01039408328002,1.61113366163778,-3.73053721512479,0.000191071915929616,0.00379635904848875,"ENSG00000237927",NA,NA,"Down"
2027.60290496595,2.70490489523686,0.725104121263184,3.73036756503979,0.000191200626264922,0.00379635904848875,"ENSG00000196139","AKR1C3","aldo-keto reductase family 1 member C3","Up"
23.5043459308684,6.54191812936449,1.75371934232366,3.7303107581037,0.000191243742828561,0.00379635904848875,"ENSG00000304903",NA,NA,"Up"
174.717976266609,-4.07547080517203,1.09320243222814,-3.72801110299901,0.000192996877286385,0.00382433116997166,"ENSG00000135604","STX11","syntaxin 11","Down"
835.171959099637,2.48720955856102,0.667139126580513,3.72817221995276,0.000192873559981987,0.00382433116997166,"ENSG00000212694","LINC01089","long intergenic non-protein coding RNA 1089","Up"
25.7882380399024,4.32767541690932,1.16125628647185,3.72671861269983,0.000193988821166179,0.00383749249297429,"ENSG00000305471",NA,NA,"Up"
400.593211916564,-2.95585259452939,0.793156365682748,-3.72669592330006,0.000194006277250173,0.00383749249297429,"ENSG00000131042","LILRB2","leukocyte immunoglobulin like receptor B2","Down"
12.5436557931334,7.33120398102632,1.96750712366158,3.7261384687557,0.000194435618689824,0.0038425663202941,"ENSG00000173826","KCNH6","potassium voltage-gated channel subfamily H member 6","Up"
1763.54395028681,-1.8976072705137,0.509626699659226,-3.7235240457036,0.000196461139967576,0.00387914789067417,"ENSG00000167552","TUBA1A","tubulin alpha 1a","Down"
31.5095525144942,5.2312256917151,1.40510875496142,3.72300412565485,0.000196866303752557,0.00388369878556397,"ENSG00000139865","TTC6","tetratricopeptide repeat domain 6","Up"
604.347546565452,1.82780681189241,0.491364462857176,3.71985959518545,0.00019933355890648,0.00392888565174447,"ENSG00000073578","SDHA","succinate dehydrogenase complex flavoprotein subunit A","Up"
1665.99257956448,1.61575326803321,0.434595745206421,3.71783038802134,0.000200941102425059,0.00395706247140508,"ENSG00000079739","PGM1","phosphoglucomutase 1","Up"
540.971446437034,1.51424776961428,0.407488988218664,3.71604586478227,0.000202364864042746,0.00398157347102864,"ENSG00000183323","CCDC125","coiled-coil domain containing 125","Up"
339.650975393409,3.10536002897251,0.836629014351478,3.71175273114292,0.000205829011892137,0.0040461506820494,"ENSG00000198203","SULT1C2","sulfotransferase family 1C member 2","Up"
113.251497422809,3.33387319689146,0.898370420732165,3.71102289206537,0.000206423433315014,0.00405425105379214,"ENSG00000261286","ATP2C2-AS1","ATP2C2 antisense RNA 1","Up"
228.680996282359,4.61870085958598,1.24486887889799,3.71019063764744,0.000207103235055808,0.00406401255515955,"ENSG00000204174","NPY4R","neuropeptide Y receptor Y4","Up"
1185.79259782966,2.90677323477192,0.783733803989734,3.70887821856666,0.000208179518731739,0.00408153019397068,"ENSG00000182107","TMEM30B","transmembrane protein 30B","Up"
136.315511423475,-3.39486564962325,0.915812164837533,-3.70694535404594,0.000209774184418568,0.00410917131469428,"ENSG00000060982","BCAT1","branched chain amino acid transaminase 1","Down"
191.89395666545,-3.29060282228496,0.888119604167231,-3.70513476658415,0.000211278368418794,0.00413499292698508,"ENSG00000152804","HHEX","hematopoietically expressed homeobox","Down"
72.1640971198122,3.92171493125762,1.05883142287749,3.70381426780849,0.000212381782023999,0.00415293241841651,"ENSG00000245750","DRAIC","downregulated RNA in cancer, inhibitor of cell invasion and migration","Up"
195.930384386133,-4.27130723754104,1.15333322215225,-3.70344593869436,0.000212690523073397,0.00415531493804116,"ENSG00000140030","GPR65","G protein-coupled receptor 65","Down"
109.274868402777,-5.01387953677742,1.35408887214294,-3.70276991409184,0.000213258277785639,0.00416274915716253,"ENSG00000011201","ANOS1","anosmin 1","Down"
25.1627169264616,-6.95202420694518,1.87797991666406,-3.70186291411164,0.000214022251493758,0.00417189611535833,"ENSG00000250274","LOC100128059","uncharacterized LOC100128059","Down"
6379.24997034643,2.38278173156385,0.643687447197886,3.70176821365186,0.000214102166492325,0.00417189611535833,"ENSG00000171302","CANT1","calcium activated nucleotidase 1","Up"
57.0409053719421,-3.94636280264622,1.06619189094504,-3.70136261226699,0.000214444758969242,0.00417491271993271,"ENSG00000135144","DTX1","deltex E3 ubiquitin ligase 1","Down"
84.8991699877241,2.46647760750774,0.666558889491841,3.70031462544605,0.000215332329114632,0.00418852464847386,"ENSG00000277938",NA,NA,"Up"
24.6833393861852,4.43272629526319,1.19815556214941,3.69962501973547,0.0002159182564812,0.00419625052128192,"ENSG00000236404","VLDLR-AS1","VLDLR antisense RNA 1","Up"
5423.31403796185,1.58795405298787,0.429270319689411,3.69919367855853,0.000216285508616447,0.00419971677997334,"ENSG00000154518","ATP5MC3","ATP synthase membrane subunit c locus 3","Up"
141.647959006625,3.37073522386862,0.91133663806568,3.6986719101111,0.000216730536110152,0.00420468587202182,"ENSG00000172296","SPTLC3","serine palmitoyltransferase long chain base subunit 3","Up"
4142.88893021676,2.07922832256624,0.56226435181573,3.69795509150055,0.000217343328161521,0.0042092284102919,"ENSG00000160685","ZBTB7B","zinc finger and BTB domain containing 7B","Up"
77.9725812612205,-4.9804889352091,1.34681027067982,-3.69798853159557,0.000217314704840749,0.0042092284102919,"ENSG00000169248","CXCL11","C-X-C motif chemokine ligand 11","Down"
462.295989847141,-10.0825455914841,2.72842615813332,-3.69537052026439,0.000219566353713835,0.00424858028034787,"ENSG00000163735","CXCL5","C-X-C motif chemokine ligand 5","Down"
1305.05164244684,-5.14156574532623,1.39159582144445,-3.69472634661219,0.00022012373024967,0.00425566164751384,"ENSG00000162894","FCMR","Fc mu receptor","Down"
837.654798265049,-2.19964763859117,0.595654197572496,-3.6928265553328,0.000221775285830582,0.00428386614237301,"ENSG00000150347","ARID5B","AT-rich interaction domain 5B","Down"
17.1426144842564,5.78264856997601,1.56633186996082,3.69184122527025,0.000222636442398861,0.00429676738181759,"ENSG00000249631","LOC107986178","uncharacterized LOC107986178","Up"
2799.85783815569,4.87224193058028,1.31983495501648,3.69155394169677,0.000222888112280359,0.0042978936689759,"ENSG00000167748","KLK1","kallikrein 1","Up"
23.1502549464724,5.68863792179816,1.54300106985653,3.68673621355757,0.000227148596821726,0.00437625195245879,"ENSG00000308282",NA,NA,"Up"
1352.95976964159,1.55775076017718,0.422662958290217,3.68556252593956,0.000228198047289699,0.00439266422977651,"ENSG00000148343","MIGA2","mitoguardin 2","Up"
249.287978396214,3.32463169254713,0.902669740272573,3.68310971800519,0.000230405930454573,0.00443132789947797,"ENSG00000135917","SLC19A3","solute carrier family 19 member 3","Up"
19.6429956908042,5.92665312473626,1.60944746230747,3.68241478118161,0.000231035109725628,0.00443958824073456,"ENSG00000263718","SEPTIN9-DT","SEPTIN9 divergent transcript","Up"
1069.01051332058,-3.71828434745542,1.0098267111047,-3.68210140073223,0.000231319364122034,0.00444121193655024,"ENSG00000266094","RASSF5","Ras association domain family member 5","Down"
14.6522140567973,4.73112581257945,1.28519649533567,3.68124705424424,0.000232095974347847,0.00445227765114381,"ENSG00000307593",NA,NA,"Up"
14.1407446826638,7.16486870103128,1.94662711967926,3.68065801025716,0.000232632846075341,0.00445872936792505,"ENSG00000306076",NA,NA,"Up"
136.626464333458,2.95854656510122,0.804091876016224,3.67936383060973,0.000233816494592547,0.00447370234447168,"ENSG00000125618","PAX8","paired box 8","Up"
3317.6957353662,1.92446851155834,0.523017167051457,3.67955132793758,0.00023364466134772,0.00447370234447168,"ENSG00000070214","SLC44A1","solute carrier family 44 member 1","Up"
28.1258833908599,3.18901369787418,0.866953699553983,3.67841292968104,0.000234689781740766,0.00448655022995911,"ENSG00000118997","DNAH7","dynein axonemal heavy chain 7","Up"
747.318892602444,-5.71967527740691,1.5552389241601,-3.67768269463535,0.000235362490720102,0.00449168605680689,"ENSG00000163347","CLDN1","claudin 1","Down"
312.989589856267,3.45278507726294,0.938819706799144,3.67779356596063,0.00023526023718654,0.00449168605680689,"ENSG00000186212","SOWAHB","sosondowah ankyrin repeat domain family member B","Up"
598.699308450804,-3.16216331420107,0.860087968596721,-3.67655801459507,0.000236402111614068,0.00450765707334097,"ENSG00000020633","RUNX3","RUNX family transcription factor 3","Down"
306.277716595951,-2.98887066142662,0.813039208236331,-3.67617038778507,0.00023676141969393,0.00451063979781933,"ENSG00000109452","INPP4B","inositol polyphosphate-4-phosphatase type II B","Down"
2212.2065317116,-3.80533839018787,1.03583118852711,-3.67370516772992,0.000239058558458482,0.00454661157417231,"ENSG00000143119","CD53","CD53 molecule","Down"
5070.43988933621,-3.96239711369343,1.07854950282969,-3.67382035159041,0.000238950763901578,0.00454661157417231,"ENSG00000136167","LCP1","lymphocyte cytosolic protein 1","Down"
18789.9398345199,3.06150321446799,0.833709504654109,3.67214623004467,0.000240521981462137,0.00457053437081,"ENSG00000101439","CST3","cystatin C","Up"
192.439069824062,-2.14433097768737,0.584032595020258,-3.67159469517792,0.000241041733992846,0.00457649946358919,"ENSG00000178860","MSC","musculin","Down"
2378.1810834009,-1.92621088224967,0.524924412713992,-3.66950142838789,0.000243023980041361,0.00461019807871978,"ENSG00000103811","CTSH","cathepsin H","Down"
2650.13019930199,-4.2518354542999,1.15876774940665,-3.66927320550391,0.000243241020769953,0.00461038159827653,"ENSG00000116741","RGS2","regulator of G protein signaling 2","Down"
7280.53455010175,1.73832406351035,0.47386010906963,3.66843300425383,0.000244041622963822,0.00462109064030923,"ENSG00000116209","TMEM59","transmembrane protein 59","Up"
65.698005224034,4.15044404204405,1.13145454368671,3.66823754891676,0.00024422822048308,0.00462109064030923,"ENSG00000230943","LINC02541","long intergenic non-protein coding RNA 2541","Up"
44.2067979649807,3.74488749665327,1.0209542352696,3.66802680010861,0.000244429568344517,0.00462109064030923,"ENSG00000204706","MAMDC2-AS1","MAMDC2 antisense RNA 1","Up"
21.0503022982569,6.71314281335226,1.83173038531541,3.66491862949378,0.000247417233438178,0.00467360012831862,"ENSG00000290700",NA,NA,"Up"
6401.1720996879,-2.24957420533356,0.613866721232895,-3.66459709823575,0.000247728246106041,0.00467550262790799,"ENSG00000143878","RHOB","ras homolog family member B","Down"
1452.41020756871,-3.60465530905005,0.984481153331765,-3.66147721248991,0.000250765168836687,0.00472880576653609,"ENSG00000144655","CSRNP1","cysteine and serine rich nuclear protein 1","Down"
174.456341466171,-3.40131168307874,0.929061742451707,-3.66101791480833,0.000251215190497977,0.0047332773985945,"ENSG00000149485","FADS1","fatty acid desaturase 1","Down"
1608.88696642363,-3.92248466888259,1.07198950782697,-3.65907001910296,0.000253132177398084,0.00476535791709704,"ENSG00000103257","SLC7A5","solute carrier family 7 member 5","Down"
1036.75814792318,1.6911786642299,0.462218825433554,3.6588268827943,0.000253372416407549,0.00476584512181814,"ENSG00000117682","DHDDS","dehydrodolichyl diphosphate synthase subunit","Up"
534.667262447572,4.84458688493161,1.32421205739616,3.65846758294715,0.000253727826202037,0.00476849599319517,"ENSG00000142484","TM4SF5","transmembrane 4 L six family member 5","Up"
483467.193684916,1.59607250715885,0.436447870413673,3.65696023592935,0.00025522395465529,0.0047925626552796,"ENSG00000198938","MT-CO3","cytochrome c oxidase subunit III","Up"
45.4321620265185,3.16949283382714,0.866892208528822,3.65615563578082,0.000256025949143271,0.00479951511576927,"ENSG00000227070","EPS15-AS1","EPS15 antisense RNA 1","Up"
1069.86864685368,4.76815090774009,1.30410894472843,3.65625197727098,0.000255929795259649,0.00479951511576927,"ENSG00000237289","CKMT1B","creatine kinase, mitochondrial 1B","Up"
573.12195482319,6.68534519769852,1.82970956222649,3.65377398452431,0.000258413760074575,0.00484019640079025,"ENSG00000298169",NA,NA,"Up"
21.8628813622381,3.74814950521421,1.0259745474329,3.65325778752746,0.000258934038118321,0.00484585898104766,"ENSG00000249464","LINC01091","long intergenic non-protein coding RNA 1091","Up"
84.7133645480084,-6.48387906704047,1.77524417546379,-3.65238717955321,0.00025981375493511,0.00485007490635794,"ENSG00000162892","IL24","interleukin 24","Down"
12407.6411359828,3.3935219396081,0.92912194774413,3.65239670405746,0.000259804115636481,0.00485007490635794,"ENSG00000106541","AGR2","anterior gradient 2, protein disulphide isomerase family member","Up"
16.0033390611685,3.45678289081125,0.946354541508359,3.65273556494124,0.000259461388725283,0.00485007490635794,"ENSG00000234705",NA,NA,"Up"
3855.19733748837,2.40962196698893,0.659967201201024,3.65112381737129,0.000261095320210035,0.00486990960925311,"ENSG00000050405","LIMA1","LIM domain and actin binding 1","Up"
788.615481532534,1.23675718775121,0.338774382825001,3.65068095597438,0.000261545963797718,0.00487014356207259,"ENSG00000138399","FASTKD1","FAST kinase domains 1","Up"
22.4159800329654,4.06629156185936,1.11381918842603,3.65076450838088,0.000261460887391112,0.00487014356207259,"ENSG00000235029","MNX1-AS2","MNX1 antisense RNA 2","Up"
16.5241698632982,-8.43629188378174,2.31118629631579,-3.65019985503974,0.000262036345248661,0.00487358074255043,"ENSG00000241657","TRBV11-2","T cell receptor beta variable 11-2","Down"
104.083405318009,-2.88514565950421,0.790435730072831,-3.65006989149943,0.00026216896361671,0.00487358074255043,"ENSG00000147536","GINS4","GINS complex subunit 4","Down"
3034.49488535946,2.9120675508841,0.798065191527575,3.64890936454717,0.000263355990206572,0.00489155700105489,"ENSG00000182154","MRPL41","mitochondrial ribosomal protein L41","Up"
214.431263857957,-1.350000974976,0.37012782677391,-3.64739119115366,0.000264916437927963,0.00491598010420254,"ENSG00000133059","DSTYK","dual serine/threonine and tyrosine protein kinase","Down"
53.085040747829,3.21090471294894,0.880426905019486,3.6469861321172,0.000265334238521254,0.00491598010420254,"ENSG00000275371",NA,NA,"Up"
3252.87677485089,2.43987514799921,0.668993173213891,3.64708527035915,0.000265231924728777,0.00491598010420254,"ENSG00000159199","ATP5MC1","ATP synthase membrane subunit c locus 1","Up"
1407.73439237699,1.50941949767964,0.414031648348606,3.64566212196596,0.00026670421028511,0.0049372478828217,"ENSG00000110002","VWA5A","von Willebrand factor A domain containing 5A","Up"
447.449588829233,-2.99642385872069,0.822365383837993,-3.64366486918056,0.000268783346651425,0.00496163034977854,"ENSG00000005059","MCUB","mitochondrial calcium uniporter dominant negative subunit beta","Down"
319.582217965945,2.77689304727249,0.762186175010125,3.64332644479625,0.000269137147565912,0.00496163034977854,"ENSG00000183111","ARHGEF37","Rho guanine nucleotide exchange factor 37","Up"
163.371277859875,-3.33583151728424,0.91559297371375,-3.64335639640584,0.000269105817486517,0.00496163034977854,"ENSG00000065923","SLC9A7","solute carrier family 9 member A7","Down"
43.1027948507109,2.51490385150293,0.690233439993423,3.64355550714392,0.000268897629916336,0.00496163034977854,"ENSG00000289223",NA,NA,"Up"
1549.80420706076,2.54917902514001,0.699561142612118,3.64396886828438,0.000268465906900136,0.00496163034977854,"ENSG00000090013","BLVRB","biliverdin reductase B","Up"
370.592264862054,3.86437725841286,1.0617381513233,3.63967071692439,0.000272986904506069,0.00502843235118761,"ENSG00000269313","MAGIX","MAGI family member, X-linked","Up"
3092.73557039461,2.17833169541323,0.598552338375308,3.63933369858019,0.000273344396578505,0.00503084931219362,"ENSG00000164405","UQCRQ","ubiquinol-cytochrome c reductase complex III subunit VII","Up"
267.415576282483,-4.00572624462875,1.10144040638323,-3.63680705866079,0.000276038537715473,0.00507623226553193,"ENSG00000086300","SNX10","sorting nexin 10","Down"
139.190866776953,-1.77179521468377,0.487228365352097,-3.63647796532407,0.000276391274106468,0.0050785183448009,"ENSG00000135736","CCDC102A","coiled-coil domain containing 102A","Down"
23.3514182766718,5.55429878163602,1.52766593839201,3.6358071761961,0.000277111563149632,0.00508335097648991,"ENSG00000133878","DUSP26","dual specificity phosphatase 26","Up"
603.954046787358,2.94637564732131,0.810330137627705,3.6360188403544,0.000276884089795493,0.00508335097648991,"ENSG00000101276","SLC52A3","solute carrier family 52 member 3","Up"
1385.93333250013,4.80915345127459,1.32312059247916,3.63470531606163,0.000278298552732671,0.00510091650692948,"ENSG00000146205","ANO7","anoctamin 7","Up"
78.4533599352266,-4.47522598214681,1.2319897908941,-3.6325187231454,0.000280668203975227,0.00514011217379013,"ENSG00000151136","ABTB3","ankyrin repeat and BTB domain containing 3","Down"
7147.98192718926,9.17388372872561,2.52563767557818,3.63230395928643,0.000280901964447423,0.00514015915683914,"ENSG00000179914","ITLN1","intelectin 1","Up"
351.774722321126,-4.18356100316823,1.15187093544226,-3.63197027934553,0.000281265521496665,0.00514257922650933,"ENSG00000170006","TMEM154","transmembrane protein 154","Down"
56.5276954861829,-2.86541770083623,0.789270100427395,-3.63046528594531,0.000282910754959463,0.00516840987264893,"ENSG00000174007","CEP19","centrosomal protein 19","Down"
68.163217508514,2.79619524463428,0.770585168682381,3.62866475799876,0.000284890908469324,0.00519786770455655,"ENSG00000272686","WASL-DT","WASL divergent transcript","Up"
4147.1966317722,2.55373147851712,0.703783722826973,3.62857422768921,0.000284990812389441,0.00519786770455655,"ENSG00000131069","ACSS2","acyl-CoA synthetase short chain family member 2","Up"
477.181899675317,3.44810824352331,0.950476436341196,3.6277682556725,0.000285881683713206,0.00520984219179977,"ENSG00000166510","CCDC68","coiled-coil domain containing 68","Up"
143.36587820339,-6.0008184513893,1.65434845404173,-3.62730018378459,0.000286400258197338,0.00521501796928864,"ENSG00000159339","PADI4","peptidyl arginine deiminase 4","Down"
19815.7176632543,3.13154142474252,0.863487279074557,3.62662137663308,0.000287153871200573,0.00522446155352074,"ENSG00000117984","CTSD","cathepsin D","Up"
16.5687511292254,7.16593255543184,1.9765049041775,3.62555769038876,0.000288338515204476,0.00523923747105625,"ENSG00000287217","LOC105378920","uncharacterized LOC105378920","Up"
2834.54376769205,2.48678893862474,0.685923372852399,3.62546173092699,0.000288445611611496,0.00523923747105625,"ENSG00000143198","MGST3","microsomal glutathione S-transferase 3","Up"
696.800078372478,-3.37914585979583,0.932111792661231,-3.62525813577381,0.000288672959206761,0.00523923747105625,"ENSG00000091592","NLRP1","NLR family pyrin domain containing 1","Down"
321.202753990171,-6.92648035854773,1.9111207614937,-3.62430281649712,0.000289741974528394,0.00525435017919232,"ENSG00000166670","MMP10","matrix metallopeptidase 10","Down"
7621.20307959625,4.26661323419116,1.17765919999915,3.62296089920941,0.00029124986301494,0.00527739054964235,"ENSG00000185499","MUC1","mucin 1, cell surface associated","Up"
271.142663015478,-3.06325612459753,0.845831779936882,-3.62159024673454,0.000292797627461628,0.00530111535126577,"ENSG00000249992","TMEM158","transmembrane protein 158","Down"
1629.13478637889,-3.61854985396809,0.999244513920273,-3.62128568489375,0.00029314258856237,0.00530304245037199,"ENSG00000122861","PLAU","plasminogen activator, urokinase","Down"
393.805310271981,2.74620270454717,0.758507901577188,3.62053275758487,0.000293997024138411,0.00531417547777991,"ENSG00000239887","C1orf226","chromosome 1 open reading frame 226","Up"
34.3882299860749,-4.3813985828368,1.21066560619678,-3.61899979681478,0.0002957438706515,0.00534140818537352,"ENSG00000120949","TNFRSF8","TNF receptor superfamily member 8","Down"
27.3271419490026,4.07161328406145,1.12549705850118,3.61761343870913,0.000297332026890914,0.00536573291709877,"ENSG00000116031","CD207","CD207 molecule","Up"
4831.98988567315,-3.43244011403282,0.948941221027651,-3.6171261591057,0.000297892129505664,0.00537148070989411,"ENSG00000185885","IFITM1","interferon induced transmembrane protein 1","Down"
75.2285632887876,-2.60221674762445,0.71956725544963,-3.61636348502049,0.000298770767922869,0.00538295825221163,"ENSG00000170909","OSCAR","osteoclast associated Ig-like receptor","Down"
1740.55850982226,-4.66784791772438,1.29086380686972,-3.61606537644251,0.000299114863115654,0.00538479413089096,"ENSG00000115165","CYTIP","cytohesin 1 interacting protein","Down"
283.397188076154,-3.45731928661885,0.956282610979776,-3.61537399814955,0.00029991432341123,0.00539481808446754,"ENSG00000134824","FADS2","fatty acid desaturase 2","Down"
4961.69367943325,2.2070366111907,0.610536328503732,3.61491447462198,0.00030044679005277,0.00539566517224817,"ENSG00000148341","SH3GLB2","SH3 domain containing GRB2 like, endophilin B2","Up"
107.561873227641,-3.60232206165924,0.99651194363059,-3.61493114526546,0.000300427457704623,0.00539566517224817,"ENSG00000125657","TNFSF9","TNF superfamily member 9","Down"
1289.96659724109,2.07381937115066,0.574070547301661,3.6124817427028,0.000303280465920717,0.00544215867539572,"ENSG00000078804","TP53INP2","tumor protein p53 inducible nuclear protein 2","Up"
1089.47737880837,1.1799184245535,0.326644965679469,3.61223514374114,0.000303569100245801,0.00544294500464911,"ENSG00000132313","MRPL35","mitochondrial ribosomal protein L35","Up"
31.097547840804,8.6553210230339,2.3963406485939,3.61189091714176,0.000303972434033935,0.00544578495235815,"ENSG00000153002","CPB1","carboxypeptidase B1","Up"
5663.73896351477,-3.00670282622569,0.832672939442907,-3.61090493494036,0.000305130498384634,0.00546213073316068,"ENSG00000026508","CD44","CD44 molecule (IN blood group)","Down"
91.6329217176291,-2.75837105343187,0.763983840695269,-3.61050968162048,0.000305595893728927,0.00546606074438877,"ENSG00000169239","CA5B","carbonic anhydrase 5B","Down"
1142.83349476124,2.88388750046978,0.798845952761521,3.6100671105618,0.000306117792638453,0.0054709942795263,"ENSG00000002330","BAD","BCL2 associated agonist of cell death","Up"
108.355405981284,4.6363752457521,1.28466167047794,3.60902434648587,0.000307350766766503,0.00548861815061819,"ENSG00000167723","TRPV3","transient receptor potential cation channel subfamily V member 3","Up"
473.560299445003,-2.07699862675008,0.575580345238541,-3.60852945020091,0.000307937562580893,0.00549468365077126,"ENSG00000185963","BICD2","BICD cargo adaptor 2","Down"
124.654671594618,4.76969279289101,1.32295897794598,3.60532176159869,0.000311766408871175,0.00555854255688278,"ENSG00000145681","HAPLN1","hyaluronan and proteoglycan link protein 1","Up"
52.7415894739951,5.34426432708308,1.48258272958632,3.6046988949981,0.000312515040285212,0.00556742539315794,"ENSG00000146013","GFRA3","GDNF family receptor alpha 3","Up"
62.7456102731854,3.25571462528959,0.903350545231935,3.60404346072951,0.000313304632294795,0.00557256151184815,"ENSG00000105427","CNFN","cornifelin","Up"
22.2937786810975,-5.21930285887772,1.44811352027707,-3.60420836197917,0.000313105802539941,0.00557256151184815,"ENSG00000142405","NLRP12","NLR family pyrin domain containing 12","Down"
16.2603969817039,4.99775168441944,1.38698679692526,3.603315976402,0.000314183208711715,0.00558372124643291,"ENSG00000206113","CFAP99","cilia and flagella associated protein 99","Up"
124.865509604339,-4.41600830478948,1.22621378972135,-3.60133635896638,0.000316585667203202,0.00561743746123606,"ENSG00000163599","CTLA4","cytotoxic T-lymphocyte associated protein 4","Down"
1879.37170809607,3.45117574512222,0.958260558646984,3.60150035810209,0.000316385986820674,0.00561743746123606,"ENSG00000168453","HR","HR lysine demethylase and nuclear receptor corepressor","Up"
9680.91287856534,2.22226202346244,0.617480150577537,3.59892058292713,0.000319540744793932,0.00566535038198046,"ENSG00000010256","UQCRC1","ubiquinol-cytochrome c reductase core protein 1","Up"
1626.12341461341,3.83143614187856,1.06518809751737,3.59695733627559,0.000321961266320723,0.00570371699928975,"ENSG00000250722","SELENOP","selenoprotein P","Up"
645.360170377828,4.63670816344412,1.28919219820168,3.59659961479131,0.000322404151698529,0.00570701552923041,"ENSG00000158125","XDH","xanthine dehydrogenase","Up"
19.0829876773283,6.8216600252217,1.89708955994587,3.59585555118248,0.000323327184077651,0.00571860986334196,"ENSG00000299905",NA,NA,"Up"
721.801230251246,2.40090649640952,0.667723955387552,3.59565727279623,0.000323573571181765,0.00571860986334196,"ENSG00000139180","NDUFA9","NADH:ubiquinone oxidoreductase subunit A9","Up"
15.237599216956,6.10850699409337,1.69957658004681,3.59413460141062,0.000325471556494167,0.00574758468271232,"ENSG00000286739","LOC102724497","uncharacterized LOC102724497","Up"
257.272386273701,3.7491415827625,1.0431959895184,3.59389953607216,0.000325765488397757,0.00574820960598995,"ENSG00000169876","MUC17","mucin 17, cell surface associated","Up"
81.2085630637864,4.09171286836935,1.13868024986644,3.59338178461361,0.000326413774930618,0.00575508125141351,"ENSG00000183196","CHST6","carbohydrate sulfotransferase 6","Up"
58.0321643767066,4.72138293288419,1.31424913362907,3.5924565686012,0.000327575263235827,0.00577098322307618,"ENSG00000165072","MAMDC2","MAM domain containing 2","Up"
9.14905864994524,-7.17054384810739,1.99620620310915,-3.59208574592097,0.000328041867714649,0.00577462774734741,"ENSG00000135625","EGR4","early growth response 4","Down"
83.2605010460925,-3.69634941502507,1.02920039159605,-3.59147688361535,0.000328809345662505,0.0057835586883817,"ENSG00000170379","TCAF2","TRPM8 channel associated factor 2","Down"
52.8916056210331,3.09537287197304,0.861958346778519,3.59109333245821,0.000329293678641345,0.0057874990966269,"ENSG00000144821","MYH15","myosin heavy chain 15","Up"
80.8662257717069,-3.31731836855605,0.923856305775671,-3.59072980052977,0.000329753348338496,0.00579100015293032,"ENSG00000272438",NA,NA,"Down"
305.113270733965,3.82214135357617,1.06457558907523,3.59029588203911,0.000330302804776411,0.00579222212147578,"ENSG00000177181","RIMKLA","ribosomal modification protein rimK like family member A","Up"
253.448087464234,-3.79151670059657,1.05609079537681,-3.59014273885778,0.000330496929313897,0.00579222212147578,"ENSG00000122986","HVCN1","hydrogen voltage gated channel 1","Down"
1279.0004115901,1.94912786222155,0.542923793887171,3.59005791267018,0.000330604501063858,0.00579222212147578,"ENSG00000139433","GLTP","glycolipid transfer protein","Up"
2106.41448318029,3.21188131536881,0.894869207425507,3.5892187246103,0.00033167047853957,0.00580286429107321,"ENSG00000163362","INAVA","innate immunity activator","Up"
60.5471936788054,3.60919262808347,1.00557894554185,3.58916885052588,0.000331733932170829,0.00580286429107321,"ENSG00000121905","HPCA","hippocalcin","Up"
1880.10925964056,1.75038741676855,0.487736643458514,3.58879620845513,0.000332208395608035,0.00580479870147469,"ENSG00000162496","DHRS3","dehydrogenase/reductase 3","Up"
372.524345069155,3.82892890999778,1.06694869851748,3.5886719908071,0.000332366695766531,0.00580479870147469,"ENSG00000130701","RBBP8NL","RBBP8 N-terminal like","Up"
1804.47043608765,2.22981332807803,0.621446072947777,3.58810430243948,0.000333091043781107,0.00581288318397595,"ENSG00000137171","KLC4","kinesin light chain 4","Up"
12.800801157979,3.62436685919852,1.01030032173005,3.58741532714956,0.000333972133381216,0.00582368818938399,"ENSG00000249167","SEMA6A-AS2","SEMA6A antisense RNA 2","Up"
12.915451428509,3.76810154286374,1.05049815836368,3.58696634816873,0.000334547479063353,0.00582901315296001,"ENSG00000225972","MTND1P23","MT-ND1 pseudogene 23","Up"
113.336687324416,-2.97783154584334,0.830226959200372,-3.58676806726612,0.00033480186193181,0.00582901315296001,"ENSG00000274536","MIR223HG","MIR223 host gene","Down"
153.879602941482,-2.51017060687586,0.699940930715173,-3.58626063532398,0.000335453692103638,0.00583579181262926,"ENSG00000105088","OLFM2","olfactomedin 2","Down"
1477.1602761216,-3.42373381750909,0.954966567321317,-3.58518709938995,0.000336836635993801,0.00584666541958695,"ENSG00000115935","WIPF1","WAS/WASL interacting protein family member 1","Down"
325.268265888217,-3.46337695736149,0.966085400409572,-3.58495942066115,0.000337130619705414,0.00584666541958695,"ENSG00000118263","KLF7","KLF transcription factor 7","Down"
380.965162266451,2.10032909531243,0.585820786638737,3.58527580996825,0.000336722155920003,0.00584666541958695,"ENSG00000124920","MYRF","myelin regulatory factor","Up"
1074.13113184098,2.12530321057475,0.592834425375443,3.58498616072909,0.000337096079912254,0.00584666541958695,"ENSG00000130734","ATG4D","autophagy related 4D cysteine peptidase","Up"
230.437148743117,3.11007105590347,0.86774788213218,3.58407219417417,0.000338278517815098,0.00586200022336951,"ENSG00000169860","P2RY1","purinergic receptor P2Y1","Up"
235.175028263484,2.5718710391886,0.717843600873664,3.5827735123061,0.000339965354327005,0.00588664308625569,"ENSG00000263155","MYZAP","myocardial zonula adherens protein","Up"
47.6741525642631,3.17415578304284,0.886132612782787,3.58203246021474,0.000340931417801539,0.00589625154210004,"ENSG00000300245",NA,NA,"Up"
16.5026889044758,6.45577783086539,1.80231265972967,3.58194112215452,0.000341050667167753,0.00589625154210004,"ENSG00000308379",NA,NA,"Up"
84.6009583772825,2.88761172681497,0.806482343444729,3.58050210309765,0.000342934582996409,0.00592421490579578,"ENSG00000237080","EHMT2-AS1","EHMT2 and SLC44A4 antisense RNA 1","Up"
288.522047519397,-2.84922654340839,0.796014562770472,-3.5793648466579,0.000344430323569533,0.00594543430428681,"ENSG00000169896","ITGAM","integrin subunit alpha M","Down"
12.8337650701368,7.92421065644119,2.21471683983707,3.57797914112766,0.000346261077139744,0.00597239916838473,"ENSG00000070748","CHAT","choline O-acetyltransferase","Up"
121.689666222732,-3.40962729532276,0.953220282196426,-3.57695630171259,0.000347618257511989,0.00599116024749151,"ENSG00000146592","CREB5","cAMP responsive element binding protein 5","Down"
507.167468265852,-3.01289733582168,0.842393747011704,-3.57659033736847,0.000348105054031165,0.00599490291733144,"ENSG00000027075","PRKCH","protein kinase C eta","Down"
3077.91526624422,2.41939941815648,0.676839692392488,3.57455309632389,0.000350826615748969,0.00603549680752655,"ENSG00000042445","RETSAT","retinol saturase","Up"
3588.34882068823,3.90809354017128,1.09335040861558,3.57441997494634,0.00035100514425097,0.00603549680752655,"ENSG00000244187","TMEM141","transmembrane protein 141","Up"
64.2044239819094,4.18298087591836,1.17043160467713,3.57387895132264,0.000351731583473894,0.00604331398406111,"ENSG00000146038","DCDC2","doublecortin domain containing 2","Up"
32.50202956753,3.65472448901283,1.02274551958844,3.57344463408993,0.00035231576392841,0.00604867674086513,"ENSG00000297150",NA,NA,"Up"
1627.990065309,1.88317892672567,0.5270515306519,3.57304517149661,0.00035285386400778,0.00605324070870754,"ENSG00000082458","DLG3","discs large MAGUK scaffold protein 3","Up"
48.5700663240428,-5.69399568282613,1.59372889767305,-3.57275047916853,0.000353251324838512,0.00605538681968746,"ENSG00000075340","ADD2","adducin 2","Down"
9.82673063101026,7.19150542494693,2.01364170188597,3.5713927746984,0.00035508791808615,0.00607898384225189,"ENSG00000178171","AMER3","APC membrane recruitment protein 3","Up"
1317.48065413952,3.29279159620738,0.922007416114654,3.57132875360507,0.00035517474074957,0.00607898384225189,"ENSG00000164976","MYORG","myogenesis regulating glycosidase","Up"
458.783727323359,2.4778853808768,0.693940951576049,3.57074384390939,0.00035596889001817,0.00608788948597997,"ENSG00000136052","SLC41A2","solute carrier family 41 member 2","Up"
2586.40469142815,-4.52973472834798,1.26908721545316,-3.56928560400831,0.000357956022356818,0.00611716852041439,"ENSG00000081237","PTPRC","protein tyrosine phosphatase receptor type C","Down"
59.5183552509885,6.78088977415673,1.90048727369812,3.56797431269399,0.000359751762485839,0.00614313435894597,"ENSG00000254042",NA,NA,"Up"
2672.5273210688,-1.76288349127686,0.494259151653112,-3.5667189679355,0.000361478776498535,0.00616788767297922,"ENSG00000164111","ANXA5","annexin A5","Down"
317.072813110636,2.57530088486793,0.722204198758646,3.5658902140066,0.000362623162267981,0.00618266929961964,"ENSG00000169020","ATP5ME","ATP synthase membrane subunit e","Up"
10.3101584971548,6.37860084795191,1.7899179097145,3.56362759059119,0.000365764781516574,0.00623145470303295,"ENSG00000125899",NA,NA,"Up"
171.550689662893,3.54271818426903,0.994277401393136,3.56310842356986,0.000366489217882292,0.00623901591208039,"ENSG00000173175","ADCY5","adenylate cyclase 5","Up"
863.469306577489,2.36154151829163,0.662828771105723,3.56282289067225,0.000366888216949733,0.00624102963079067,"ENSG00000107242","PIP5K1B","phosphatidylinositol-4-phosphate 5-kinase type 1 beta","Up"
523.067890554839,-3.45253390816297,0.96948121709972,-3.56121794550234,0.000369138509084112,0.00626971464665169,"ENSG00000151702","FLI1","Fli-1 proto-oncogene, ETS transcription factor","Down"
1289.02390080629,-3.47179496409901,0.974884397605622,-3.5612375914785,0.000369110885639387,0.00626971464665169,"ENSG00000139289","PHLDA1","pleckstrin homology like domain family A member 1","Down"
1275.89223664754,2.41982731734177,0.679577622751346,3.56078133877456,0.000369752903840288,0.00627535596265735,"ENSG00000095321","CRAT","carnitine O-acetyltransferase","Up"
8379.31540995026,-4.15906018142438,1.16816426154452,-3.56033848863461,0.000370377060878501,0.00627815534780135,"ENSG00000120129","DUSP1","dual specificity phosphatase 1","Down"
58.9954090017109,3.10626408628213,0.872481471569947,3.56026367034787,0.000370482607669472,0.00627815534780135,"ENSG00000262050",NA,NA,"Up"
836.808847430689,-1.52127811342805,0.427324102088708,-3.56001008600318,0.000370840550452736,0.00627869251376462,"ENSG00000122068","FYTTD1","forty-two-three domain containing 1","Down"
1167.0298629286,1.40175255441684,0.393806221328302,3.55949824685031,0.000371564013602992,0.00627869251376462,"ENSG00000130560","UBAC1","UBA domain containing 1","Up"
658.155243911966,-5.75862164678569,1.61774906971872,-3.5596507236978,0.000371348356115231,0.00627869251376462,"ENSG00000211898","IGHD","immunoglobulin heavy constant delta","Down"
14.1477200046587,4.37655066768871,1.22958317555397,3.55937748230567,0.000371734901490924,0.00627869251376462,"ENSG00000267612",NA,NA,"Up"
32.44530938618,-3.37401536327233,0.947958894563098,-3.55924226527499,0.000371926327559394,0.00627869251376462,"ENSG00000104974","LILRA1","leukocyte immunoglobulin like receptor A1","Down"
871.076848114471,-2.38073697503795,0.668989758230448,-3.55870466737079,0.00037268831409871,0.00628678246385176,"ENSG00000165168","CYBB","cytochrome b-245 beta chain","Down"
198.747871159649,-2.58482391511859,0.726411585834804,-3.5583462124273,0.000373197195663362,0.00629059382197386,"ENSG00000134326","CMPK2","cytidine/uridine monophosphate kinase 2","Down"
51.4132031573413,-4.11159443862845,1.15591628012082,-3.55700019918285,0.000375113871897217,0.00631332832240032,"ENSG00000183625","CCR3","C-C motif chemokine receptor 3","Down"
66.4743680026473,-5.37794528277895,1.51184974984006,-3.55719560316618,0.000374835053592936,0.00631332832240032,"ENSG00000295095",NA,NA,"Down"
763.035123698264,2.57095636722208,0.722887289937763,3.556510680169,0.000375813208879805,0.00632031397354365,"ENSG00000008382","MPND","MPN domain containing","Up"
374.879411935106,-4.39751646338482,1.23707218363019,-3.55477758014114,0.000378298959120787,0.00635730971892098,"ENSG00000276085","CCL3L1","C-C motif chemokine ligand 3 like 1","Down"
1845.99292915823,3.4511150973974,0.971063515062112,3.5539540347952,0.000379485532265501,0.00637243341303541,"ENSG00000187097","ENTPD5","ectonucleoside triphosphate diphosphohydrolase 5 (inactive)","Up"
4986.50574973447,4.11601664636424,1.1582882712348,3.55353390738934,0.000380092195551218,0.00637780361033225,"ENSG00000105523","FAM83E","family with sequence similarity 83 member E","Up"
29.5974061314653,5.06125573726242,1.42517613827846,3.55131944839897,0.000383304879712886,0.00642686077726741,"ENSG00000215023",NA,NA,"Up"
59.6765231587649,3.06178975187094,0.862314223842737,3.55066594892366,0.000384257800032521,0.00643798317115526,"ENSG00000259704","LOC105370969","uncharacterized LOC105370969","Up"
30.3014940476519,3.98016485793351,1.12112230680794,3.55016114991578,0.00038499540337918,0.00644548403865159,"ENSG00000227695","DNMBP-AS1","DNMBP antisense RNA 1","Up"
37.0073143901417,-6.93833367330856,1.95455252314468,-3.54983229723879,0.000385476628636099,0.00644868463842467,"ENSG00000228705","LINC00659","long intergenic non-protein coding RNA 659","Down"
266.53477331479,3.26697128823112,0.920382675955229,3.54957929302663,0.000385847243892113,0.00645003140861155,"ENSG00000259342",NA,NA,"Up"
1609.41624988739,4.19692477137291,1.18252064661181,3.54913445562074,0.000386499675127112,0.00645608360413304,"ENSG00000076864","RAP1GAP","RAP1 GTPase activating protein","Up"
119.473046532326,-2.05183718307086,0.578177249527095,-3.54880304396119,0.000386986417839911,0.00645936113200807,"ENSG00000272325","NUDT3","nudix hydrolase 3","Down"
26.8244487224797,7.62815723007676,2.14973605167596,3.54841573416874,0.00038755598378494,0.00646401514440403,"ENSG00000278041",NA,NA,"Up"
25.3260111961636,-3.72284326493024,1.0492536097629,-3.54808716433341,0.000388039782628956,0.00646723274901768,"ENSG00000121594","CD80","CD80 molecule","Down"
548.557684028802,2.62795174580159,0.740765017591042,3.54761858807488,0.000388730708732589,0.00647389501666791,"ENSG00000125845","BMP2","bone morphogenetic protein 2","Up"
441.261654233694,1.90164425995176,0.536145054244767,3.54688389810941,0.000389816340195965,0.00648711578710846,"ENSG00000155846","PPARGC1B","PPARG coactivator 1 beta","Up"
124.637106982628,-3.69098699978097,1.04071281803093,-3.54659511810805,0.000390243837744786,0.00648740332316408,"ENSG00000115919","KYNU","kynureninase","Down"
260.552372366714,-2.0679122163965,0.583088958200559,-3.54647809277365,0.000390417201744863,0.00648740332316408,"ENSG00000111817","DSE","dermatan sulfate epimerase","Down"
12.256983467448,-4.79651224379838,1.35277982672212,-3.54567103164206,0.000391614761534996,0.00650243424735932,"ENSG00000183662","TAFA1","TAFA chemokine like family member 1","Down"
236.148716505295,3.36622089898702,0.949441541561765,3.54547463074959,0.000391906710361242,0.00650243424735932,"ENSG00000104883","PEX11G","peroxisomal biogenesis factor 11 gamma","Up"
3572.83393538982,2.99741438709791,0.846236793561977,3.54205159820717,0.000397027803551384,0.00658249004948391,"ENSG00000172366","MCRIP2","MAPK regulated corepressor interacting protein 2","Up"
813.348734042484,-3.23574390554311,0.913785326655847,-3.54103290034747,0.000398563876117727,0.00659105862427726,"ENSG00000117228","GBP1","guanylate binding protein 1","Down"
388.950151055692,-2.62582949543459,0.741528542545694,-3.54110374014737,0.000398456878936256,0.00659105862427726,"ENSG00000164649","CDCA7L","cell division cycle associated 7 like","Down"
29.5654108118033,2.44434486268526,0.690312977146072,3.54092265915498,0.00039873043897148,0.00659105862427726,"ENSG00000287710",NA,NA,"Up"
138.442345558638,-4.33866160242437,1.22522403914502,-3.54111694172436,0.000398436942101875,0.00659105862427726,"ENSG00000187116","LILRA5","leukocyte immunoglobulin like receptor A5","Down"
1081.67319537279,-3.42552725248141,0.967820706602161,-3.53942339641379,0.000401002133302856,0.00662368531182941,"ENSG00000105639","JAK3","Janus kinase 3","Down"
681.268278768497,-2.72350757249099,0.769530642354119,-3.5391801477318,0.00040137184360825,0.00662487022935577,"ENSG00000130775","THEMIS2","thymocyte selection associated family member 2","Down"
1585.26995244016,3.42169502516212,0.966935843031121,3.53869912861633,0.000402103875562623,0.00663202927699095,"ENSG00000188959","C9orf152","chromosome 9 open reading frame 152","Up"
2704.87169151287,2.90693817219938,0.821645753605975,3.53794583546697,0.00040325277030527,0.00664604806686217,"ENSG00000277972","CISD3","CDGSH iron sulfur domain 3","Up"
473.064714796541,-2.05134217262988,0.580059043190248,-3.53643684502835,0.000405563456589868,0.00667917950397226,"ENSG00000072864","NDE1","nudE neurodevelopment protein 1","Down"
4154.28071870177,2.94036840595862,0.831586623881144,3.53585341745333,0.000406460158257127,0.0066889923749302,"ENSG00000088256","GNA11","G protein subunit alpha 11","Up"
61.6176853535711,-4.68872545068932,1.32620174520982,-3.53545414008448,0.000407074896475787,0.00668920633654559,"ENSG00000122691","TWIST1","twist family bHLH transcription factor 1","Down"
41.3558087626512,-4.93967797620287,1.39716380664804,-3.53550382045306,0.00040699835995871,0.00668920633654559,"ENSG00000211734","TRBV5-1","T cell receptor beta variable 5-1","Down"
36.7690112997974,-4.3584985775265,1.23295792202898,-3.5349937736351,0.000407784767016739,0.00669592224895359,"ENSG00000120057","SFRP5","secreted frizzled related protein 5","Down"
1442.04970102411,2.76371785451234,0.781892380082044,3.53465249811277,0.00040831174923976,0.00669962739545947,"ENSG00000120915","EPHX2","epoxide hydrolase 2","Up"
741.797040915444,-2.59991419626427,0.735719558623583,-3.5338386288497,0.000409571057859193,0.0067153343137046,"ENSG00000010810","FYN","FYN proto-oncogene, Src family tyrosine kinase","Down"
10.3705320602439,-7.4854193073186,2.12027335888906,-3.53040294353397,0.000414927218188146,0.00679814063520785,"ENSG00000233532","LINC00460","long intergenic non-protein coding RNA 460","Down"
367.773060252928,-2.52171484749707,0.714377988108243,-3.52994477639893,0.000415646414479853,0.0068049092291094,"ENSG00000117280","RAB29","RAB29, member RAS oncogene family","Down"
10.1309377726423,7.294215260102,2.06661387401122,3.52954915856835,0.000416268362079853,0.00681007689044988,"ENSG00000286346","LOC124901902","uncharacterized LOC124901902","Up"
438.303724021765,-2.91011222827783,0.824551039188947,-3.52932940469071,0.000416614210750095,0.00681072334382858,"ENSG00000153317","ASAP1","ArfGAP with SH3 domain, ankyrin repeat and PH domain 1","Down"
57.5798307129273,2.29657095981984,0.65085666940969,3.52853564810632,0.000417865661409024,0.00682115069758211,"ENSG00000261211",NA,NA,"Up"
1397.31632483746,-5.34312341893257,1.51419537743474,-3.52868823835967,0.000417624812678856,0.00682115069758211,"ENSG00000103888","CEMIP","cell migration inducing hyaluronidase 1","Down"
60.0930944540934,8.17439028277951,2.31705564023069,3.52792144515168,0.000418836432976997,0.00682697244455833,"ENSG00000166828","SCNN1G","sodium channel epithelial 1 subunit gamma","Up"
163.121807481562,-2.56138390908095,0.725999179015922,-3.52808099942049,0.000418584048977829,0.00682697244455833,"ENSG00000141384","TAF4B","TATA-box binding protein associated factor 4b","Down"
20.2033145119405,-7.63004873076999,2.1633838337057,-3.52690475536203,0.000420447980440506,0.00684821974295514,"ENSG00000307101",NA,NA,"Down"
1353.28214728501,1.40469301930042,0.398339924280031,3.52636764150441,0.000421301691435507,0.00685587869946324,"ENSG00000117528","ABCD3","ATP binding cassette subfamily D member 3","Up"
12.8048946152547,7.42932302153172,2.10687953670555,3.52622107344052,0.00042153493375461,0.00685587869946324,"ENSG00000125820","NKX2-2","NK2 homeobox 2","Up"
14.7794940522946,4.01674409364467,1.13951677767312,3.52495388602072,0.000423556516954831,0.00688372225252687,"ENSG00000260273",NA,NA,"Up"
15759.7182241858,2.53707546094088,0.720013152252792,3.52365155136796,0.000425643602146615,0.00690754321644211,"ENSG00000173702","MUC13","mucin 13, cell surface associated","Up"
1545.32668253322,-2.25300097083452,0.639388571062903,-3.52368039217403,0.000425597278884878,0.00690754321644211,"ENSG00000135046","ANXA1","annexin A1","Down"
8.81310567503126,6.89823615973457,1.9583340435385,3.52250229346481,0.000427493342881967,0.00693250145316906,"ENSG00000260057",NA,NA,"Up"
561.324979018455,-5.67842580817143,1.61289561396583,-3.52064061617054,0.000430505663254345,0.0069762626903308,"ENSG00000178773","CPNE7","copine 7","Down"
1931.10125761683,2.57142533726817,0.73073078305676,3.51897770956288,0.000433213104520816,0.00700991772402569,"ENSG00000160446","ZDHHC12","zDHHC palmitoyltransferase 12","Up"
24.7745356540091,7.1080458512418,2.01982306544837,3.51914282633657,0.000432943562500566,0.00700991772402569,"ENSG00000118271","TTR","transthyretin","Up"
23.7742656235663,-4.65263500931293,1.3227471383008,-3.51740319415069,0.000435791276529301,0.00704650723714615,"ENSG00000101230","ISM1","isthmin 1","Down"
17.5633960930285,6.20699915434562,1.76495898383976,3.51679512735304,0.00043679077696386,0.00705241056226398,"ENSG00000248211","TRPC7-AS1","TRPC7 antisense RNA 1","Up"
40.6048309771636,2.36696387963255,0.673039564413567,3.5168272487739,0.000436737924380893,0.00705241056226398,"ENSG00000290549",NA,NA,"Up"
395.258037060073,3.8741992451975,1.10193188453749,3.51582461634968,0.000438390474027809,0.0070731026190568,"ENSG00000148357","HMCN2","hemicentin 2","Up"
72400.7672965275,2.03883786063649,0.580026975116854,3.5150742087913,0.000439631121127127,0.00708797586368341,"ENSG00000211459",NA,NA,"Up"
43.5456336063315,2.95609563020069,0.84110627705463,3.5145328371015,0.000440528204000808,0.0070972924344565,"ENSG00000304432",NA,NA,"Up"
19.3139311325264,-8.83181292547838,2.51313210016847,-3.51426529663377,0.000440972163968597,0.0070993005948688,"ENSG00000290563","TREML3P","triggering receptor expressed on myeloid cells like 3, pseudogene","Down"
100.071547807361,2.35901703890438,0.671382560400166,3.51367041392664,0.000441960816864116,0.00711006862615043,"ENSG00000099866","MADCAM1","mucosal vascular addressin cell adhesion molecule 1","Up"
1143.90889775968,1.4941630180044,0.425273082205821,3.51342015406766,0.000442377348967903,0.00711162371627144,"ENSG00000130770","ATP5IF1","ATP synthase inhibitory factor subunit 1","Up"
67.9937995608595,2.10233327953112,0.598504250456976,3.51264552912686,0.000443668957056945,0.00712723404786638,"ENSG00000305746",NA,NA,"Up"
41.0331783392674,-3.81974079745951,1.08790283082457,-3.5111047505634,0.000446248518491349,0.0071634969758976,"ENSG00000136541","ERMN","ermin","Down"
284.025389800167,4.45340269702749,1.26856414664631,3.51058534075783,0.000447121261176025,0.007172328282631,"ENSG00000103316","CRYM","crystallin mu","Up"
970.791554592194,-1.78406905135497,0.508268485528703,-3.51009181594088,0.000447951986097662,0.00717530007702401,"ENSG00000169756","LIMS1","LIM zinc finger domain containing 1","Down"
15.0065628798966,7.62546790871797,2.17234126015379,3.51025322245094,0.000447680140439693,0.00717530007702401,"ENSG00000006071","ABCC8","ATP binding cassette subfamily C member 8","Up"
249.160595091488,-2.99163602145575,0.85242481346336,-3.50955999192571,0.000448848790479504,0.00718448895516977,"ENSG00000145416","MARCHF1","membrane associated ring-CH-type finger 1","Down"
725.286817097745,2.64404877473294,0.753557387380955,3.50875569533268,0.000450208243821492,0.00720106466538362,"ENSG00000135617","PRADC1","protease associated domain containing 1","Up"
116.482702618925,-2.74928388043,0.783655630957728,-3.50828064244242,0.000451013000772589,0.0072087505723774,"ENSG00000058091","CDK14","cyclin dependent kinase 14","Down"
249.797574191715,1.61587630196709,0.4606666182229,3.50769132827685,0.000452013186193525,0.00721954681655219,"ENSG00000179743","SPEN-AS1","SPEN antisense RNA 1","Up"
57.3421766257757,-7.43923660738431,2.12122034368433,-3.50705509191146,0.000453095331600398,0.00723163568375567,"ENSG00000104804","TULP2","TUB like protein 2","Down"
17.7692893311886,6.61459425223515,1.88708657601116,3.5051885463659,0.000456284020665718,0.00727730461367353,"ENSG00000304774","LOC124909385","uncharacterized LOC124909385","Up"
15.8054428906148,7.6330389872221,2.17790170212291,3.50476744647464,0.000457006290433688,0.00728359917936357,"ENSG00000227560","RPS15AP30","ribosomal protein S15a pseudogene 30","Up"
2249.67022144991,-3.340044862828,0.953084993008624,-3.5044564622557,0.000457540374719123,0.00728688764407611,"ENSG00000157514","TSC22D3","TSC22 domain family member 3","Down"
21.957083598776,-4.29924377178389,1.22728610028494,-3.50304934667291,0.000459964242623913,0.00732024696224586,"ENSG00000183150","GPR19","G protein-coupled receptor 19","Down"
344.273731063987,-4.69784831708183,1.34130673844311,-3.50244144939938,0.000461015095469969,0.00732955909551922,"ENSG00000178562","CD28","CD28 molecule","Down"
16.6812620440732,6.40473644534858,1.82879125425257,3.50216922267938,0.000461486411043056,0.00732955909551922,"ENSG00000290718","ANKRD20A2P","ankyrin repeat domain 20 family member A2, pseudogene","Up"
117.227015704704,-1.52855904992089,0.436464387138136,-3.50213922364557,0.000461538376904912,0.00732955909551922,"ENSG00000158122","PRXL2C","peroxiredoxin like 2C","Down"
94.4345984057504,-11.1379939889338,3.18295471967454,-3.49926246832462,0.000466547083089157,0.00740381248987953,"ENSG00000286966",NA,NA,"Down"
178.878918743566,-3.20752538675522,0.916731243512955,-3.49887211704909,0.000467230616186663,0.00740937110533386,"ENSG00000164867","NOS3","nitric oxide synthase 3","Down"
1404.75208376173,2.06805909337622,0.59122803853973,3.49790429169108,0.000468929379846342,0.00743100990885512,"ENSG00000114315","HES1","hes family bHLH transcription factor 1","Up"
419.667464492095,2.83957728854711,0.811866616927114,3.49759089651303,0.000469480696757491,0.0074344475292089,"ENSG00000137819","PAQR5","progestin and adipoQ receptor family member 5","Up"
630.321264243258,1.91364452177536,0.547311070494752,3.49644767836595,0.000471496947685892,0.00746106166398607,"ENSG00000137103","TMEM8B","transmembrane protein 8B","Up"
51.2537032055552,3.21148302405961,0.918682669561097,3.49574791216417,0.000472735081504627,0.00747533361813114,"ENSG00000254285","KRT8P3","keratin 8 pseudogene 3","Up"
33.7487103059335,-5.85351019742698,1.67460662556885,-3.4954538624488,0.000473256263884601,0.00747825622952831,"ENSG00000086991","NOX4","NADPH oxidase 4","Down"
207.537862703114,-2.87564333717475,0.823082145433112,-3.49375011124991,0.000476286607952698,0.00752079556435535,"ENSG00000085514","PILRA","paired immunoglobin like type 2 receptor alpha","Down"
1701.08833813862,1.9831316128981,0.567727297311192,3.49310597233988,0.000477437000812323,0.00752826726174495,"ENSG00000117620","SLC35A3","solute carrier family 35 member A3","Up"
230.811916298577,-2.29216510888563,0.656165438372609,-3.49327315161638,0.000477138180022067,0.00752826726174495,"ENSG00000181634","TNFSF15","TNF superfamily member 15","Down"
798.744579179472,3.30507167972743,0.946448441625689,3.49207789285425,0.000479278458906645,0.00755194753853397,"ENSG00000134955","SLC37A2","solute carrier family 37 member 2","Up"
425.592832499276,-1.77478946690197,0.508278504707017,-3.49176573564723,0.000479838893152881,0.00755495977816284,"ENSG00000139370","SLC15A4","solute carrier family 15 member 4","Down"
35896.7182241337,3.34817121145605,0.958923675741596,3.49159301846072,0.000480149245110605,0.00755495977816284,"ENSG00000171345","KRT19","keratin 19","Up"
410.604013872513,-5.37072069392065,1.53929392378392,-3.48908068234184,0.000484684830907094,0.00761472074960616,"ENSG00000144810","COL8A1","collagen type VIII alpha 1 chain","Down"
665.314596287495,4.18698190222926,1.20007058367117,3.48894636632183,0.000484928436776476,0.00761472074960616,"ENSG00000255545","B3GAT1-DT","B3GAT1 divergent transcript","Up"
26.6472390688699,4.35528930757626,1.24831990743977,3.48892081398324,0.00048497479339011,0.00761472074960616,"ENSG00000269646",NA,NA,"Up"
310.689552537963,-3.07123962192399,0.88033477561183,-3.48871782304577,0.000485343202916157,0.00761512733269931,"ENSG00000176170","SPHK1","sphingosine kinase 1","Down"
1214.54591802013,2.3269010308704,0.66705398618974,3.48832490179966,0.000486057059836341,0.0076165528004774,"ENSG00000160746","ANO10","anoctamin 10","Up"
98.7455122550735,2.40254372921209,0.688745269108288,3.48829071787693,0.000486119211257025,0.0076165528004774,"ENSG00000242258","LINC00996","long intergenic non-protein coding RNA 996","Up"
701.034321488116,-1.32482580280369,0.379967231788606,-3.48668435582558,0.000489048186142811,0.00765165962175448,"ENSG00000123130","ACOT9","acyl-CoA thioesterase 9","Down"
834.253832088616,-2.95924316978178,0.848683691029149,-3.48686230342576,0.000488722915058275,0.00765165962175448,"ENSG00000168461","RAB31","RAB31, member RAS oncogene family","Down"
239.683357716164,-6.30514977282183,1.80924603802684,-3.48495983426234,0.000492210921037626,0.00769572813461993,"ENSG00000196092","PAX5","paired box 5","Down"
1956.76951897747,5.14680948444134,1.4770349780257,3.48455490967512,0.000492956303811667,0.0077019659189352,"ENSG00000166391","MOGAT2","monoacylglycerol O-acyltransferase 2","Up"
13.2106684453877,6.54328598283697,1.87824498998834,3.48372337885356,0.00049449028209406,0.00772050733272278,"ENSG00000287342","LOC105375118","uncharacterized LOC105375118","Up"
1241.58954061266,2.81438780864751,0.808031233558524,3.48301859106746,0.000495793933255182,0.00773000457087129,"ENSG00000112782","CLIC5","chloride intracellular channel 5","Up"
846.480226223722,-5.37544972224536,1.54329026122819,-3.48310998733798,0.000495624696241106,0.00773000457087129,"ENSG00000012124","CD22","CD22 molecule","Down"
121.533502353306,-4.80526198436735,1.37977547489174,-3.48264052507846,0.000496494564622459,0.0077355036126497,"ENSG00000118473","SGIP1","SH3GL interacting endocytic adaptor 1","Down"
134.016162887213,-5.14678550479162,1.47963795391136,-3.47840868179024,0.000504400265470827,0.00785317304076533,"ENSG00000257335","MGAM","maltase-glucoamylase","Down"
955.495484235627,2.41062485583441,0.693177744145033,3.47764318199177,0.000505842805802642,0.0078701211346467,"ENSG00000226742","HSBP1L1","heat shock factor binding protein 1 like 1","Up"
66.9357877701148,-5.74023498843473,1.65089063195515,-3.47705346273398,0.000506956719558392,0.0078817797679331,"ENSG00000271856","LINC01215","long intergenic non-protein coding RNA 1215","Down"
9.83331014899234,7.69755701382757,2.21393207662617,3.47687135260172,0.000507301167090013,0.0078817797679331,"ENSG00000286910",NA,NA,"Up"
686.976046662729,2.53793705017067,0.730008753978188,3.47658440578988,0.000507844348018128,0.00788328194598112,"ENSG00000170522","ELOVL6","ELOVL fatty acid elongase 6","Up"
11.6131547568891,-7.46937335567263,2.1486816800167,-3.47625868696129,0.000508461580107809,0.00788328194598112,"ENSG00000255521","CD44-DT","CD44 divergent transcript","Down"
28.8672050669844,4.24484140396995,1.2210663331702,3.47633972754721,0.000508307944144402,0.00788328194598112,"ENSG00000279693",NA,NA,"Up"
2621.15552624128,2.51301966719793,0.72318748944463,3.47492137775752,0.000511003097379307,0.00790426394447283,"ENSG00000002933","TMEM176A","transmembrane protein 176A","Up"
477.244879111825,4.08477486624029,1.17554290253301,3.47479862915985,0.000511236969916427,0.00790426394447283,"ENSG00000104537","ANXA13","annexin A13","Up"
39.2668668935593,2.80520245832019,0.80723334551648,3.47508248253221,0.000510696296278091,0.00790426394447283,"ENSG00000233554","B4GALT1-AS1","B4GALT1 antisense RNA 1","Up"
333.652282675138,2.91510870552814,0.838815010135385,3.4752700777942,0.000510339264199472,0.00790426394447283,"ENSG00000247095","MIR210HG","MIR210 host gene","Up"
9.9505892411811,7.07831673821022,2.03770439663592,3.47367201537963,0.000513388169115465,0.00793200775812656,"ENSG00000310247",NA,NA,"Up"
639.205431812131,-1.62992642857829,0.469394168428217,-3.47240451247222,0.000515818472321639,0.00796402228828264,"ENSG00000253276","CCDC71L","coiled-coil domain containing 71 like","Down"
1211.59900062859,3.93955776812008,1.13483683927244,3.47147504538695,0.000517607437833282,0.00798609726949852,"ENSG00000183317","EPHA10","EPH receptor A10","Up"
418.909229674063,-2.57593431787188,0.742247829930823,-3.47045045333706,0.00051958619259591,0.00801106783632792,"ENSG00000276043","UHRF1","ubiquitin like with PHD and ring finger domains 1","Down"
8.29911423443177,6.50242709575459,1.87649062286644,3.46520628268411,0.000529824915276049,0.00816326912081248,"ENSG00000254361",NA,NA,"Up"
1765.36863981861,1.82500003723977,0.526770361529336,3.46450782071598,0.000531202693757492,0.00816786010595738,"ENSG00000071889","FAM3A","FAM3 metabolism regulating signaling molecule A","Up"
351.613793328123,-2.18881733545087,0.631785115918642,-3.46449651994134,0.00053122501296336,0.00816786010595738,"ENSG00000151135","TMEM263","transmembrane protein 263","Down"
205.731569710179,2.99845839663212,0.865479461681193,3.46450554795098,0.000531207182433559,0.00816786010595738,"ENSG00000090659","CD209","CD209 molecule","Up"
295.395695216069,-3.18837091016495,0.920449901250369,-3.46392661440211,0.000532351719188873,0.00817952714079213,"ENSG00000276070","CCL4L2","C-C motif chemokine ligand 4 like 2","Down"
78.1533878536845,2.95583197740484,0.853778994792184,3.46205750602275,0.000536062602867494,0.00823085624969129,"ENSG00000259448","LINC02352","long intergenic non-protein coding RNA 2352","Up"
12.1843421879144,7.25329546495958,2.09540972358707,3.46151656323465,0.000537141066607868,0.00824172348784868,"ENSG00000258630","LINC02292","long intergenic non-protein coding RNA 2292","Up"
166.617789775084,-6.09664146945669,1.76318969232541,-3.45773429597132,0.000544738344742124,0.00835252939217354,"ENSG00000171388","APLN","apelin","Down"
1071.2938588175,2.54218050623594,0.735256547630028,3.45754215236875,0.000545126954606519,0.00835272748571105,"ENSG00000158716","DUSP23","dual specificity phosphatase 23","Up"
7166.24384903221,-3.48373377543707,1.00806727368928,-3.45585445174452,0.000548551438167231,0.00839941055425072,"ENSG00000087074","PPP1R15A","protein phosphatase 1 regulatory subunit 15A","Down"
277.596223442194,-1.64775532982163,0.477170994501538,-3.45317579821236,0.000554027816945678,0.00846792748023904,"ENSG00000178996","SNX18","sorting nexin 18","Down"
15.7068289428301,-6.26271194046802,1.81364539891682,-3.45310717531021,0.000554168779910395,0.00846792748023904,"ENSG00000156427","FGF18","fibroblast growth factor 18","Down"
3346.73357396114,2.10595234821518,0.609808316007537,3.45346610227132,0.000553431853087321,0.00846792748023904,"ENSG00000088888","MAVS","mitochondrial antiviral signaling protein","Up"
4544.10591622021,2.98269992619374,0.863898987635996,3.45260264091258,0.000555206204487863,0.00847795298377655,"ENSG00000099795","NDUFB7","NADH:ubiquinone oxidoreductase subunit B7","Up"
332.424832284808,4.1037142357642,1.18899219899944,3.45142233836147,0.000557640214846938,0.00850927583849827,"ENSG00000266010","GATA6-AS1","GATA6 antisense RNA 1 (head to head)","Up"
5086.88067502393,2.55407273468094,0.740287368155616,3.45010984186353,0.0005603585033411,0.00854489067543393,"ENSG00000175416","CLTB","clathrin light chain B","Up"
93.0946193247416,-1.68468863665596,0.488418627249359,-3.44927188003387,0.000562100440839093,0.00856557854775569,"ENSG00000224861",NA,NA,"Down"
251.099879167306,-2.62384447580728,0.761690439720184,-3.44476487951086,0.000571556324345459,0.00870370668436478,"ENSG00000140280","LYSMD2","LysM domain containing 2","Down"
65.3848381832116,-2.93241306994134,0.851723022416892,-3.44291863993552,0.000575472412924468,0.00875734302296351,"ENSG00000279369",NA,NA,"Down"
1916.48044547279,-2.69747750148407,0.783534706165164,-3.44270327818186,0.000575930843785622,0.00875832452112568,"ENSG00000160255","ITGB2","integrin subunit beta 2","Down"
8.89640635892028,6.90253140744194,2.00612385583813,3.44073043513964,0.000580146199141998,0.00881639811724132,"ENSG00000243518",NA,NA,"Up"
20.3727634646608,-4.07879328292466,1.1857664202121,-3.4397948983874,0.000582155176600428,0.00883960509366052,"ENSG00000257497",NA,NA,"Down"
4671.8103162831,3.40140710209275,0.988881955395383,3.43964927616944,0.000582468468592302,0.00883960509366052,"ENSG00000167608","TMC4","transmembrane channel like 4","Up"
684.107477990479,1.68277221846617,0.4893344208671,3.43890016051661,0.000584082600006028,0.0088580548744434,"ENSG00000078124","ACER3","alkaline ceramidase 3","Up"
16.2680186709963,-4.20462059454891,1.22280032709085,-3.43851772149267,0.00058490825221296,0.00885849126120622,"ENSG00000215835","EWSR1P1","EWSR1 pseudogene 1","Down"
458.63693079707,1.75810814556032,0.51129316501035,3.43855202039467,0.000584834159570181,0.00885849126120622,"ENSG00000247828","TMEM161B-DT","TMEM161B divergent transcript","Up"
18.9331891591417,-8.56839728381873,2.49224164967815,-3.43802828466705,0.000585966488379331,0.00886426278371909,"ENSG00000205420","KRT6A","keratin 6A","Down"
174.92547483285,-1.45887138814465,0.424340594059221,-3.43797272419581,0.000586086731078444,0.00886426278371909,"ENSG00000100104","SRRD","SRR1 domain containing","Down"
28.8666750494071,-8.52671548774689,2.48112631033889,-3.43663095756792,0.000588997536702552,0.008902231294023,"ENSG00000169035","KLK7","kallikrein related peptidase 7","Down"
205.907519747877,-4.83940525495418,1.40844033719339,-3.43600302203621,0.000590364387085297,0.00891682840901318,"ENSG00000151388","ADAMTS12","ADAM metallopeptidase with thrombospondin type 1 motif 12","Down"
20.3247315201604,6.28713118442988,1.82989878089939,3.43578084758314,0.000590848709171445,0.00891808509912337,"ENSG00000078328","RBFOX1","RNA binding fox-1 homolog 1","Up"
163.528824887496,4.06062456501202,1.18196944338361,3.43547338532518,0.000591519561790152,0.00892215360738158,"ENSG00000241224","C3orf85","chromosome 3 open reading frame 85","Up"
482.646594294344,-4.68929065780443,1.36518884488586,-3.43490255972352,0.000592766928039002,0.00893490651599399,"ENSG00000162493","PDPN","podoplanin","Down"
954.516728212244,-3.12067853030988,0.908975385127615,-3.43318265969518,0.000596540066355957,0.00898568786943902,"ENSG00000132965","ALOX5AP","arachidonate 5-lipoxygenase activating protein","Down"
1785.91701915229,2.55989807269659,0.745723486600735,3.43277115270364,0.00059744614381093,0.00899324313835369,"ENSG00000167969","ECI1","enoyl-CoA delta isomerase 1","Up"
498.494313648771,-4.16871328031266,1.21482533953313,-3.43153303166588,0.000600180033968914,0.009026832700946,"ENSG00000110448","CD5","CD5 molecule","Down"
21607.6626675316,2.33881747944865,0.681594142603665,3.43139316091312,0.000600489612949181,0.009026832700946,"ENSG00000172270","BSG","basigin (Ok blood group)","Up"
81.7282986208988,-3.92391477117491,1.1439956963568,-3.43000833278579,0.000603562713538371,0.00906141026857616,"ENSG00000290937","FAM157A","family with sequence similarity 157 member A","Down"
1199.6954601855,-3.88195736457442,1.13176950942123,-3.42998935053444,0.000603604938953866,0.00906141026857616,"ENSG00000134013","LOXL2","lysyl oxidase like 2","Down"
51.3616826762081,4.20201858791591,1.22533788961078,3.42927336495784,0.000605199635196417,0.00907309743042613,"ENSG00000128040","SPINK2","serine peptidase inhibitor Kazal type 2","Up"
441.633555274479,-2.75570811178956,0.803569560150918,-3.42933362392674,0.000605065270983173,0.00907309743042613,"ENSG00000169826","CSGALNACT2","chondroitin sulfate N-acetylgalactosaminyltransferase 2","Down"
7778.07792101727,-3.24061545962447,0.945141673604486,-3.42870867947843,0.00060646010936898,0.00908586766280359,"ENSG00000132002","DNAJB1","DnaJ heat shock protein family (Hsp40) member B1","Down"
913.224742091319,2.98161015962654,0.869740358847686,3.42816120845175,0.000607684490160814,0.00909636122830241,"ENSG00000054179","ENTPD2","ectonucleoside triphosphate diphosphohydrolase 2","Up"
16765.6072689465,2.1599437113314,0.630083127030394,3.42802976094805,0.000607978805615858,0.00909636122830241,"ENSG00000013364","MVP","major vault protein","Up"
800.805007000169,1.73542816816388,0.506279903061431,3.42780378535646,0.000608485082762003,0.00909781361469241,"ENSG00000130766","SESN2","sestrin 2","Up"
1018.83216895496,3.01707663700498,0.880265055261617,3.42746382918529,0.000609247461848417,0.00910309060435205,"ENSG00000185339","TCN2","transcobalamin 2","Up"
176.490863655121,-5.23871067716713,1.52866586022433,-3.42698218981507,0.000610329098824549,0.00911312750447696,"ENSG00000148848","ADAM12","ADAM metallopeptidase domain 12","Down"
15.827625965591,6.54796922739744,1.9115743129927,3.42543273515019,0.000613820905423886,0.00915911422167064,"ENSG00000188620","HMX3","H6 family homeobox 3","Up"
23.5517244243802,-5.80936801902483,1.69615036967427,-3.4250312489337,0.000614728710881161,0.00916650800068468,"ENSG00000296306",NA,NA,"Down"
46.2116454185328,2.66091629469001,0.776957896225047,3.42478827696897,0.000615278704444835,0.00916855994364746,"ENSG00000231663","COA6-AS1","COA6 antisense RNA 1","Up"
9.85223119094038,6.74809105568083,1.97060185579979,3.42438074734383,0.00061620222041251,0.00917617144436124,"ENSG00000235366",NA,NA,"Up"
1738.53404724225,1.74009750130233,0.508397517852599,3.42271045824979,0.00062000080927957,0.00921897942150218,"ENSG00000126107","HECTD3","HECT domain E3 ubiquitin protein ligase 3","Up"
1277.92666390922,3.63913496400573,1.0632191461874,3.42275153438997,0.000619907132755667,0.00921897942150218,"ENSG00000124839","RAB17","RAB17, member RAS oncogene family","Up"
17882.6630648066,2.9849841262131,0.872146946889864,3.4225701722144,0.000620320839048588,0.00921897942150218,"ENSG00000149418","ST14","ST14 transmembrane serine protease matriptase","Up"
2448.99323852326,1.99410424960577,0.583070044993362,3.42000805345518,0.000626192818630534,0.00925022236226187,"ENSG00000127838","PNKD","PNKD metallo-beta-lactamase domain containing","Up"
610.024103216656,1.83302206460846,0.535862821659045,3.4206927417233,0.000624618576315294,0.00925022236226187,"ENSG00000109458","GAB1","GRB2 associated binding protein 1","Up"
1166.450416956,-9.28775798867879,2.71493051973665,-3.42099288403879,0.000623929647507779,0.00925022236226187,"ENSG00000124731","TREM1","triggering receptor expressed on myeloid cells 1","Down"
2235.31583327204,2.64418725892638,0.773231555630364,3.41965772047515,0.000626999734625495,0.00925022236226187,"ENSG00000126522","ASL","argininosuccinate lyase","Up"
143.310895408632,3.00971508562938,0.880043127896627,3.41996317024012,0.00062629614338975,0.00925022236226187,"ENSG00000148204","CRB2","crumbs cell polarity complex component 2","Up"
1224.92882163905,-1.97848104704196,0.578501290493524,-3.42001146679224,0.00062618496150392,0.00925022236226187,"ENSG00000175115","PACS1","phosphofurin acidic cluster sorting protein 1","Down"
2859.23781469073,1.61506094670615,0.472199647442233,3.42029257212381,0.00062553820266478,0.00925022236226187,"ENSG00000173848","NET1","neuroepithelial cell transforming 1","Up"
132.085232340092,2.53572738299187,0.74144801569868,3.41996651053467,0.000626288453217669,0.00925022236226187,"ENSG00000197417","SHPK","sedoheptulokinase","Up"
66.2711061302482,-4.39116632590857,1.28367448612771,-3.42077868911676,0.000624421225503147,0.00925022236226187,"ENSG00000271303","SRXN1","sulfiredoxin 1","Down"
3973.55174831991,2.40426568792234,0.702900606908501,3.4204916944044,0.000625080444105166,0.00925022236226187,"ENSG00000104823","ECH1","enoyl-CoA hydratase 1","Up"
242406.286547921,1.41457907372043,0.413647661000998,3.41976809513982,0.00062674540622005,0.00925022236226187,"ENSG00000198727","MT-CYB","cytochrome b","Up"
121.912914641869,-5.15141278235228,1.50698494735513,-3.41835715837334,0.000630003766370173,0.00926993629232829,"ENSG00000104415","CCN4","cellular communication network factor 4","Down"
40.0227473211008,3.81283977450506,1.11539412032645,3.41837894339012,0.000629953337376026,0.00926993629232829,"ENSG00000278385",NA,NA,"Up"
586.704591622091,1.92623910041388,0.563435710469647,3.41873804698726,0.000629122608225669,0.00926993629232829,"ENSG00000157823","AP3S2","adaptor related protein complex 3 subunit sigma 2","Up"
1456.07776356803,-1.59507777360838,0.466584087124024,-3.4186287480147,0.000629375346089557,0.00926993629232829,"ENSG00000171456","ASXL1","ASXL transcriptional regulator 1","Down"
1444.18694823081,1.61289824257391,0.472069077382599,3.41665726447635,0.000633950361748334,0.00932183756134307,"ENSG00000156026","MCU","mitochondrial calcium uniporter","Up"
20.5744151440038,-4.46200108000686,1.30630382818045,-3.41574523763125,0.000636077256277619,0.00934434441668215,"ENSG00000145428","RNF175","ring finger protein 175","Down"
327.171313562791,-2.80227415620872,0.82042417167766,-3.41564065631859,0.000636321569147518,0.00934434441668215,"ENSG00000155849","ELMO1","engulfment and cell motility 1","Down"
166.987541637251,2.78178444312494,0.814488051271387,3.4153778422933,0.000636935915520753,0.00934719221767188,"ENSG00000109794","FAM149A","family with sequence similarity 149 member A","Up"
2620.19510955294,-2.596679443126,0.760668663696588,-3.41368005158387,0.000640917934870635,0.0093994250962921,"ENSG00000197043","ANXA6","annexin A6","Down"
20.9538617385292,6.4909892762721,1.90166793452537,3.41331373286901,0.000641780134842231,0.00940586535131663,"ENSG00000302265",NA,NA,"Up"
489.597812728626,2.43848232782294,0.71483901370582,3.41123285252931,0.000646698382888957,0.00946546750939445,"ENSG00000177707","NECTIN3","nectin cell adhesion molecule 3","Up"
31.8788592674993,4.03833010595135,1.18380101043945,3.41132510475915,0.000646479600353148,0.00946546750939445,"ENSG00000287593",NA,NA,"Up"
52.7138322999955,-2.73908855503632,0.803273553449035,-3.40990755051679,0.000649849038375379,0.0095018340538436,"ENSG00000163536","SERPINI1","serpin family I member 1","Down"
735.045883376113,1.95327588699286,0.572837012302337,3.40982835439051,0.000650037763500027,0.0095018340538436,"ENSG00000181751","MACIR","macrophage immunometabolism regulator","Up"
37.0981153907699,-3.61115745876254,1.05935366673699,-3.4088308486113,0.000652419197588526,0.00951787140419009,"ENSG00000180914","OXTR","oxytocin receptor","Down"
95.9592560160842,3.96194174691692,1.16224155702798,3.40887978317363,0.000652302182769166,0.00951787140419009,"ENSG00000227502","MROCKI","MARCKS cis regulating lncRNA promoter of cytokines and inflammation","Up"
167.46790766376,-5.52662183291031,1.62118361017712,-3.40900425973742,0.00065200461602917,0.00951787140419009,"ENSG00000159167","STC1","stanniocalcin 1","Down"
24.1646942520159,3.07586300309446,0.902376473180964,3.40862499689487,0.000652911654518941,0.00951880971470139,"ENSG00000248161",NA,NA,"Up"
69.2677283456377,-2.42960748747426,0.712871319392742,-3.40819923789881,0.000653931290411786,0.00952742750964957,"ENSG00000106327","TFR2","transferrin receptor 2","Down"
8988.78178695174,2.67963513123318,0.786836603223616,3.40558016779456,0.000660236256349511,0.00961298800747785,"ENSG00000105699","LSR","lipolysis stimulated lipoprotein receptor","Up"
40.4880832366964,-5.3402247555101,1.56841730912809,-3.40484941375636,0.000662005481933246,0.00961984828746527,"ENSG00000164512","ANKRD55","ankyrin repeat domain 55","Down"
317.595856082604,-1.90936613685895,0.560722367456595,-3.40518989017636,0.000661180608108883,0.00961984828746527,"ENSG00000188215","DCUN1D3","defective in cullin neddylation 1 domain containing 3","Down"
10473.2570782332,2.66319102667059,0.782149204002427,3.40496546316543,0.000661724221052258,0.00961984828746527,"ENSG00000073350","LLGL2","LLGL scribble cell polarity complex component 2","Up"
6.5136374348424,6.59602668404742,1.93798698735182,3.40354539380092,0.000665173595943079,0.00965326668316089,"ENSG00000230023","LINC02800","long intergenic non-protein coding RNA 2800","Up"
52.7272762476867,4.85252400433949,1.42572156883848,3.40355656419844,0.000665146397724074,0.00965326668316089,"ENSG00000171234","UGT2B7","UDP glucuronosyltransferase family 2 member B7","Up"
2423.98929460156,3.78919013685437,1.11386130196059,3.4018509577312,0.000669311286258725,0.00970697836098515,"ENSG00000164237","CMBL","carboxymethylenebutenolidase homolog","Up"
38.2608425078005,3.51926200072019,1.03468760543248,3.40127975076034,0.000670711516913278,0.00971461182770873,"ENSG00000310104",NA,NA,"Up"
2087.18501320533,2.76813575192432,0.813847589438389,3.40129501868344,0.000670674054426189,0.00971461182770873,"ENSG00000141401","IMPA2","inositol monophosphatase 2","Up"
13.9931678377297,6.8532311441166,2.01589626584714,3.39959513801503,0.000674856975760471,0.00976193568125085,"ENSG00000224822",NA,NA,"Up"
2201.97818153955,2.55052584367606,0.75023967900107,3.39961470322663,0.000674808693694406,0.00976193568125085,"ENSG00000198682","PAPSS2","3'-phosphoadenosine 5'-phosphosulfate synthase 2","Up"
26.1177523337166,4.84582397002094,1.42552349966332,3.39932941909793,0.000675513021894805,0.00976206457155722,"ENSG00000308740",NA,NA,"Up"
21.1241877215708,3.90448064818165,1.14863479855397,3.39923590430748,0.000675744046040865,0.00976206457155722,"ENSG00000273108",NA,NA,"Up"
106.795082783844,-1.91267357303345,0.562819081949819,-3.39838081965384,0.000677859903825558,0.00978127668486717,"ENSG00000143156","NME7","NME/NM23 family member 7","Down"
3077.83651521264,2.31533602150358,0.68131323862529,3.39834292105539,0.000677953824107422,0.00978127668486717,"ENSG00000167315","ACAA2","acetyl-CoA acyltransferase 2","Up"
393.970154029195,2.14894397030831,0.632451330185976,3.39780132911793,0.000679297319241948,0.00979430434416747,"ENSG00000184076","UQCR10","ubiquinol-cytochrome c reductase, complex III subunit X","Up"
661.112745406705,1.96449257107371,0.578398228487894,3.3964360095111,0.000682695178705254,0.00983691633710559,"ENSG00000148450","MSRB2","methionine sulfoxide reductase B2","Up"
137.104028642206,-2.70895944819273,0.798117015621846,-3.3941883147073,0.000688323430978218,0.00991158992288777,"ENSG00000198932","GPRASP1","G protein-coupled receptor associated sorting protein 1","Down"
152.203322720791,-3.0142211053964,0.888116935688631,-3.39394620716159,0.000688932236999761,0.00991393555030142,"ENSG00000171777","RASGRP4","RAS guanyl releasing protein 4","Down"
576.929788506483,-2.49232416617401,0.734860739272449,-3.3915598330121,0.000694959873725278,0.00999420625649037,"ENSG00000136048","DRAM1","DNA damage regulated autophagy modulator 1","Down"
1008.0478178101,-3.02735084905653,0.892820748253773,-3.3907711654076,0.000696962685624948,0.0100059892195517,"ENSG00000113070","HBEGF","heparin binding EGF like growth factor","Down"
832.695528205986,-3.13277222397424,0.923977489221614,-3.39052873096874,0.000697579422044042,0.0100059892195517,"ENSG00000205268","PDE7A","phosphodiesterase 7A","Down"
3842.06138397859,2.17810653131309,0.642320910645781,3.39099427593483,0.000696395555700053,0.0100059892195517,"ENSG00000185000","DGAT1","diacylglycerol O-acyltransferase 1","Up"
19.3093965658531,7.73074739236956,2.27998848765262,3.39069580141995,0.000697154352088911,0.0100059892195517,"ENSG00000289148",NA,NA,"Up"
160.822533056292,-1.7823594711945,0.525885246911791,-3.38925551089563,0.000700826740357404,0.0100350170008669,"ENSG00000114450","GNB4","G protein subunit beta 4","Down"
115.599359340269,-4.00341212996327,1.18110340276998,-3.38955261713265,0.000700067723653005,0.0100350170008669,"ENSG00000131459","GFPT2","glutamine--fructose-6-phosphate transaminase 2","Down"
2029.66799612082,-1.37034719434897,0.404327093422462,-3.38920447489568,0.000700957198864136,0.0100350170008669,"ENSG00000110696","C11orf58","chromosome 11 open reading frame 58","Down"
544.397952925677,-2.86406009522767,0.845648995313578,-3.38681901249777,0.000707080170904732,0.0101161605146235,"ENSG00000166128","RAB8B","RAB8B, member RAS oncogene family","Down"
330.237140346423,-2.57801494226903,0.761328126715456,-3.38620740756181,0.000708658015119392,0.0101322145660125,"ENSG00000171860","C3AR1","complement C3a receptor 1","Down"
1948.56164717376,2.96999760900423,0.877150167165757,3.38596254116997,0.000709290648418528,0.0101347422791061,"ENSG00000105963","ADAP1","ArfGAP with dual PH domains 1","Up"
15352.3459708115,2.22178781278295,0.656379078017758,3.38491564888489,0.000712001306711695,0.0101669396609641,"ENSG00000072778","ACADVL","acyl-CoA dehydrogenase very long chain","Up"
3672.26019491792,-3.54675514171165,1.04804879592022,-3.38415077190893,0.000713987840651267,0.0101887622985877,"ENSG00000185201","IFITM2","interferon induced transmembrane protein 2","Down"
15.9619456819084,-7.110012833222,2.10150370594409,-3.38329778487251,0.000716209286612632,0.0102073596597812,"ENSG00000233030","LOC124904411","uncharacterized LOC124904411","Down"
37.0195529817198,-5.29460793452042,1.56486778160123,-3.38342190744243,0.000715885633742402,0.0102073596597812,"ENSG00000292986","DUXAP10","double homeobox A pseudogene 10","Down"
139.421255270893,-3.18094739533809,0.940432570080011,-3.38243006095319,0.000718475699630336,0.0102331007238189,"ENSG00000164761","TNFRSF11B","TNF receptor superfamily member 11b","Down"
77.0067539499387,-6.99757036203088,2.06959288993593,-3.3811337466701,0.000721873965643878,0.0102749192561846,"ENSG00000303952",NA,NA,"Down"
377.293659896408,4.41774644228216,1.30682409769767,3.38052110461174,0.000723485187192296,0.0102912643421921,"ENSG00000274993",NA,NA,"Up"
3376.47855508383,2.57627232419055,0.762405600082326,3.37913614998678,0.000727139877511967,0.0103366374019972,"ENSG00000188186","LAMTOR4","late endosomal/lysosomal adaptor, MAPK and MTOR activator 4","Up"
730.342016095247,3.24361810888789,0.960050543354233,3.37859098288233,0.000728583191193096,0.0103505367985918,"ENSG00000165152","PGAP4","post-GPI attachment to proteins GalNAc transferase 4","Up"
77.2128351913165,6.04344723864301,1.78901177872592,3.37809248128425,0.000729905288204418,0.0103626974921129,"ENSG00000163499","CRYBA2","crystallin beta A2","Up"
193.81799421853,-2.42108935060757,0.716929195742904,-3.37702713878009,0.000732738201544595,0.0103867080963662,"ENSG00000132718","SYT11","synaptotagmin 11","Down"
27.2698775467942,2.74301530073555,0.81220098651678,3.37726172003224,0.000732113537659906,0.0103867080963662,"ENSG00000224812","TMEM72-AS1","TMEM72 antisense RNA 1","Up"
4043.12037430269,2.22508866834997,0.658908806758185,3.37692962292818,0.000732998021103701,0.0103867080963662,"ENSG00000127884","ECHS1","enoyl-CoA hydratase, short chain 1","Up"
1276.80802323004,2.1580999339724,0.639154028521787,3.37649429975992,0.00073415893271158,0.01038991441819,"ENSG00000184545","DUSP8","dual specificity phosphatase 8","Up"
537.341511661292,-3.6203796904422,1.07218165176214,-3.37664768324664,0.00073374969780256,0.01038991441819,"ENSG00000127152","BCL11B","BCL11 transcription factor B","Down"
235.016719005768,2.86368428543868,0.848259013964167,3.37595503059358,0.00073559941374056,0.0104036779679986,"ENSG00000132514","CLEC10A","C-type lectin domain containing 10A","Up"
3568.51318087073,1.58350417166269,0.469114272462635,3.37551906777429,0.000736765864244035,0.0104124292014708,"ENSG00000072135","PTPN18","protein tyrosine phosphatase non-receptor type 18","Up"
1440.41787813326,2.61857359003811,0.775787726639364,3.37537382987677,0.000737154840242658,0.0104124292014708,"ENSG00000167107","ACSF2","acyl-CoA synthetase family member 2","Up"
128.288283722955,-11.5780615783269,3.43136707001262,-3.37418333337457,0.000740350423905433,0.0104509276029775,"ENSG00000186431","FCAR","Fc alpha receptor","Down"
5666.21956534993,-2.50248367939704,0.741889455063517,-3.37312204981104,0.000743210011041402,0.010484637167185,"ENSG00000185650","ZFP36L1","ZFP36 ring finger protein like 1","Down"
252.512133712471,2.06984582295836,0.613849827286831,3.37190910699921,0.000746490798202564,0.010524242179098,"ENSG00000147180","ZNF711","zinc finger protein 711","Up"
50.5079124328908,2.79755205413048,0.82977501717935,3.37145852334791,0.000747712966538343,0.0105281205731773,"ENSG00000288913",NA,NA,"Up"
395.149461866449,-2.1547672719733,0.639117223132013,-3.37147426791881,0.000747670229468124,0.0105281205731773,"ENSG00000154217","PITPNC1","phosphatidylinositol transfer protein cytoplasmic 1","Down"
732.693833253011,-1.50559049242013,0.446603313304853,-3.37120314060995,0.000748406494472038,0.0105312161972132,"ENSG00000039523","RIPOR1","RHO family interacting cell polarization regulator 1","Down"
23.4821751392169,6.56237919050858,1.94718869736523,3.37018143099753,0.000751187071441288,0.0105603340601368,"ENSG00000122585","NPY","neuropeptide Y","Up"
52.7967855180499,-3.02338615338576,0.897122230347362,-3.37009389703242,0.000751425740257116,0.0105603340601368,"ENSG00000179909","ZNF154","zinc finger protein 154","Down"
176.487461037113,1.89704871380754,0.56322372607377,3.36819744266077,0.000756613906075289,0.0106265299897485,"ENSG00000272106",NA,NA,"Up"
248.638286173105,3.08346787481985,0.915792144187943,3.36699533228038,0.000759919745730292,0.0106662220371348,"ENSG00000196391","ZNF774","zinc finger protein 774","Up"
124.38280434023,-10.1932813856681,3.0276748133323,-3.36670283769652,0.000760726140758947,0.0106677260100964,"ENSG00000163221","S100A12","S100 calcium binding protein A12","Down"
12.7409215371603,5.88756282941393,1.74881127784847,3.36660845226094,0.000760986526875048,0.0106677260100964,"ENSG00000306793","LOC102723911","uncharacterized LOC102723911","Up"
1835.73224491878,-1.20197926349245,0.357173387305043,-3.36525426085538,0.00076473152941287,0.0107134694980695,"ENSG00000170581","STAT2","signal transducer and activator of transcription 2","Down"
22.8481103607709,6.9912990378079,2.07793551926715,3.3645408979166,0.000766711201716517,0.0107344396396494,"ENSG00000257302",NA,NA,"Up"
826.977556033631,-3.39880387859233,1.01049630888803,-3.36349954838769,0.000769609621996427,0.0107682383422571,"ENSG00000145779","TNFAIP8","TNF alpha induced protein 8","Down"
31.5411418007173,-5.19601771138547,1.54508603844758,-3.3629309838345,0.000771196415284677,0.0107836540258014,"ENSG00000234511","C5orf58","chromosome 5 open reading frame 58","Down"
35.6408227408947,4.88219082054595,1.45195007311066,3.36250599174277,0.000772384498745793,0.01078896986255,"ENSG00000295688",NA,NA,"Up"
163.156277320645,-4.75925285365541,1.41541312733884,-3.36244786891542,0.000772547115602012,0.01078896986255,"ENSG00000164398","ACSL6","acyl-CoA synthetase long chain family member 6","Down"
25.2212805700385,4.02576409922422,1.19742889154188,3.36200681949505,0.000773782125898535,0.0107994337759587,"ENSG00000274370",NA,NA,"Up"
73.623521230788,3.1003370532717,0.922404070177278,3.36114849609872,0.000776190827231109,0.0108262551203446,"ENSG00000163354","DCST2","DC-STAMP domain containing 2","Up"
13.2279811581058,7.69758159523528,2.29028509609192,3.36097091509273,0.000776690038626551,0.0108264260995512,"ENSG00000149654","CDH22","cadherin 22","Up"
44.7632365766509,-3.02224656039996,0.899354287498646,-3.36046272576925,0.000778120295481113,0.0108395667477642,"ENSG00000126759","CFP","complement factor properdin","Down"
641.918847237933,-2.07827092766632,0.618742583169009,-3.35886196327729,0.000782641505056861,0.0108957223430991,"ENSG00000100731","PCNX1","pecanex 1","Down"
83.6172512093555,-2.86851175775379,0.854301201904636,-3.35772880964997,0.000785856722827203,0.0109336373708493,"ENSG00000108950","FAM20A","FAM20A golgi associated secretory pathway pseudokinase","Down"
1065.02486814114,2.60879202086097,0.777072091294421,3.35720720134902,0.000787340854671589,0.0109407929484399,"ENSG00000116667","C1orf21","chromosome 1 open reading frame 21","Up"
80.2388240230516,-4.99963199014316,1.48922577757491,-3.35720215525995,0.000787355225003545,0.0109407929484399,"ENSG00000245954","LINC02273","long intergenic non-protein coding RNA 2273","Down"
362.637287393193,-2.6000487466888,0.774542111434956,-3.35688493666512,0.000788259093963877,0.0109465112030599,"ENSG00000104998","IL27RA","interleukin 27 receptor subunit alpha","Down"
1245.02928615505,1.56843549906274,0.467394700260191,3.35569808170614,0.000791649416629258,0.0109867300124334,"ENSG00000095380","NANS","N-acetylneuraminate synthase","Up"
371.850388757983,-2.0737200516993,0.618004317298242,-3.3555106229113,0.000792186139942902,0.0109873203052717,"ENSG00000176463","SLCO3A1","solute carrier organic anion transporter family member 3A1","Down"
11.6822638346888,-6.74149299557615,2.00994825642788,-3.35406295859441,0.000796342414183896,0.0110380803581986,"ENSG00000239948","RN7SL368P","RNA, 7SL, cytoplasmic 368, pseudogene","Down"
679.302400372523,-2.83787429761238,0.846281277766776,-3.35334642531754,0.000798407075034591,0.0110598034263203,"ENSG00000137699","TRIM29","tripartite motif containing 29","Down"
56.5858557280779,8.2731920462929,2.46775003730995,3.35252433237175,0.000800782020724512,0.0110839148116799,"ENSG00000155816","FMN2","formin 2","Up"
116.74634922876,-1.9600405324313,0.584668038517822,-3.35239897395477,0.000801144744405593,0.0110839148116799,"ENSG00000258429","PDF","peptide deformylase, mitochondrial","Down"
4071.52550972765,-1.24315409712208,0.370848567742997,-3.35218794207021,0.000801755708055568,0.0110854693141788,"ENSG00000137076","TLN1","talin 1","Down"
406.213774363472,-3.53843589951813,1.05561640645176,-3.35200919376751,0.000802273544900576,0.0110857350676038,"ENSG00000183484","GPR132","G protein-coupled receptor 132","Down"
593.679383166347,-2.85170143340189,0.85097541257727,-3.35109733049184,0.000804920061883011,0.0111153961092205,"ENSG00000101265","RASSF2","Ras association domain family member 2","Down"
1028.9088984057,-2.17373659489594,0.648721665523128,-3.35080005867083,0.000805784588704117,0.011120427536101,"ENSG00000138496","PARP9","poly(ADP-ribose) polymerase family member 9","Down"
777.429720361102,-1.64304988703848,0.490408186325927,-3.35037206321533,0.000807030799802725,0.0111288044432242,"ENSG00000143753","DEGS1","delta 4-desaturase, sphingolipid 1","Down"
1506.35954445749,1.91761820265573,0.572380989045308,3.35024789319818,0.000807392685059171,0.0111288044432242,"ENSG00000242086","SDHAP2","SDHA pseudogene 2","Up"
11.9637280825686,-5.91678235046683,1.7661771583696,-3.35005031767524,0.000807968816214222,0.0111298455333896,"ENSG00000280173",NA,NA,"Down"
49769.8541295466,5.24732075870119,1.5666688917037,3.34934891889946,0.000810017180740728,0.0111511529284264,"ENSG00000166165","CKB","creatine kinase B","Up"
1098.84186795002,-3.10893823459813,0.928334162761062,-3.34894304153527,0.000811204704630463,0.0111605904690898,"ENSG00000164543","STK17A","serine/threonine kinase 17a","Down"
1192.98085298174,3.97294479649012,1.18690454054632,3.3473162000555,0.0008159807814761,0.011212423185759,"ENSG00000168350","DEGS2","delta 4-desaturase, sphingolipid 2","Up"
2795.3091768267,3.13308112056192,0.935997069356632,3.34731937004405,0.000815971449715267,0.011212423185759,"ENSG00000166825","ANPEP","alanyl aminopeptidase, membrane","Up"
21.1707100505007,4.27974836200661,1.27874271301144,3.34684086052605,0.000817381199452986,0.0112247289730934,"ENSG00000289911",NA,NA,"Up"
11.4307871361927,-7.66702692754444,2.29160265019638,-3.34570521066879,0.000820736018751075,0.0112638419166004,"ENSG00000185897","FFAR3","free fatty acid receptor 3","Down"
3997.29600400321,3.83190722845877,1.14555333726992,3.34502733638833,0.000822744608652191,0.0112844422480963,"ENSG00000204936","CD177","CD177 molecule","Up"
672.374058582906,2.37528879757934,0.710272350429233,3.3441943729668,0.000825218983523083,0.011304078784837,"ENSG00000040199","PHLPP2","PH domain and leucine rich repeat protein phosphatase 2","Up"
2020.24326998376,1.647405767533,0.492627441504076,3.34412099030292,0.000825437302316487,0.011304078784837,"ENSG00000187531","SIRT7","sirtuin 7","Up"
273.357668938126,-1.56037483663444,0.466614779991643,-3.34403217288229,0.000825701612313915,0.011304078784837,"ENSG00000092758","COL9A3","collagen type IX alpha 3 chain","Down"
8034.82050969376,2.14532807042344,0.641914513109714,3.34207752996662,0.000831538310170418,0.0113492649570489,"ENSG00000116260","QSOX1","quiescin sulfhydryl oxidase 1","Up"
14.1177447675147,4.07985594432005,1.22063969843089,3.34239165706688,0.000830597731200581,0.0113492649570489,"ENSG00000293446",NA,NA,"Up"
423.405007823474,-1.94668555067399,0.58244850803001,-3.34224489175563,0.000831037062150211,0.0113492649570489,"ENSG00000135272","MDFIC","MyoD family inhibitor domain containing","Down"
10.120398240625,4.83779370493493,1.44754318682276,3.34207210463508,0.00083155456371307,0.0113492649570489,"ENSG00000254632",NA,NA,"Up"
1502.031379434,1.23462196268495,0.369375970255655,3.34245338653307,0.000830413013048755,0.0113492649570489,"ENSG00000155256","ZFYVE27","zinc finger FYVE-type containing 27","Up"
7.0475653203016,6.72821892741135,2.01332940914164,3.34183710666594,0.000832258868028352,0.0113519088422542,"ENSG00000299646",NA,NA,"Up"
7.18486095638819,6.65458518057174,1.99154424237157,3.3414197078782,0.000833511204025907,0.0113620199871907,"ENSG00000259262","NDUFA3P4","NADH:ubiquinone oxidoreductase subunit A3 pseudogene 4","Up"
326.989883459877,-3.06010918427692,0.916560053608651,-3.33868923506841,0.000841746752215195,0.0114672521703434,"ENSG00000196247","ZNF107","zinc finger protein 107","Down"
737.485028662785,4.51545912732583,1.35331223392735,3.3365981730778,0.000848104696455466,0.0115467922328808,"ENSG00000144908","ALDH1L1","aldehyde dehydrogenase 1 family member L1","Up"
15.8188037481008,4.68226123926419,1.4038302452754,3.33534717251062,0.00085192966955657,0.0115917700999089,"ENSG00000248923","MTND5P11","MT-ND5 pseudogene 11","Up"
157.813317164195,-3.98272314140079,1.19424120955627,-3.33494030312402,0.000853177129024821,0.0116016434921155,"ENSG00000188906","LRRK2","leucine rich repeat kinase 2","Down"
16.4204943011758,4.75781995975856,1.42685927289949,3.33447036447421,0.000854620066663919,0.0116141613338257,"ENSG00000236039","LINC02889","long intergenic non-protein coding RNA 2889","Up"
694.809318929716,-3.25900790616982,0.977546884531049,-3.33386352894289,0.000856486691667499,0.0116324182137102,"ENSG00000008513","ST3GAL1","ST3 beta-galactoside alpha-2,3-sialyltransferase 1","Down"
57.8727438863553,-4.05940773322671,1.21782547803978,-3.3333246893149,0.000858147329753949,0.0116407502028185,"ENSG00000226979","LTA","lymphotoxin alpha","Down"
48.6280560538702,3.47559907574279,1.04266549140742,3.33337882991728,0.000857980340182949,0.0116407502028185,"ENSG00000254369","HOXA-AS3","HOXA cluster antisense RNA 3","Up"
156.695913716222,-3.00825917408556,0.902565889833234,-3.33300782576815,0.000859125258242973,0.0116469096747049,"ENSG00000112208","BAG2","BAG cochaperone 2","Down"
71.8521554885629,7.29821126601802,2.18995650324585,3.33258275002309,0.000860438782614543,0.0116505088026,"ENSG00000101098","RIMS4","regulating synaptic membrane exocytosis 4","Up"
37.5742031489971,3.65975729753982,1.09813003907754,3.33271759018095,0.000860021912200022,0.0116505088026,"ENSG00000289543",NA,NA,"Up"
922.101848265993,2.51376083209104,0.754423030396098,3.33203087765127,0.000862146898999088,0.0116543082345464,"ENSG00000168765","GSTM4","glutathione S-transferase mu 4","Up"
668.511671927939,-2.67154433426884,0.801783092217754,-3.33200383021208,0.000862230695096354,0.0116543082345464,"ENSG00000068366","ACSL4","acyl-CoA synthetase long chain family member 4","Down"
3379.76826475012,1.62922044926753,0.48896405887539,3.33198405832673,0.000862291955463894,0.0116543082345464,"ENSG00000205352","PRR13","proline rich 13","Up"
3433.63180172332,2.53654674275398,0.761392903874541,3.33145571733874,0.000863930440317733,0.0116622741223948,"ENSG00000012171","SEMA3B","semaphorin 3B","Up"
1386.47568581376,3.93785430357335,1.18200716606316,3.33149782559181,0.000863799748901376,0.0116622741223948,"ENSG00000178882","RFLNA","refilin A","Up"
28.3199178068341,-3.82144073364768,1.14744694577481,-3.3303855552705,0.000867258063759405,0.0116646996561179,"ENSG00000156875","SLC71A1","solute carrier family 71 member 1","Down"
27.981194224048,4.57535884118028,1.37381827250164,3.33039597213163,0.000867225615773864,0.0116646996561179,"ENSG00000306033",NA,NA,"Up"
788.135581965821,2.52385712849464,0.757745862597335,3.33074352902909,0.00086614363906768,0.0116646996561179,"ENSG00000211445","GPX3","glutathione peroxidase 3","Up"
85.0790287574106,4.43114925986618,1.33036047810297,3.33078840870618,0.000866004015775806,0.0116646996561179,"ENSG00000214814","FER1L6","fer-1 like family member 6","Up"
1890.38970793886,-2.62094377874325,0.786898746024305,-3.33072557553968,0.000866199499264832,0.0116646996561179,"ENSG00000165732","DDX21","DExD-box helicase 21","Down"
160.912911307613,-2.81483622621405,0.845175740284754,-3.33047447062984,0.000866981133198355,0.0116646996561179,"ENSG00000276023","DUSP14","dual specificity phosphatase 14","Down"
6339.82505260565,2.53849773679477,0.762347232528896,3.32984449667895,0.00086894498194028,0.0116803227227801,"ENSG00000168961","LGALS9","galectin 9","Up"
551.388634302358,-2.98178613447075,0.895648792169777,-3.32919126396313,0.000870985691588815,0.0117006796864617,"ENSG00000163947","ARHGEF3","Rho guanine nucleotide exchange factor 3","Down"
1092.14924102256,-4.07667726054456,1.22484676744205,-3.32831613627739,0.000873726569222195,0.0117304123270031,"ENSG00000185811","IKZF1","IKAROS family zinc finger 1","Down"
68.0965693180247,5.71774912298808,1.71828547512415,3.32758974324389,0.000876007685049122,0.0117539401700043,"ENSG00000160868","CYP3A4","cytochrome P450 family 3 subfamily A member 4","Up"
832.966543801384,-2.14917423239284,0.645907585912509,-3.32737109652704,0.000876695388858944,0.0117560727264782,"ENSG00000169499","PLEKHA2","pleckstrin homology domain containing A2","Down"
5872.94944259504,3.50713399792768,1.05479264860511,3.32495111960216,0.000884340378836981,0.0118443009895678,"ENSG00000113722","CDX1","caudal type homeobox 1","Up"
241.333162750894,-3.15670345196924,0.949372038482768,-3.32504363306729,0.000884046985441094,0.0118443009895678,"ENSG00000172243","CLEC7A","C-type lectin domain containing 7A","Down"
517.008482129075,2.41694317249997,0.726963277450523,3.32471150534075,0.000885100701354477,0.0118473473168056,"ENSG00000175707","KDF1","keratinocyte differentiation factor 1","Up"
305.474301032572,1.70888863624972,0.514053832687406,3.32433789534429,0.000886287416285222,0.0118560939387902,"ENSG00000173614","NMNAT1","nicotinamide nucleotide adenylyltransferase 1","Up"
1558.32370319111,2.13772896445776,0.643196194064123,3.32360325540832,0.000888625190242971,0.0118802187941503,"ENSG00000189077","TMEM120A","transmembrane protein 120A","Up"
1668.42415156015,-4.91369701362861,1.47866333631162,-3.32306678130355,0.000890335969956865,0.0118959372716652,"ENSG00000137573","SULF1","sulfatase 1","Down"
560.542889908932,1.81283204764587,0.545565627583253,3.32284872065045,0.000891032222948592,0.0118980897374271,"ENSG00000171295","ZNF440","zinc finger protein 440","Up"
4636.51218663405,3.27219963989307,0.984871004837272,3.32246519982963,0.000892258003691463,0.0119073062401394,"ENSG00000102996","MMP15","matrix metallopeptidase 15","Up"
1761.14800575881,1.7191024515729,0.517495208327,3.32196786349106,0.000893849880883791,0.0119213943621412,"ENSG00000168924","LETM1","leucine zipper and EF-hand containing transmembrane protein 1","Up"
6795.14738380074,2.59775275636489,0.782342834624789,3.32047874843869,0.00089863200463856,0.0119779888244179,"ENSG00000106565","TMEM176B","transmembrane protein 176B","Up"
2245.53195744986,1.53263042080006,0.461615004384394,3.32014862221379,0.000899695373765666,0.0119849773786292,"ENSG00000104687","GSR","glutathione-disulfide reductase","Up"
438.490563906072,-2.86629725657246,0.863669250152524,-3.31874413274095,0.000904232421381093,0.012038203248243,"ENSG00000160208","RRP1B","ribosomal RNA processing 1B","Down"
585.376160666415,-2.84696577842505,0.858428471164808,-3.31648573417187,0.000911572412215397,0.0121286591506792,"ENSG00000056558","TRAF1","TNF receptor associated factor 1","Down"
96.2753834450062,-3.15372209184382,0.951224528456558,-3.31543394592757,0.000915009626567696,0.0121671106623682,"ENSG00000101898","MCTS2","MCTS family member 2","Down"
1589.51257443362,2.16490169667802,0.653215600849406,3.31422227800882,0.000918984208971975,0.0122126574525248,"ENSG00000117305","HMGCL","3-hydroxy-3-methylglutaryl-CoA lyase","Up"
100.877646294508,2.19293905176854,0.661716727554598,3.31401483512837,0.000919666276772792,0.0122144207476042,"ENSG00000230074",NA,NA,"Up"
146.361061189888,3.22968666870092,0.974660815104844,3.31365190705189,0.000920860704969835,0.0122229827185638,"ENSG00000237476","LINC01637","long intergenic non-protein coding RNA 1637","Up"
145.090517774945,-2.41686245157609,0.729431281420584,-3.31335180315985,0.000921849458820348,0.0122288060966305,"ENSG00000090376","IRAK3","interleukin 1 receptor associated kinase 3","Down"
1157.23518115141,-2.21880131569784,0.669797601307969,-3.31264446358871,0.000924183827282592,0.0122524621538306,"ENSG00000186480","INSIG1","insulin induced gene 1","Down"
1637.94590656952,2.33954175460167,0.706343681084821,3.31218614571385,0.000925699295056058,0.0122579347391193,"ENSG00000137216","TMEM63B","transmembrane protein 63B","Up"
821.025864536443,-2.24719781168835,0.678453985079207,-3.31223319651664,0.00092554361150893,0.0122579347391193,"ENSG00000132334","PTPRE","protein tyrosine phosphatase receptor type E","Down"
13.5660247708869,-7.7154637625329,2.33015018526217,-3.31114441091907,0.00092915245008604,0.0122817160658519,"ENSG00000109738","GLRB","glycine receptor beta","Down"
14.6977645334273,6.56776972673505,1.98345191055118,3.31128256339219,0.000928693815167851,0.0122817160658519,"ENSG00000302947",NA,NA,"Up"
110.444347895465,3.30951454035011,0.999444293896897,3.31135468035552,0.000928454486517736,0.0122817160658519,"ENSG00000196169","KIF19","kinesin family member 19","Up"
253.022601719047,-4.28379891401677,1.29402782403104,-3.31043802495085,0.000931500772942803,0.0123054406921196,"ENSG00000116132","PRRX1","paired related homeobox 1","Down"
814.853886856683,2.25060179678168,0.680036665538296,3.3095300751176,0.000934527255009623,0.0123380905348153,"ENSG00000241685","ARPC1A","actin related protein 2/3 complex subunit 1A","Up"
311.239388130505,-2.33846535002072,0.706666561572259,-3.30914957234977,0.000935798297121316,0.0123475391928179,"ENSG00000102755","FLT1","fms related receptor tyrosine kinase 1","Down"
27.788679597654,-2.95440967520098,0.892864761319952,-3.30891060235526,0.000936597377778691,0.0123507529656902,"ENSG00000236603",NA,NA,"Down"
655.944366053319,1.70253502269005,0.514602354483267,3.3084477905268,0.000938146750692156,0.0123638510421688,"ENSG00000184307","ZDHHC23","zDHHC palmitoyltransferase 23","Up"
314.707072568933,1.86111050085173,0.562564611085444,3.3082608898217,0.000938773118159748,0.0123647765023967,"ENSG00000125246","CLYBL","citramalyl-CoA lyase","Up"
142.021172666291,-3.4394363521463,1.03994596839578,-3.30732216545056,0.000941924964808862,0.0123989447854325,"ENSG00000198146","ZNF770","zinc finger protein 770","Down"
46.5080625979681,-7.16996073428254,2.16901990088421,-3.30562238334452,0.000947657086508435,0.0124670177540485,"ENSG00000123496","IL13RA2","interleukin 13 receptor subunit alpha 2","Down"
121.521961759956,3.32277292701292,1.00529035796986,3.30528677677077,0.000948792654848755,0.0124745754555011,"ENSG00000154263","ABCA10","ATP binding cassette subfamily A member 10","Up"
134.870740734848,4.22668792788617,1.2788973420696,3.30494699523439,0.000949943633695095,0.0124823267186425,"ENSG00000274414",NA,NA,"Up"
31.7560531510097,2.13317209273682,0.645681354788105,3.30375358823373,0.000953996447197686,0.0125086223351728,"ENSG00000231563",NA,NA,"Up"
169.521658056948,-4.39061839646759,1.32899974176656,-3.30370146696297,0.000954173815659251,0.0125086223351728,"ENSG00000105825","TFPI2","tissue factor pathway inhibitor 2","Down"
342.887972518477,-2.21174746042653,0.669476858989935,-3.30369516246383,0.00095419527191351,0.0125086223351728,"ENSG00000048471","SNX29","sorting nexin 29","Down"
15.0602592451506,6.58858732783436,1.99403214069219,3.30415302410685,0.000952638182098452,0.0125086223351728,"ENSG00000244753",NA,NA,"Up"
308.437357760687,-2.69300283254967,0.815215171618935,-3.30342580254197,0.000955112408591554,0.0125132670478586,"ENSG00000145365","TIFA","TRAF interacting protein with forkhead associated domain","Down"
173.544340392575,-2.71436369175442,0.82189024390952,-3.30258658241627,0.000957975085082461,0.0125426612145043,"ENSG00000154127","UBASH3B","ubiquitin associated and SH3 domain containing B","Down"
343.59231380212,-3.59378760382951,1.08822273081652,-3.30243754523765,0.000958484298270264,0.0125426612145043,"ENSG00000167208","SNX20","sorting nexin 20","Down"
215.785560084167,3.04944772104591,0.923527995304802,3.30195482600337,0.000960135319640222,0.0125568756244477,"ENSG00000158528","PPP1R9A","protein phosphatase 1 regulatory subunit 9A","Up"
11.1909313854769,6.29550284925305,1.90702570606876,3.30121551545885,0.000962669054918068,0.0125826108747757,"ENSG00000235523",NA,NA,"Up"
13.910232715429,-8.3115306581235,2.51799182410128,-3.30085688863984,0.000963900355560091,0.0125913023532124,"ENSG00000289341",NA,NA,"Down"
50.4693118706909,-3.54337085788293,1.07377924903543,-3.29990625267336,0.000967171307196603,0.0126192016859754,"ENSG00000127311","HELB","DNA helicase B","Down"
24562.4236274205,4.47805016787224,1.35698406942646,3.30000201827345,0.000966841331560403,0.0126192016859754,"ENSG00000102837","OLFM4","olfactomedin 4","Up"
194.840573480668,-2.40690109722497,0.729636131075337,-3.29876906407811,0.000971097652476408,0.0126629994765443,"ENSG00000112029","FBXO5","F-box protein 5","Down"
600.738962525993,1.16221833673501,0.352350179204084,3.29847522530092,0.000972114580047397,0.0126688296941347,"ENSG00000107020","PLGRKT","plasminogen receptor with a C-terminal lysine","Up"
955.047189088025,-1.18636855819011,0.359789188673385,-3.29739913132045,0.000975847188801931,0.012702582288427,"ENSG00000137200","CMTR1","cap methyltransferase 1","Down"
16.7904475300869,6.13330590980769,1.85996438049586,3.29753944436967,0.000975359738629666,0.012702582288427,"ENSG00000004848","ARX","aristaless related homeobox","Up"
74.7671630390423,4.04903672485158,1.22805829062776,3.29710466982948,0.00097687088711692,0.0127084671932537,"ENSG00000251584",NA,NA,"Up"
19471.5103808687,-3.0110288623826,0.913417332364427,-3.29644375653394,0.000979172180672285,0.0127309561946707,"ENSG00000171223","JUNB","JunB proto-oncogene, AP-1 transcription factor subunit","Down"
215.317629448412,-1.88339487829501,0.571512679339963,-3.29545598265665,0.000982620959065116,0.0127683295049063,"ENSG00000069966","GNB5","G protein subunit beta 5","Down"
4717.78698106046,-3.90332394509516,1.18500583419913,-3.29392804022199,0.000987977879028632,0.0128304393600722,"ENSG00000163359","COL6A3","collagen type VI alpha 3 chain","Down"
69.6553052881491,2.86427670292627,0.869737517402062,3.29326566419944,0.00099030854049752,0.012853198938051,"ENSG00000219607","PPP1R3G","protein phosphatase 1 regulatory subunit 3G","Up"
575.562993649359,-3.38649052977572,1.02847467865218,-3.29273107065088,0.000992193292741081,0.012862643427121,"ENSG00000163219","ARHGAP25","Rho GTPase activating protein 25","Down"
4669.46177069119,-3.19573565639608,0.970503041236493,-3.29286516436308,0.000991720222862383,0.012862643427121,"ENSG00000111348","ARHGDIB","Rho GDP dissociation inhibitor beta","Down"
261.640883295439,-2.75944020938931,0.838147919396322,-3.29230693715354,0.000993690971302372,0.0128745520774858,"ENSG00000174125","TLR1","toll like receptor 1","Down"
338.392578568145,-2.7855508810161,0.846152398039065,-3.29202031155562,0.000994704273847813,0.012880174793511,"ENSG00000109790","KLHL5","kelch like family member 5","Down"
1401.27864193932,2.60557666738795,0.792085631885508,3.28951386377954,0.00100360612285434,0.0129810026414906,"ENSG00000107872","FBXL15","F-box and leucine rich repeat protein 15","Up"
138.392590972991,-3.63273646399389,1.1043433439351,-3.28949912538013,0.00100365868487034,0.0129810026414906,"ENSG00000167207","NOD2","nucleotide binding oligomerization domain containing 2","Down"
64.0008126713878,-5.38256232428089,1.63662855428098,-3.28881120288508,0.0010061148817582,0.0129976479756712,"ENSG00000293329","DUXAP9","double homeobox A pseudogene 9","Down"
218.47113054848,-1.57452751607388,0.478751251556918,-3.28882172308365,0.00100607727799445,0.0129976479756712,"ENSG00000166188","ZNF319","zinc finger protein 319","Down"
29.7968106250237,4.77862881048611,1.4534106706314,3.28787238668762,0.00100947586258884,0.013033494107397,"ENSG00000224984",NA,NA,"Up"
14.8627284402428,8.21638754465364,2.49913220230363,3.28769623995081,0.00101010762821023,0.0130340817748103,"ENSG00000106331","PAX4","paired box 4","Up"
20.1367479103879,4.94013614607077,1.50328822936526,3.28622020020516,0.00101541597421479,0.0130949787440356,"ENSG00000258708","SLC25A21-AS1","SLC25A21 antisense RNA 1","Up"
3615.09429815939,-1.82303083825667,0.554873887283841,-3.28548681067076,0.00101806308618429,0.0131215052725422,"ENSG00000072110","ACTN1","actinin alpha 1","Down"
512.384640877554,2.53597860896699,0.771919044410277,3.28529089589233,0.00101877130545072,0.0131230257439663,"ENSG00000099139","PCSK5","proprotein convertase subtilisin/kexin type 5","Up"
1104.15640554867,1.84364807231753,0.561288814176895,3.28466918590058,0.00102102176761912,0.0131443989342651,"ENSG00000175482","POLD4","DNA polymerase delta 4, accessory subunit","Up"
7.81627021341537,6.91698106967806,2.10846084531754,3.28058312538231,0.00103592733503784,0.0133285720138289,"ENSG00000309024",NA,NA,"Up"
928.179378766921,-1.45169035459081,0.442691751236089,-3.27923515750492,0.00104088860058788,0.0133846594892252,"ENSG00000104765","BNIP3L","BCL2 interacting protein 3 like","Down"
1902.52171428969,2.37333183783635,0.723953195322327,3.2782945819856,0.00104436345093925,0.0134215795403077,"ENSG00000161395","PGAP3","post-GPI attachment to proteins phospholipase 3","Up"
48.2087458821106,-7.46380136839882,2.27713971315589,-3.27770901595438,0.00104653217682077,0.0134416810440532,"ENSG00000298768",NA,NA,"Down"
1737.86311046151,2.49066179717767,0.759964154585806,3.27734115109037,0.00104789674635461,0.0134514366984423,"ENSG00000105552","BCAT2","branched chain amino acid transaminase 2","Up"
1539.5783005889,-4.15804033146655,1.26921181523906,-3.27608069948779,0.0010525847995457,0.0134960310543826,"ENSG00000041982","TNC","tenascin C","Down"
82.3036300876813,-4.79147276562171,1.46253225347418,-3.27614844338632,0.00105233234404894,0.0134960310543826,"ENSG00000179431","FJX1","four-jointed box kinase 1","Down"
629.695802525568,-1.29583292073209,0.395609485452662,-3.27553551768199,0.00105461852378607,0.0135143133367929,"ENSG00000054965","FAM168A","family with sequence similarity 168 member A","Down"
32.8436108047538,-4.48413905855616,1.3695618184406,-3.27414140652802,0.00105983560600636,0.0135733439103337,"ENSG00000187726","DNAJB13","DnaJ heat shock protein family (Hsp40) member B13","Down"
660.003343797473,2.1116850975098,0.645311797685948,3.27234850669427,0.00106658014596355,0.0136518574468668,"ENSG00000160439","RDH13","retinol dehydrogenase 13","Up"
155.785009110992,-2.38638764262981,0.729306598110607,-3.27213225385887,0.00106739632492748,0.0136544433211235,"ENSG00000118620","ZNF430","zinc finger protein 430","Down"
6162.62970972481,1.51969029525351,0.464543100527264,3.27136554935083,0.00107029467002426,0.0136836465777168,"ENSG00000197142","ACSL5","acyl-CoA synthetase long chain family member 5","Up"
116.636771311719,-2.02027228359468,0.617866579279193,-3.26975491367658,0.00107640702293147,0.0137459835386763,"ENSG00000115750","TAF1B","TATA-box binding protein associated factor, RNA polymerase I subunit B","Down"
32.1761390831857,-4.54599577948214,1.39026884789978,-3.26986811676719,0.00107597636516619,0.0137459835386763,"ENSG00000225968","ELFN1","extracellular leucine rich repeat and fibronectin type III domain containing 1","Down"
283.373852457596,-4.28426601686372,1.31099373078063,-3.2679530925847,0.00108328317952227,0.0138258524284263,"ENSG00000135426","TESPA1","thymocyte expressed, positive selection associated 1","Down"
265.60728576646,-3.55577865629462,1.08816386817675,-3.26768675222825,0.00108430303423609,0.0138309290649288,"ENSG00000253320",NA,NA,"Down"
74.5742924827003,-3.31216590015691,1.01367916172513,-3.26746965432346,0.00108513498953659,0.0138336044853022,"ENSG00000188820","CALHM6","calcium homeostasis modulator family member 6","Down"
122.0855391437,3.97384351038753,1.21694525543419,3.26542504080819,0.00109299930309738,0.0139258759345352,"ENSG00000230882",NA,NA,"Up"
500.082207850988,-3.10618904719562,0.951303049124738,-3.26519404100883,0.00109389111709751,0.0139259633669552,"ENSG00000153234","NR4A2","nuclear receptor subfamily 4 group A member 2","Down"
1367.29308272018,3.4375292150172,1.05281015825366,3.26509882913666,0.00109425889452934,0.0139259633669552,"ENSG00000164855","TMEM184A","transmembrane protein 184A","Up"
69.0899456613363,-5.30498015889657,1.62485554416744,-3.26489341033377,0.00109505276074147,0.013928093838424,"ENSG00000102802","MEDAG","mesenteric estrogen dependent adipogenesis","Down"
402890.482583726,1.6959656002536,0.519554825129155,3.26426686506473,0.00109747741295345,0.013950952156772,"ENSG00000198712","MT-CO2","cytochrome c oxidase subunit II","Up"
17.0688823241041,-7.25358073877325,2.22248650721764,-3.26372318356798,0.0010995854149933,0.0139688977620125,"ENSG00000294554",NA,NA,"Down"
53.3738159281856,-3.10724999899722,0.952098955634472,-3.26357883349065,0.00110014572847946,0.0139688977620125,"ENSG00000101916","TLR8","toll like receptor 8","Down"
849.273819492075,-3.54114176117188,1.08532108696777,-3.26275956829083,0.00110333081718959,0.0139958564489665,"ENSG00000171608","PIK3CD","phosphatidylinositol-4,5-bisphosphate 3-kinase catalytic subunit delta","Down"
296386.708064217,1.35740151877995,0.416035124065358,3.26270894033145,0.00110352792493313,0.0139958564489665,"ENSG00000198899","MT-ATP6","ATP synthase F0 subunit 6","Up"
6.82444067349482,6.50785176049802,1.9948243119108,3.26236838083464,0.00110485465760498,0.014004694186164,"ENSG00000253102",NA,NA,"Up"
515.832191557421,-2.34013713146439,0.717462736091983,-3.26168456387172,0.00110752308888926,0.0140225289494731,"ENSG00000179041","RRS1","regulator of ribosome synthesis 1","Down"
1012.41249413124,2.70860419734281,0.830395597800912,3.26182388793468,0.00110697892730814,0.0140225289494731,"ENSG00000125458","NT5C","5', 3'-nucleotidase, cytosolic","Up"
1139.48111796407,2.13050801424999,0.653293674430091,3.26117961590331,0.00110949735058276,0.0140395302194117,"ENSG00000241837","ATP5PO","ATP synthase peripheral stalk subunit OSCP","Up"
26.4556539163934,2.59043519139199,0.794711137201924,3.25959341719128,0.00111572030775844,0.0141047170355195,"ENSG00000121933","TMIGD3","transmembrane and immunoglobulin domain containing 3","Up"
25.4589877609898,3.82876987802042,1.17463386334818,3.25954324789078,0.00111591765688296,0.0141047170355195,"ENSG00000294036",NA,NA,"Up"
2654.98871697418,1.93305398899141,0.593220993392822,3.2585731296117,0.00111974012717557,0.0141371361747486,"ENSG00000121310","ECHDC2","enoyl-CoA hydratase domain containing 2","Up"
16.05953720986,3.59392657330191,1.10291541246066,3.25856954458881,0.00111975427534441,0.0141371361747486,"ENSG00000289832",NA,NA,"Up"
227.307059342918,-3.18069363140971,0.976176372622855,-3.25831859960266,0.0011207450318541,0.0141416142413236,"ENSG00000029153","BMAL2","basic helix-loop-helix ARNT like 2","Down"
3843.14581132783,2.34803053955675,0.721073125976412,3.25630016564168,0.00112874354201552,0.0142344612419915,"ENSG00000149932","TMEM219","transmembrane protein 219","Up"
221.652021519881,-4.35511395194121,1.33752838066347,-3.25609087246499,0.00112957592723928,0.0142368829877045,"ENSG00000112559","MDFI","MyoD family inhibitor","Down"
164.639118752392,-3.94117445990223,1.21055544838757,-3.25567446344714,0.00113123372610203,0.0142496993951425,"ENSG00000134460","IL2RA","interleukin 2 receptor subunit alpha","Down"
154.362796734095,-2.36698531368123,0.727089218747644,-3.25542622920222,0.00113222306086297,0.0142540856807285,"ENSG00000128512","DOCK4","dedicator of cytokinesis 4","Down"
1555.13098202936,1.18675310417658,0.364819356767941,3.25298831369704,0.00114198193648811,0.0143688083723487,"ENSG00000175348","TMEM9B","TMEM9 domain family member B","Up"
36.7024789709714,4.83891910931737,1.48770888393797,3.25259811348893,0.00114355109080798,0.0143804136888766,"ENSG00000197921","HES5","hes family bHLH transcription factor 5","Up"
144.898228273847,-1.49530460495709,0.459843541677131,-3.25176819816464,0.00114689514853962,0.0144143130794129,"ENSG00000185798","WDR53","WD repeat domain 53","Down"
6.23042733567892,6.57836706231331,2.02356162008303,3.25088546700317,0.0011504619404449,0.0144509719332833,"ENSG00000005421","PON1","paraoxonase 1","Up"
6.20096625702364,6.26241086753665,1.92691177117696,3.24997281204606,0.00115416042098638,0.0144892425972841,"ENSG00000296194","LOC105378139","uncharacterized LOC105378139","Up"
449.281598351158,-1.74331018030491,0.53656083573542,-3.24904477591157,0.00115793249867006,0.0145283934779523,"ENSG00000115267","IFIH1","interferon induced with helicase C domain 1","Down"
721.175133375538,-3.90712667435392,1.20260813455432,-3.24887763693854,0.00115861305807699,0.0145287332883394,"ENSG00000074181","NOTCH3","notch receptor 3","Down"
127.961690067706,-2.1178698422357,0.652028916233584,-3.24812257479236,0.00116169214304351,0.0145572634176111,"ENSG00000222041","CYTOR","cytoskeleton regulator RNA","Down"
112.153948626192,-2.57114832202492,0.791610005976347,-3.24799876531847,0.00116219774957315,0.0145572634176111,"ENSG00000164038","SLC9B2","solute carrier family 9 member B2","Down"
17.0262048000254,6.20095634106806,1.90954432753569,3.247348726945,0.00116485568012517,0.0145823402794048,"ENSG00000030304","MUSK","muscle associated receptor tyrosine kinase","Up"
1555.14133005695,2.8513368438164,0.878457655996328,3.24584437776055,0.00117102834472277,0.0146431232779648,"ENSG00000132170","PPARG","peroxisome proliferator activated receptor gamma","Up"
63.4747495171069,2.8970427209013,0.892495275323815,3.24600342545253,0.00117037431221543,0.0146431232779648,"ENSG00000265982",NA,NA,"Up"
629.898599235866,-2.38438701897,0.734692841045447,-3.24542024334563,0.00117277411275602,0.0146484757578116,"ENSG00000173846","PLK3","polo like kinase 3","Down"
8.97558442665079,7.53312069648425,2.32105776355374,3.24555502873414,0.00117221906578952,0.0146484757578116,"ENSG00000257531",NA,NA,"Up"
237.03227724589,-2.12387743170798,0.65468178174763,-3.24413706157888,0.00117807043719104,0.0146898710207899,"ENSG00000107560","RAB11FIP2","RAB11 family interacting protein 2","Down"
384.109571592785,-1.86416784171823,0.574575222095212,-3.24442783126022,0.00117686835421475,0.0146898710207899,"ENSG00000176171","BNIP3","BCL2 interacting protein 3","Down"
273.362124087477,1.9905385012502,0.613563905618496,3.2442235976115,0.00117771256646772,0.0146898710207899,"ENSG00000151229","SLC2A13","solute carrier family 2 member 13","Up"
189.585618591897,-4.14970092994748,1.27920734007945,-3.24396272592506,0.00117879170936978,0.0146906256022524,"ENSG00000074706","IPCEF1","interaction protein for cytohesin exchange factors 1","Down"
260.601516623597,-2.1089616328435,0.650261172165773,-3.24325320827529,0.00118173138103783,0.0147190105291955,"ENSG00000080839","RBL1","RB transcriptional corepressor like 1","Down"
207.047820077791,-3.73617907995153,1.15225029567754,-3.24250650571941,0.00118483243147846,0.0147493725918593,"ENSG00000083454","P2RX5","purinergic receptor P2X 5","Down"
315.681339308667,2.75555693264227,0.849973320820438,3.24193344090196,0.0011872174632118,0.0147542794072599,"ENSG00000117791","MTARC2","mitochondrial amidoxime reducing component 2","Up"
1403.64758474349,-1.4715779025999,0.453916918753712,-3.24195429119564,0.00118713060891675,0.0147542794072599,"ENSG00000173039","RELA","RELA proto-oncogene, NF-kB subunit","Down"
59.6953120843461,4.33594221439778,1.33743223653143,3.24199020777521,0.00118698100804259,0.0147542794072599,"ENSG00000242173","ARHGDIG","Rho GDP dissociation inhibitor gamma","Up"
14.0579364263416,6.48292659850133,2.00026883977766,3.24102764067551,0.00119099635090522,0.0147929731115507,"ENSG00000289847","LOC105377940","uncharacterized LOC105377940","Up"
4275.28346038375,2.87469591912527,0.887272375995772,3.23992496204905,0.00119561158878945,0.0148343347004385,"ENSG00000162522","NHSL3","NHS like 3","Up"
496.460295508668,-2.179527873749,0.672711807611697,-3.23991321259381,0.00119566085472882,0.0148343347004385,"ENSG00000156802","ATAD2","ATPase family AAA domain containing 2","Down"
28.4806770272552,6.72360238180537,2.07569020881259,3.23921284267735,0.00119860092412126,0.0148625177612872,"ENSG00000109101","FOXN1","forkhead box N1","Up"
31071.3709038071,2.43300385519101,0.751533071107758,3.2373876130358,0.00120629443222945,0.0149495786576127,"ENSG00000189143","CLDN4","claudin 4","Up"
2372.75685659251,1.28095059296053,0.395834883085515,3.23607303877712,0.00121186371268192,0.0150102317125666,"ENSG00000131174","COX7B","cytochrome c oxidase subunit 7B","Up"
6.76788106285938,6.57285186986947,2.03283238067427,3.23334670008027,0.001223489811394,0.015145795644055,"ENSG00000297159",NA,NA,"Up"
5046.75656526227,1.91468834945378,0.592241640993684,3.23295124307918,0.00122518471290521,0.0151583370740243,"ENSG00000197586","ENTPD6","ectonucleoside triphosphate diphosphohydrolase 6","Up"
478.654698766739,-2.94669197947734,0.911604944885932,-3.23242211004687,0.00122745593274672,0.0151779909637141,"ENSG00000158555","GDPD5","glycerophosphodiester phosphodiesterase domain containing 5","Down"
384.284266341712,-3.01972971647177,0.934786217751163,-3.23039606182514,0.00123618842148371,0.0152626510971414,"ENSG00000165905","LARGE2","LARGE xylosyl- and glucuronyltransferase 2","Down"
2376.55488802174,2.15512946352827,0.667112746587088,3.23053258171695,0.00123559820794697,0.0152626510971414,"ENSG00000129255","MPDU1","mannose-P-dolichol utilization defect 1","Up"
500.111557800603,-1.94590613125469,0.602381337084045,-3.23035594142783,0.00123636192263534,0.0152626510971414,"ENSG00000196628","TCF4","transcription factor 4","Down"
2410.43184965075,3.64842272942656,1.12972241976823,3.22948599194399,0.00124012956472241,0.0153006662666334,"ENSG00000183773","AIFM3","AIF family member 3","Up"
432.873652226143,1.78166886714353,0.551732236432775,3.22922742137185,0.00124125144373261,0.0153060140590722,"ENSG00000245849","RAD51-AS1","RAD51 antisense RNA 1","Up"
158.462517384232,-1.99835576180529,0.619032698159328,-3.22819096268635,0.00124575781673354,0.0153530673721934,"ENSG00000029725","RABEP1","rabaptin, RAB GTPase binding effector protein 1","Down"
1830.61201392107,1.45520098268809,0.450869611635988,3.22754283085938,0.00124858347279821,0.0153793663992923,"ENSG00000111726","CMAS","cytidine monophosphate N-acetylneuraminic acid synthetase","Up"
2537.47773017302,-1.81951814253209,0.563918377704955,-3.22656294681724,0.00125286670576543,0.0154235799940658,"ENSG00000253729","PRKDC","protein kinase, DNA-activated, catalytic subunit","Down"
222.068259048463,-2.14380610932444,0.664649864143522,-3.22546685853458,0.00125767395990547,0.0154741921143211,"ENSG00000249353",NA,NA,"Down"
16.2747850220212,-4.00435471419326,1.24204925817886,-3.22399026272484,0.00126417698160152,0.0155456011238642,"ENSG00000161040","FBXL13","F-box and leucine rich repeat protein 13","Down"
694.255309630612,-3.08147109566492,0.956133395666484,-3.22284642460056,0.00126923584034106,0.0155921109767218,"ENSG00000116852","KIF21B","kinesin family member 21B","Down"
1861.39485508127,-2.43812833821192,0.756520641066285,-3.2228179984296,0.00126936179858168,0.0155921109767218,"ENSG00000185215","TNFAIP2","TNF alpha induced protein 2","Down"
42.94223288468,4.54154802891185,1.40934807042189,3.2224459835194,0.00127101128530294,0.0155951401248014,"ENSG00000306708",NA,NA,"Up"
46.9563938799833,-3.27614662222387,1.01662457267744,-3.22257272770383,0.00127044908881116,0.0155951401248014,"ENSG00000224383","PRR29","proline rich 29","Down"
498.938978559407,-4.3701092738757,1.35621344867868,-3.22228722782049,0.00127171579859699,0.0155951777993419,"ENSG00000254166","PCAT2","prostate cancer associated transcript 2","Down"
341.625588867645,-1.33611043902052,0.414755962241962,-3.22143756969323,0.00127549247489506,0.0156328689053704,"ENSG00000136738","STAM","signal transducing adaptor molecule","Down"
20.1666579351444,6.49944489403683,2.01815932601289,3.22048155973752,0.00127975425557318,0.015660278898516,"ENSG00000196427","NBPF4","NBPF member 4","Up"
141.886649087389,-1.59367701610918,0.494860011506334,-3.22046028988703,0.00127984922338755,0.015660278898516,"ENSG00000010072","SPRTN","SprT-like N-terminal domain","Down"
127.815743109371,-4.84438901738597,1.50434531110567,-3.22026397903646,0.00128072603939969,0.015660278898516,"ENSG00000064886","CHI3L2","chitinase 3 like 2","Down"
1122.79140018019,-1.67194579753877,0.519193182172796,-3.22027687370964,0.00128066842875172,0.015660278898516,"ENSG00000136603","SKIL","SKI like proto-oncogene","Down"
1458.23651788953,-2.15168268136616,0.668194020608281,-3.22014656672235,0.00128125072263755,0.015660278898516,"ENSG00000153310","CYRIB","CYFIP related Rac1 interactor B","Down"
3240.70163350193,2.75597941664961,0.856039106425207,3.21945504120542,0.0012843449872617,0.0156894736823018,"ENSG00000125652","ALKBH7","alkB homolog 7","Up"
326.85600395676,-2.95203135737221,0.917112936280581,-3.21883079017988,0.00128714415130194,0.0157150334518924,"ENSG00000130844","ZNF331","zinc finger protein 331","Down"
41.8075226888751,-4.52721809407844,1.40702068159274,-3.21759171937235,0.00129271687781967,0.0157484790929122,"ENSG00000282939","TRBV7-2","T cell receptor beta variable 7-2","Down"
189.599453210885,4.42323160301776,1.37454470257348,3.21796125999861,0.00129105254120332,0.0157484790929122,"ENSG00000148053","NTRK2","neurotrophic receptor tyrosine kinase 2","Up"
1066.67402952442,-2.42807652900868,0.754601495537837,-3.21769376732826,0.00129225707654838,0.0157484790929122,"ENSG00000196954","CASP4","caspase 4","Down"
91.6518971271122,-2.15240531708993,0.668888056240054,-3.21788570899144,0.00129139264680834,0.0157484790929122,"ENSG00000166439","RNF169","ring finger protein 169","Down"
34.2175921351426,3.85769039225813,1.19918951004111,3.21691472445074,0.00129577106486383,0.0157613538967872,"ENSG00000162897","FCAMR","Fc alpha and mu receptor","Up"
77.5908423594264,3.37265593485626,1.04834467928448,3.21712505581482,0.00129482146597977,0.0157613538967872,"ENSG00000150471","ADGRL3","adhesion G protein-coupled receptor L3","Up"
395.203494505434,-2.95669416915862,0.919161676783233,-3.21672916075667,0.00129660937692726,0.0157613538967872,"ENSG00000121210","TMEM131L","transmembrane 131 like","Down"
20.2474465029403,4.3137347406179,1.34102983247547,3.21673286913758,0.00129659261885474,0.0157613538967872,"ENSG00000043591","ADRB1","adrenoceptor beta 1","Up"
1119.73889731196,-3.59078177459499,1.11671237011745,-3.21549386456365,0.00130220278437739,0.0158206964508538,"ENSG00000090104","RGS1","regulator of G protein signaling 1","Down"
24.0735556256466,4.08764485772623,1.27163813240663,3.21447175383943,0.0013068477172826,0.0158684572901934,"ENSG00000139219","COL2A1","collagen type II alpha 1 chain","Up"
9.81446318069419,6.13599004315133,1.90910435264163,3.21406738959081,0.00130868954858249,0.0158734832152943,"ENSG00000287308",NA,NA,"Up"
626.74258795284,-3.54421643213967,1.10269839165605,-3.21413040860331,0.00130840234694812,0.0158734832152943,"ENSG00000179715","PCED1B","PC-esterase domain containing 1B","Down"
124.749135810383,-3.33987996386983,1.03948934656401,-3.21300066701952,0.00131355984510764,0.0159151913004241,"ENSG00000175857","GAPT","GRB2 binding adaptor protein, transmembrane","Down"
1576.91701709046,1.75000638141078,0.544642314111615,3.21312967440892,0.0013129699529585,0.0159151913004241,"ENSG00000160445","ZER1","zyg-11 related cell cycle regulator","Up"
7526.02394612832,5.66170516007684,1.76249308106441,3.21232759487352,0.00131664146666671,0.0159351604400659,"ENSG00000187908","DMBT1","deleted in malignant brain tumors 1","Up"
510.127718762386,-2.90668753299637,0.904810502782174,-3.21248208775062,0.00131593354071818,0.0159351604400659,"ENSG00000110852","CLEC2B","C-type lectin domain family 2 member B","Down"
318.686279163202,3.23820125390737,1.00816874928468,3.21196352912639,0.00131831109929368,0.0159380155903189,"ENSG00000144063","MALL","mal, T cell differentiation protein like","Up"
79.344681717453,-2.53437039450872,0.789013096721346,-3.2120764598712,0.00131779298158056,0.0159380155903189,"ENSG00000185697","MYBL1","MYB proto-oncogene like 1","Down"
708.587631214555,2.2770998229267,0.709257649497551,3.21053967417882,0.00132485978408028,0.0160084823801396,"ENSG00000160145","KALRN","kalirin RhoGEF kinase","Up"
445.883815413372,-3.19306000294783,0.994692200312729,-3.21009856309715,0.00132689465224051,0.016024361109866,"ENSG00000141506","PIK3R5","phosphoinositide-3-kinase regulatory subunit 5","Down"
638.992242000118,-2.21146933888952,0.688957956556233,-3.20987560684194,0.00132792425773212,0.0160280890456885,"ENSG00000100503","NIN","ninein","Down"
66.3052076684848,-4.55034220347328,1.41778906606632,-3.20946346137249,0.00132982947455966,0.0160423758588632,"ENSG00000137868","STRA6","signaling receptor and transporter of retinol STRA6","Down"
147.28111136423,3.607283782589,1.1241387001448,3.20893123074968,0.00133229353814492,0.016063385159206,"ENSG00000225526","MKRN2OS","MKRN2 opposite strand","Up"
2986.34264887447,1.35568356497086,0.4225499624536,3.20833909698839,0.00133503988478308,0.0160877733107762,"ENSG00000158864","NDUFS2","NADH:ubiquinone oxidoreductase core subunit S2","Up"
133.754486833994,-3.99112756183225,1.24426263473807,-3.20762470109247,0.00133836024141827,0.0161123940469099,"ENSG00000106952","TNFSF8","TNF superfamily member 8","Down"
21486.4231095022,-4.26025877043385,1.32818154168632,-3.20758769544773,0.00133853244297407,0.0161123940469099,"ENSG00000108821","COL1A1","collagen type I alpha 1 chain","Down"
4170.27786387651,3.14088462809476,0.979527709511835,3.20652963422553,0.00134346466655674,0.0161630140322272,"ENSG00000128309","MPST","mercaptopyruvate sulfurtransferase","Up"
138.791041846198,-3.96454683363049,1.23659368482004,-3.2060222224145,0.00134583594445427,0.0161827855884542,"ENSG00000165757","JCAD","junctional cadherin 5 associated","Down"
203.974641120168,-3.60917532624359,1.12593225371609,-3.20549954433908,0.00134828260260231,0.0162034416776525,"ENSG00000138646","HERC5","HECT and RLD domain containing E3 ubiquitin protein ligase 5","Down"
202.797741401707,3.78988834375506,1.18255131865294,3.2048404868147,0.00135137350232809,0.0162318136560024,"ENSG00000154175","ABI3BP","ABI family member 3 binding protein","Up"
2274.42925895722,1.79081494242349,0.558895742287619,3.20420215601123,0.00135437342647722,0.0162590628460411,"ENSG00000237973","MTCO1P12","MT-CO1 pseudogene 12","Up"
1899.93594916422,-2.3301310353873,0.727426478022514,-3.20325298265425,0.00135884555860553,0.0163039467374403,"ENSG00000197622","CDC42SE1","CDC42 small effector 1","Down"
767.155770377657,4.16619926308695,1.3007554190371,3.20290748138571,0.00136047680359722,0.0163147145492864,"ENSG00000259974","LINC00261","long intergenic non-protein coding RNA 261","Up"
238.871275935945,-2.36211561344827,0.737587777769561,-3.2024874660901,0.00136246229072805,0.0163297165012166,"ENSG00000138623","SEMA7A","semaphorin 7A (JohnMiltonHagen blood group)","Down"
157.831946028176,-4.21689738189319,1.31721292179005,-3.20137869294704,0.00136771650674383,0.0163838583482951,"ENSG00000158859","ADAMTS4","ADAM metallopeptidase with thrombospondin type 1 motif 4","Down"
434.017750317955,-3.11063812018219,0.971829022220421,-3.20080801155233,0.0013704281112384,0.0164075003754246,"ENSG00000135842","NIBAN1","niban apoptosis regulator 1","Down"
237.647076518953,-3.29887823233733,1.03093273374812,-3.19989668030398,0.00137476860381645,0.0164506083792524,"ENSG00000204577","LILRB3","leukocyte immunoglobulin like receptor B3","Down"
1639.31927092262,2.12836409466968,0.665615606481481,3.19758742725468,0.00138582395666408,0.0165739774225457,"ENSG00000006025","OSBPL7","oxysterol binding protein like 7","Up"
234.030699317431,-2.4448361504328,0.764764997523148,-3.19684629703362,0.00138938939632537,0.0166076851873666,"ENSG00000161381","PLXDC1","plexin domain containing 1","Down"
1968.43598382495,1.92226783305702,0.601425419174998,3.19618654577966,0.00139257045187133,0.0166367645655322,"ENSG00000090266","NDUFB2","NADH:ubiquinone oxidoreductase subunit B2","Up"
29.613429539651,-5.79319313973587,1.81281711017938,-3.19568538227368,0.00139499134808488,0.0166567361127665,"ENSG00000148734","NPFFR1","neuropeptide FF receptor 1","Down"
3428.3585471139,3.19377271948575,0.999535246691011,3.19525772608702,0.001397060231526,0.0166724853073095,"ENSG00000081923","ATP8B1","ATPase phospholipid transporting 8B1","Up"
166.243947061048,-2.61102467835004,0.817247652774335,-3.19490018660355,0.00139879208070472,0.0166841976020966,"ENSG00000174004","NRROS","negative regulator of reactive oxygen species","Down"
156.678447797248,-2.96032004007587,0.926672026122187,-3.19457149522882,0.0014003859417165,0.0166942523550579,"ENSG00000151835","SACS","sacsin molecular chaperone","Down"
20.19280153884,7.45676411209872,2.33448138222181,3.19418444237146,0.00140226495101125,0.0167076938134153,"ENSG00000230519","HMGB1P49","high mobility group box 1 pseudogene 49","Up"
4147.63150112125,-4.16537471787598,1.30414492902534,-3.19395078351376,0.00140340040991398,0.0167122663704432,"ENSG00000187498","COL4A1","collagen type IV alpha 1 chain","Down"
168.118029901674,-4.41090123481007,1.38113975245355,-3.19366756837912,0.00140477782270967,0.0167197137753234,"ENSG00000183918","SH2D1A","SH2 domain containing 1A","Down"
1272.54578413918,-4.59935895826043,1.44079878994963,-3.19222849876298,0.00141179599588043,0.0167942538129532,"ENSG00000140807","NKD1","NKD inhibitor of Wnt signaling pathway 1","Down"
1588.08020041116,3.41024133477349,1.06840919210076,3.19188692870388,0.00141346653312359,0.0168051344550463,"ENSG00000141854","MISP3","MISP family member 3","Up"
31.1431095596778,7.1961243267563,2.25547541079346,3.19051331365424,0.0014202029726726,0.016849185000763,"ENSG00000143768","LEFTY2","left-right determination factor 2","Up"
86.8843780553599,-2.26882243074521,0.711083165832905,-3.19065692982296,0.0014194972717887,0.016849185000763,"ENSG00000143942","CHAC2","ChaC glutathione specific gamma-glutamylcyclotransferase 2","Down"
408.460369945111,-3.70249249678957,1.16045422181483,-3.19055454940675,0.00142000031540763,0.016849185000763,"ENSG00000075884","ARHGAP15","Rho GTPase activating protein 15","Down"
230.013772530158,-4.09124678601844,1.28219580901244,-3.19081278948302,0.00141873177467034,0.016849185000763,"ENSG00000172575","RASGRP1","RAS guanyl releasing protein 1","Down"
32.9014167008275,3.14278739719363,0.985113791228223,3.19027854972496,0.00142135725180456,0.0168538857489978,"ENSG00000310070","LOC105373074","uncharacterized LOC105373074","Up"
1206.31512673753,2.77084591055166,0.868614709138392,3.18995969260083,0.00142292638254629,0.0168634980080766,"ENSG00000176834","VSIG10","V-set and immunoglobulin domain containing 10","Up"
85.0830346881519,-4.26499435922527,1.33774686704015,-3.18819237354062,0.00143165254673451,0.0169578748383316,"ENSG00000091879","ANGPT2","angiopoietin 2","Down"
742.35294001401,2.37195579155564,0.744211854428005,3.187205064583,0.00143654884995276,0.0170068107460062,"ENSG00000154265","ABCA5","ATP binding cassette subfamily A member 5","Up"
67.6835481935268,-1.98791013899552,0.623790962728166,-3.18682099897912,0.00143845769057309,0.0170112924651657,"ENSG00000175414","ARL10","ARF like GTPase 10","Down"
1575.51480716178,-3.4568281835638,1.08469225096705,-3.18692069615311,0.00143796196209081,0.0170112924651657,"ENSG00000262406","MMP12","matrix metallopeptidase 12","Down"
543.346298879915,-3.57351027655109,1.12144185260253,-3.18653193498891,0.00143989590636162,0.0170192481053364,"ENSG00000077420","APBB1IP","amyloid beta precursor protein binding family B member 1 interacting protein","Down"
237.595947109751,-1.31169044319496,0.411855841744812,-3.18482903541694,0.00144839549174206,0.0171057785429094,"ENSG00000055147","FAM114A2","family with sequence similarity 114 member A2","Down"
6.31404762218216,-7.13426660253897,2.24012894964628,-3.18475711126607,0.0014487554984167,0.0171057785429094,"ENSG00000256916",NA,NA,"Down"
11.1810058067744,-6.35494461535532,1.99621457668181,-3.18349775098767,0.00145507243680086,0.0171712449508458,"ENSG00000002745","WNT16","Wnt family member 16","Down"
24.9914299446831,3.16901785155765,0.996203587002896,3.18109460044379,0.00146719710717335,0.0173051423256155,"ENSG00000287236",NA,NA,"Up"
17.8291888490086,5.37188319973966,1.6890283048008,3.18045777235996,0.00147042567926462,0.0173340265785209,"ENSG00000186038","HTR3E","5-hydroxytryptamine receptor 3E","Up"
5283.49951019175,1.55344433368487,0.488469542102747,3.18022762892781,0.00147159406321297,0.0173386066811944,"ENSG00000136810","TXN","thioredoxin","Up"
1190.96283669187,-1.55797970994779,0.489934351816419,-3.17997646862609,0.00147287012108549,0.0173444498951768,"ENSG00000112078","KCTD20","potassium channel tetramerization domain containing 20","Down"
4390.07937366431,1.90241512254146,0.598416371324715,3.17908268172891,0.00147741941559266,0.017382356357896,"ENSG00000178741","COX5A","cytochrome c oxidase subunit 5A","Up"
10.7404105821875,4.49576309532582,1.41419027997655,3.17903690824431,0.00147765274665693,0.017382356357896,"ENSG00000300821",NA,NA,"Up"
173.779128972751,6.69238790136303,2.10560382158656,3.1783699444088,0.00148105645969117,0.0173856009864381,"ENSG00000299069",NA,NA,"Up"
3457.81732171757,1.20785759554379,0.380006426174718,3.17851886796368,0.00148029583304126,0.0173856009864381,"ENSG00000076554","TPD52","tumor protein D52","Up"
23.5111963068698,3.41966249809273,1.07576429800167,3.17882133144321,0.00147875210943814,0.0173856009864381,"ENSG00000275484",NA,NA,"Up"
12.772575206955,-4.23142749963006,1.33131798961224,-3.17837476293887,0.00148103184342546,0.0173856009864381,"ENSG00000250548","LINC01303","long intergenic non-protein coding RNA 1303","Down"
32.8100966616898,3.03048132847876,0.95373816875971,3.17747724453532,0.001485623476432,0.0174208157972113,"ENSG00000290123",NA,NA,"Up"
43.1794085736461,-2.69610598885693,0.848466721625014,-3.17762137293169,0.00148488524403711,0.0174208157972113,"ENSG00000280832","GSEC","G-quadruplex forming sequence containing lncRNA","Down"
1723.43077000478,1.68088151014726,0.529265224427208,3.17587748555817,0.00149384025584673,0.0175079337945389,"ENSG00000165806","CASP7","caspase 7","Up"
1211.00913116705,-1.73423605430372,0.546167643513351,-3.17528157315919,0.00149691170590819,0.0175346880703144,"ENSG00000085117","CD82","CD82 molecule","Down"
43.4978112951019,3.63567464215867,1.14549784525968,3.17388169449979,0.00150414985811419,0.0176051149605941,"ENSG00000295811",NA,NA,"Up"
71.599576401239,2.77740970337069,0.875115546895052,3.17376341127187,0.00150476292320733,0.0176051149605941,"ENSG00000105852","PON3","paraoxonase 3","Up"
738.271228418451,-1.70066325342294,0.535934648156501,-3.17326610487463,0.00150734299470434,0.0176051149605941,"ENSG00000030066","NUP160","nucleoporin 160","Down"
31.3308548839876,3.20068311055784,1.00857142625885,3.17348184494014,0.00150622321524429,0.0176051149605941,"ENSG00000275494",NA,NA,"Up"
566.921039270591,1.34640443925816,0.424304651946815,3.173202162834,0.0015076750274354,0.0176051149605941,"ENSG00000125863","MKKS","MKKS centrosomal shuttling protein","Up"
68.9243580949496,-6.48136725539617,2.04225023724388,-3.17364010403695,0.00150540227292561,0.0176051149605941,"ENSG00000159263","SIM2","SIM bHLH transcription factor 2","Down"
119.161667670909,-2.86087146364269,0.901850889650012,-3.1722222558908,0.00151277183940159,0.0176368412718487,"ENSG00000158186","MRAS","muscle RAS oncogene homolog","Down"
3261.41286966298,1.67041552079557,0.526572921956731,3.17223968636357,0.00151268103940553,0.0176368412718487,"ENSG00000112695","COX7A2","cytochrome c oxidase subunit 7A2","Up"
172.254873373946,4.54486215020004,1.43269993295082,3.17223589229836,0.00151270080327881,0.0176368412718487,"ENSG00000229637","PRAC2","PRAC2 small nuclear protein","Up"
269.76911007569,2.86748755911154,0.904071867755993,3.17174735923259,0.00151524763584981,0.0176379584753135,"ENSG00000156869","FRRS1","ferric chelate reductase 1","Up"
4567.03332150974,4.0674688224995,1.28239050345356,3.1717864500287,0.00151504370145989,0.0176379584753135,"ENSG00000117115","PADI2","peptidyl arginine deiminase 2","Up"
15.3843111156785,5.10506350124234,1.60951588022015,3.17180064141031,0.00151496967211041,0.0176379584753135,"ENSG00000146166","LGSN","lengsin, lens protein with glutamine synthetase domain","Up"
143.299407597136,3.70152475373411,1.16708676306973,3.1715934674798,0.00151605072584476,0.0176380721024106,"ENSG00000174827","PDZK1","PDZ domain containing 1","Up"
63.2791513409533,3.06209031202334,0.96567493098279,3.17093279920499,0.00151950290524553,0.0176689895880355,"ENSG00000228065",NA,NA,"Up"
13.3704323171582,-8.17640677589172,2.57903583643475,-3.17033468879392,0.00152263444551943,0.0176961482630598,"ENSG00000288875","LOC105378415","uncharacterized LOC105378415","Down"
1601.87398081282,-1.30669984898998,0.412202567828766,-3.17004296182065,0.00152416400294194,0.0177046699463993,"ENSG00000108819","PPP1R9B","protein phosphatase 1 regulatory subunit 9B","Down"
16.986021636653,-5.21760097333067,1.64609948102857,-3.16967536498488,0.0015260933698516,0.0177178244866374,"ENSG00000288900",NA,NA,"Down"
68.7878187089411,-4.43189903821786,1.39841000721466,-3.16924150667748,0.00152837341063489,0.017735034466934,"ENSG00000182183","SHISAL2A","shisa like 2A","Down"
125.196740752473,2.45434523892386,0.774482353803523,3.16901376367124,0.0015295715160765,0.0177396784125868,"ENSG00000203780","FANK1","fibronectin type III and ankyrin repeat domains 1","Up"
24.1583432422715,6.97160955995863,2.20030816258816,3.16846961643688,0.0015324376574941,0.0177636529922139,"ENSG00000291166",NA,NA,"Up"
245.933505218019,2.93108256475458,0.925179775394334,3.16812217766572,0.0015342702794396,0.0177756285163005,"ENSG00000165457","FOLR2","folate receptor beta","Up"
6.2835405016561,-6.87532274389283,2.17046871507781,-3.16766728593291,0.00153667273088144,0.0177875204229276,"ENSG00000297976","LOC124905215","uncharacterized LOC124905215","Down"
17.1958688261729,3.27101466183333,1.03263952452812,3.1676248914916,0.00153689680800809,0.0177875204229276,"ENSG00000230490",NA,NA,"Up"
1241.21728576406,1.79743782047694,0.567648345374357,3.16646359515336,0.00154304659058771,0.017840204021276,"ENSG00000116704","SLC35D1","solute carrier family 35 member D1","Up"
2994.17981900657,3.10350642494966,0.980117926599388,3.16646226002371,0.00154305367394926,0.017840204021276,"ENSG00000204616","TRIM31","tripartite motif containing 31","Up"
283.409909029943,-7.999745435337,2.52692956441484,-3.16579676299348,0.00154658811421956,0.017871774190979,"ENSG00000170373","CST1","cystatin SN","Down"
75.0467653732656,-2.21123222516879,0.698513045628903,-3.16562767010016,0.00154748734997918,0.0178728759751102,"ENSG00000082014","SMARCD3","SWI/SNF related BAF chromatin remodeling complex subunit D3","Down"
33.5852600949175,3.14124624133259,0.99244370786096,3.16516313867614,0.00154996020633691,0.0178921418834312,"ENSG00000214787","MS4A4E","membrane spanning 4-domains A4E","Up"
1446.7331786167,1.63721288700297,0.517304563270629,3.16489163878971,0.00155140717560698,0.0178995514972859,"ENSG00000075239","ACAT1","acetyl-CoA acetyltransferase 1","Up"
4557.52720818634,1.22974512235253,0.388638136866726,3.16424201769534,0.0015548744071934,0.017930250360545,"ENSG00000141503","MINK1","misshapen like kinase 1","Up"
1226.09433130756,2.5226945061102,0.797391414886946,3.16368405655316,0.00155785811583211,0.0179553444734553,"ENSG00000070019","GUCY2C","guanylate cyclase 2C","Up"
42.9728100049357,-3.54322238011655,1.12050802544382,-3.16215707487961,0.00156605066065801,0.0180404167556526,"ENSG00000084110","HAL","histidine ammonia-lyase","Down"
9.32397993693069,4.50415922094285,1.42475998089115,3.16134596798937,0.00157041851721459,0.0180746629228052,"ENSG00000235641","LINC00484","long intergenic non-protein coding RNA 484","Up"
753.814286381321,1.60885557887903,0.508921639200691,3.1613031456196,0.00157064942953536,0.0180746629228052,"ENSG00000120162","MOB3B","MOB kinase activator 3B","Up"
26.5579906388994,-2.45754711302685,0.777467724538273,-3.16096351714967,0.00157248192559735,0.018086389369791,"ENSG00000197646","PDCD1LG2","programmed cell death 1 ligand 2","Down"
425.772022702279,-1.52371288947385,0.482083284422308,-3.16068392891854,0.00157399194619305,0.0180943965562099,"ENSG00000010295","IFFO1","intermediate filament family orphan 1","Down"
14.0495431809453,3.30964240750858,1.04722344426757,3.16039754994538,0.00157554002674498,0.018102832772414,"ENSG00000287165",NA,NA,"Up"
10.8146995964001,-7.02570874311208,2.22379440230553,-3.15933376567012,0.00158130281531228,0.0181596619281188,"ENSG00000184357","H1-5","H1.5 linker histone, cluster member","Down"
90.4114655335897,4.5933809407016,1.45438868678772,3.15828979036334,0.00158697715525104,0.0182154171877627,"ENSG00000112936","C7","complement C7","Up"
192.927493478811,-1.95790948394608,0.620081857293997,-3.15750164420274,0.00159127339324494,0.0182553051351986,"ENSG00000184867","ARMCX2","armadillo repeat containing X-linked 2","Down"
55.0943435029883,3.43576228282194,1.08819912158249,3.15729190979825,0.00159241847203833,0.0182590200561259,"ENSG00000166106","ADAMTS15","ADAM metallopeptidase with thrombospondin type 1 motif 15","Up"
95.9521643544564,3.02368555823975,0.957858401853777,3.15671455445597,0.00159557455594654,0.0182857778878142,"ENSG00000272720",NA,NA,"Up"
24.727985696805,-7.17567053435347,2.2735428769969,-3.15616239612412,0.00159859828747855,0.0183109921306082,"ENSG00000244355","LY6G6D","lymphocyte antigen 6 family member G6D","Down"
161.501995998123,-6.05487652250006,1.91928982030037,-3.15474841707464,0.00160636559057157,0.0183904872168784,"ENSG00000117322","CR2","complement C3d receptor 2","Down"
11.1261232532663,5.55110637169124,1.75987958802831,3.15425351225901,0.00160909241037522,0.0184053085431737,"ENSG00000301585","LOC105376106","uncharacterized LOC105376106","Up"
1822.93680558706,1.77267986612826,0.56200385715145,3.15421298905881,0.00160931587315835,0.0184053085431737,"ENSG00000167113","COQ4","coenzyme Q4","Up"
556.820703986085,2.47778955278497,0.785613473131098,3.15395501417462,0.00161073913023299,0.0184121146953574,"ENSG00000152939","MARVELD2","MARVEL domain containing 2","Up"
9.99987802637587,-5.36076746181062,1.70005273621894,-3.15329480527376,0.00161438680558779,0.0184443277742206,"ENSG00000258476","LINC01580","long intergenic non-protein coding RNA 1580","Down"
1782.70711175949,1.49073411812768,0.472899720772298,3.15232606966473,0.00161975286538142,0.0184961301777222,"ENSG00000137364","TPMT","thiopurine S-methyltransferase","Up"
184.221146302334,-2.82682299052065,0.896785945114042,-3.15217138038573,0.00162061124493886,0.0184964321400029,"ENSG00000197872","CYRIA","CYFIP related Rac1 interactor A","Down"
193.397749537606,-2.14768908605138,0.681419937774544,-3.15178492291484,0.00162275754915586,0.0185114256492469,"ENSG00000171476","HOPX","HOP homeobox","Down"
1731.4469038904,-1.71525196717939,0.544430359588364,-3.15054430189431,0.00162966539171574,0.0185806926430852,"ENSG00000130816","DNMT1","DNA methyltransferase 1","Down"
16.2398884455412,-5.57536016327875,1.77011791188529,-3.14971117225781,0.0016343194788241,0.0186051331145398,"ENSG00000283063","TRBV6-3","T cell receptor beta variable 6-3","Down"
1249.44904112782,-2.21053504628766,0.701793599262615,-3.1498364314099,0.00163361896700453,0.0186051331145398,"ENSG00000103222","ABCC1","ATP binding cassette subfamily C member 1 (ABCC1 blood group)","Down"
2072.94575122718,3.40907008791799,1.08232948721228,3.14975257368125,0.00163408791078073,0.0186051331145398,"ENSG00000142273","CBLC","Cbl proto-oncogene C","Up"
279.79766872831,-2.32239669270119,0.737381157808867,-3.1495199844843,0.00163538922945672,0.0186077833871603,"ENSG00000135245","HILPDA","hypoxia inducible lipid droplet associated","Down"
30.6260474126759,3.77241502779996,1.19787260377396,3.14926229710471,0.00163683208409128,0.0186146740284407,"ENSG00000275549","STPG3-AS1","STPG3 antisense RNA 1","Up"
814.969557680435,2.42670036622816,0.770694100693754,3.14872056765937,0.00163986918051203,0.0186396786760347,"ENSG00000137269","LRRC1","leucine rich repeat containing 1","Up"
311.296636488413,2.65441572846998,0.843085252503461,3.1484547032319,0.00164136159180934,0.0186471089783838,"ENSG00000108176","DNAJC12","DnaJ heat shock protein family (Hsp40) member C12","Up"
2145.95941658419,-1.6072737288398,0.510572466327983,-3.14798355735719,0.00164400940646739,0.0186676512430998,"ENSG00000091317","CMTM6","CKLF like MARVEL transmembrane domain containing 6","Down"
568.971159640565,-3.47156850718455,1.10292064132213,-3.1476140504751,0.00164608876491752,0.0186817210364529,"ENSG00000204252","HLA-DOA","major histocompatibility complex, class II, DO alpha","Down"
404.823803342624,-2.38097089714811,0.756868970260532,-3.14581650285983,0.00165623882787911,0.018787325438896,"ENSG00000185115","NSMCE3","NSE3 component of SMC5/6 complex","Down"
1158.96999041475,-3.85105018464981,1.22457883713383,-3.14479563738284,0.00166202887221864,0.0187883430445619,"ENSG00000117091","CD48","CD48 molecule","Down"
2553.85521511559,1.75146502565248,0.556919103166744,3.14491820390669,0.00166133272905039,0.0187883430445619,"ENSG00000176393","RNPEP","arginyl aminopeptidase","Up"
4590.98453904568,1.78261027656506,0.566745631417774,3.14534453861721,0.00165891335757225,0.0187883430445619,"ENSG00000068745","IP6K2","inositol hexakisphosphate kinase 2","Up"
1079.76999304944,3.1030857550716,0.986678061871689,3.1449830243364,0.00166096467582123,0.0187883430445619,"ENSG00000135540","NHSL1","NHS like 1","Up"
337.925254672267,-4.15460472314652,1.32112074301155,-3.14475777109965,0.00166224399625122,0.0187883430445619,"ENSG00000165071","TMEM71","transmembrane protein 71","Down"
619.88467948057,-1.4562032685927,0.463027293427557,-3.14496205572066,0.00166108372832678,0.0187883430445619,"ENSG00000103381","CPPED1","calcineurin like phosphoesterase domain containing 1","Down"
221.098426693227,2.5868287088116,0.822367058766097,3.14558892071011,0.00165752799602467,0.0187883430445619,"ENSG00000176472","ZNF575","zinc finger protein 575","Up"
145.613004950024,-3.90521021801332,1.24229858659176,-3.1435359100965,0.00166919933764566,0.0188573723952622,"ENSG00000110665","C11orf21","chromosome 11 open reading frame 21","Down"
178.771067604422,-2.15205222957665,0.684628881375134,-3.1433851070584,0.00167005962507385,0.0188575092149654,"ENSG00000101236","RNF24","ring finger protein 24","Down"
2784.54119865734,2.84823780665693,0.906162843899161,3.14318538420881,0.0016711996136573,0.0188608025433719,"ENSG00000110080","ST3GAL4","ST3 beta-galactoside alpha-2,3-sialyltransferase 4","Up"
40.1142772521869,3.5560361488728,1.13154055180509,3.14265020657017,0.00167425785903539,0.0188857305834266,"ENSG00000307172",NA,NA,"Up"
756.36622132221,-1.75538410680567,0.558658817397359,-3.14213980365249,0.00167717932638798,0.0189090912594239,"ENSG00000025293","PHF20","PHD finger protein 20","Down"
1271.01334894261,-2.60809093500818,0.830135214307477,-3.14176641354014,0.00167931952317487,0.0189236244088935,"ENSG00000168918","INPP5D","inositol polyphosphate-5-phosphatase D","Down"
618.684022833013,3.40319681676204,1.08356352500192,3.14074508622466,0.00168518640648,0.0189801161982117,"ENSG00000178828","RNF186","ring finger protein 186","Up"
1200.74938583568,-2.04534428386558,0.651267958761308,-3.14055721051557,0.00168626768533414,0.0189826782015362,"ENSG00000082512","TRAF5","TNF receptor associated factor 5","Down"
922.222173658208,2.54501604682644,0.810603960981304,3.13965409661394,0.00169147427919816,0.0190316536687311,"ENSG00000198561","CTNND1","catenin delta 1","Up"
53.9305297416134,-4.4890308882522,1.42992920520146,-3.13933785807232,0.00169330093706658,0.0190397580768913,"ENSG00000211747","TRBV20-1","T cell receptor beta variable 20-1","Down"
27.1908522438631,-5.81208124144698,1.85143356300338,-3.13923294769415,0.00169390732137323,0.0190397580768913,"ENSG00000104327","CALB1","calbindin 1","Down"
82.545360850196,4.32215597365444,1.37715772038092,3.13846112880878,0.00169837459555715,0.019080324599809,"ENSG00000290541","CYP4F29P","cytochrome P450 family 4 subfamily F member 29, pseudogene","Up"
4588.68504851175,-1.77551117857119,0.565781380672102,-3.138157668713,0.00170013398327664,0.0190861037166026,"ENSG00000114353","GNAI2","G protein subunit alpha i2","Down"
366.784327022281,-2.1124030620202,0.673152227100907,-3.1380763176225,0.00170060592194439,0.0190861037166026,"ENSG00000149308","NPAT","nuclear protein, coactivator of histone transcription","Down"
76.6389101035496,-4.05300858099035,1.29203995526702,-3.13690653641801,0.00170740546172034,0.019152747543102,"ENSG00000101115","SALL4","spalt like transcription factor 4","Down"
11.3774698533113,5.08241132768702,1.62027768695928,3.13675326679652,0.00170829821621549,0.0191530984574478,"ENSG00000261729","GS1-204I12.4","uncharacterized GS1-204I12.4","Up"
2125.39057806661,-5.3938164073904,1.71968444079406,-3.13651521141856,0.00170968567633059,0.0191589927630332,"ENSG00000015413","DPEP1","dipeptidase 1","Down"
1040.29765232985,-2.83374895524428,0.903873787432823,-3.13511575912902,0.0017178630923171,0.019231243772148,"ENSG00000181381","DDX60L","DExD/H-box 60 like","Down"
173.108724381753,3.65185171525061,1.16481288025384,3.13514022480141,0.00171771982371971,0.019231243772148,"ENSG00000104435","STMN2","stathmin 2","Up"
130.362369111381,-3.4605064617027,1.10402658213117,-3.1344412514259,0.00172181727439282,0.0192416878127465,"ENSG00000163376","KBTBD8","kelch repeat and BTB domain containing 8","Down"
14.2710478397799,4.61061825597217,1.47098902367035,3.13436618613778,0.00172225784857489,0.0192416878127465,"ENSG00000305437",NA,NA,"Up"
288.177199365352,-2.81383229118071,0.897656849887377,-3.1346413627142,0.00172064328496921,0.0192416878127465,"ENSG00000126882","FAM78A","family with sequence similarity 78 member A","Down"
739.245814989687,1.78381515351153,0.569080237359643,3.13455825102604,0.00172113078546037,0.0192416878127465,"ENSG00000089177","KIF16B","kinesin family member 16B","Up"
1176.9574192752,3.26910758894188,1.04322414091643,3.13365791753066,0.00172641993491057,0.0192785004584966,"ENSG00000167363","FN3K","fructosamine 3 kinase","Up"
13344.8263799576,3.78491356136658,1.20852540892341,3.13184442248367,0.00173711899757435,0.0193882362816619,"ENSG00000210135",NA,NA,"Up"
132.295276228546,-2.20731699701383,0.704835645535145,-3.13167617301467,0.00173811470201569,0.0193896157400476,"ENSG00000127585","FBXL16","F-box and leucine rich repeat protein 16","Down"
230.733631142158,-1.41804698409271,0.452995672085038,-3.13037645054258,0.00174582419498069,0.0194463473582193,"ENSG00000116793","PHTF1","putative homeodomain transcription factor 1","Down"
365.337625736414,4.51695150538275,1.44283522524894,3.13060800453039,0.00174444840110496,0.0194463473582193,"ENSG00000168079","SCARA5","scavenger receptor class A member 5","Up"
447.847290176921,-2.01474622801196,0.643589205124219,-3.13048480610095,0.00174518026886131,0.0194463473582193,"ENSG00000182022","CHST15","carbohydrate sulfotransferase 15","Down"
537.063535150404,-2.013114536594,0.643310535481409,-3.12930447359692,0.00175220642931377,0.0194979006721387,"ENSG00000186063","AIDA","axin interactor, dorsalization associated","Down"
7.61898921944689,6.06890477924945,1.93934252434473,3.12936198895552,0.00175186345597672,0.0194979006721387,"ENSG00000153930","ANKFN1","ankyrin repeat and fibronectin type III domain containing 1","Up"
24.8944736815377,-4.47874722424929,1.43146631473034,-3.1287828279026,0.00175531990682962,0.0195227751318373,"ENSG00000111537","IFNG","interferon gamma","Down"
685.739141419565,-2.59208903415941,0.828613018505235,-3.12822629655924,0.00175864720912522,0.0195500017002406,"ENSG00000125810","CD93","CD93 molecule","Down"
393.954675835755,-3.69559275321083,1.18162387057828,-3.12755424566892,0.0017626728901928,0.0195849607034765,"ENSG00000070190","DAPP1","dual adaptor of phosphotyrosine and 3-phosphoinositides 1","Down"
29.6558106191602,-5.91525588163733,1.89148637351106,-3.12730557538048,0.00176416460692141,0.0195917441087332,"ENSG00000197705","KLHL14","kelch like family member 14","Down"
74.1169614637686,-4.83446071720981,1.54601979245433,-3.12703675645384,0.00176577849615839,0.0195998768372888,"ENSG00000103355","PRSS33","serine protease 33","Down"
506.605111102372,2.29645480978032,0.734612369751101,3.12607696839954,0.00177155178876699,0.0196541471654973,"ENSG00000175701","MTLN","mitoregulin","Up"
365.706341950906,-1.39484157755818,0.446348759617095,-3.12500381709307,0.00177802752587407,0.0197063240193211,"ENSG00000181744","DIPK2A","divergent protein kinase domain 2A","Down"
476.928066469,1.35059599423471,0.432182013814393,3.12506293890966,0.00177767020037653,0.0197063240193211,"ENSG00000133678","TMEM254","transmembrane protein 254","Up"
23.3445768866607,-2.79292847216612,0.893912076224982,-3.12438834472484,0.00178175129379658,0.0197377561111008,"ENSG00000204420","MPIG6B","megakaryocyte and platelet inhibitory receptor G6b","Down"
10.1990883774801,6.07106187891062,1.9432961033035,3.12410541481051,0.00178346549741122,0.0197469065756691,"ENSG00000286722",NA,NA,"Up"
96.4753643503722,-2.37123223250282,0.759084995140791,-3.12380332595431,0.00178529745373726,0.0197573510646791,"ENSG00000073464","CLCN4","chloride voltage-gated channel 4","Down"
14.7057080863818,-8.05331675140052,2.57902261286374,-3.12262355174084,0.00179246853478794,0.0198268422556917,"ENSG00000261026",NA,NA,"Down"
557.956735126425,2.43347412293683,0.77954181947479,3.12167232359178,0.00179826970143272,0.0198811189815782,"ENSG00000157326","DHRS4","dehydrogenase/reductase 4","Up"
1160.02801436585,1.9497613153262,0.624662829766268,3.12130196070054,0.00180053306275745,0.0198962483023292,"ENSG00000106351","AGFG2","ArfGAP with FG repeats 2","Up"
83.8449888924261,-2.95484754798941,0.946964015815315,-3.12033773051593,0.00180643795250457,0.019951582214622,"ENSG00000113296","THBS4","thrombospondin 4","Down"
748.785350396838,1.46575671526611,0.469939333139276,3.1190339090678,0.0018144507845764,0.0200082180705879,"ENSG00000052795","FNIP2","folliculin interacting protein 2","Up"
187.742995886841,-1.67072639171968,0.535626206591026,-3.11920210617206,0.00181341527192826,0.0200082180705879,"ENSG00000235106","BRD3OS","BRD3 opposite strand","Down"
877.726009873582,3.77788972198612,1.21122409339107,3.1190675140957,0.00181424385035912,0.0200082180705879,"ENSG00000101049","SGK2","serum/glucocorticoid regulated kinase 2","Up"
6.03934367066761,6.06351708791561,1.94410925797582,3.1189178607322,0.00181516555788134,0.0200082180705879,"ENSG00000283051","LINC01668","long intergenic non-protein coding RNA 1668","Up"
505.080799219745,-3.13647216493849,1.00573789528958,-3.11857809040338,0.00181725978403557,0.0200213760051848,"ENSG00000106560","GIMAP2","GTPase, IMAP family member 2","Down"
1906.92128774953,1.02101879788732,0.327414751554899,3.11842637828162,0.00181819560167816,0.0200217646419567,"ENSG00000166900","STX3","syntaxin 3","Up"
21.1801660896034,3.6399831927653,1.16732682018027,3.11822116123672,0.00181946216257335,0.020025793198264,"ENSG00000087250","MT3","metallothionein 3","Up"
11.9197304051371,-7.98020303903056,2.55935777771549,-3.11804903109474,0.00182052514253591,0.0200275781761509,"ENSG00000289865",NA,NA,"Down"
118.445443723549,-2.06361858247447,0.661865726357505,-3.11788101467549,0.00182156326880501,0.0200290881084777,"ENSG00000155099","PIP4P2","phosphatidylinositol-4,5-bisphosphate 4-phosphatase 2","Down"
20.0301950224571,-6.88605699625149,2.20893031242326,-3.11737176927836,0.00182471307711857,0.02005380417379,"ENSG00000290039",NA,NA,"Down"
14.3303198543946,-4.58642988576431,1.4714411032283,-3.11696463806932,0.00182723488338455,0.020071597412198,"ENSG00000108001","EBF3","EBF transcription factor 3","Down"
417.735665521981,1.86068324004599,0.597107828461381,3.11615951316628,0.00183223132869427,0.0201028969084591,"ENSG00000081026","MAGI3","membrane associated guanylate kinase, WW and PDZ domain containing 3","Up"
32.9228079996562,-3.57045390878503,1.1457254476672,-3.11632591914127,0.00183119761819079,0.0201028969084591,"ENSG00000129048","ACKR4","atypical chemokine receptor 4","Down"
682.394057335819,-2.35932023755235,0.757146457563093,-3.11606851486292,0.0018327968350401,0.0201028969084591,"ENSG00000150867","PIP4K2A","phosphatidylinositol-5-phosphate 4-kinase type 2 alpha","Down"
263.253164930868,-2.56696744627499,0.823833265945141,-3.11588224509245,0.00183395490336209,0.0201056801609711,"ENSG00000108622","ICAM2","intercellular adhesion molecule 2","Down"
15.1968515253254,3.77172037750836,1.21063035607196,3.11550124163925,0.00183632575591826,0.020121749892228,"ENSG00000138347","MYPN","myopalladin","Up"
1684.80025316004,1.67877930143993,0.539027221842794,3.11446107619689,0.00184281269178769,0.0201828840278403,"ENSG00000111424","VDR","vitamin D receptor","Up"
31.1810962694183,3.94385446017585,1.26663533307734,3.11364633307213,0.00184790849106622,0.0201988935505779,"ENSG00000145864","GABRB2","gamma-aminobutyric acid type A receptor subunit beta2","Up"
139.331219802021,-2.32629332068704,0.747090113262403,-3.11380552277496,0.00184691182482685,0.0201988935505779,"ENSG00000155265","GOLGA7B","golgin A7 family member B","Down"
165.287062992967,-2.11848906735277,0.68033602683604,-3.11388634996295,0.00184640596527513,0.0201988935505779,"ENSG00000155330","C16orf87","chromosome 16 open reading frame 87","Down"
192.271778033411,-1.7588382785172,0.56486427941402,-3.11373606477964,0.00184734663164486,0.0201988935505779,"ENSG00000103047","TANGO6","transport and golgi organization 6 homolog","Down"
9.91462145184761,5.71611272992205,1.83632271513611,3.11280402012473,0.00185319033370205,0.0202466735573453,"ENSG00000261583",NA,NA,"Up"
22943.9646755616,-1.44941222260581,0.466011566626231,-3.11024945818206,0.0018692940121455,0.0204125804381291,"ENSG00000109971","HSPA8","heat shock protein family A (Hsp70) member 8","Down"
732.905666598397,-2.25560862297377,0.725334590203851,-3.10974914672116,0.00187246293499005,0.0204371469973656,"ENSG00000157654","PALM2AKAP2","PALM2 and AKAP2 fusion","Down"
7975.30053113279,2.24910704104654,0.723371169554786,3.10920193630444,0.00187593456103973,0.0204649917053956,"ENSG00000107223","EDF1","endothelial differentiation related factor 1","Up"
179.433711465908,2.90761592509581,0.93523297236979,3.10897499446389,0.00187737606487512,0.0204706729035647,"ENSG00000189129","PLAC9","placenta associated 9","Up"
650.74713718123,1.49551431086764,0.481068888613926,3.10873213018737,0.00187891983288415,0.0204774630610359,"ENSG00000178537","SLC25A20","solute carrier family 25 member 20","Up"
1590.09441100569,-1.96751872569237,0.633041703655281,-3.10803966678911,0.00188332788438653,0.0205154477479499,"ENSG00000173757","STAT5B","signal transducer and activator of transcription 5B","Down"
13.686920872183,5.2596039457765,1.69234743828849,3.10787479378091,0.00188437882450532,0.0205168434893373,"ENSG00000129990","SYT5","synaptotagmin 5","Up"
956.749821377391,-2.54939818590803,0.82043505660313,-3.1073735396722,0.00188757724768719,0.0205416079039791,"ENSG00000149311","ATM","ATM serine/threonine kinase","Down"
19936.221901467,3.13459089577046,1.00950804598322,3.10506776864515,0.00190235433148216,0.0206840753250049,"ENSG00000165215","CLDN3","claudin 3","Up"
485.144662233863,-1.98582070056181,0.639547425872732,-3.10504056497756,0.00190252930507062,0.0206840753250049,"ENSG00000135127","BICDL1","BICD family like cargo adaptor 1","Down"
42.5348811630144,3.46561913298141,1.11646044054169,3.10411278997037,0.00190850559545404,0.0207048476275714,"ENSG00000175262","CIROZ","ciliated left-right organizer protein containing ZP-N domains","Up"
10456.3071417018,2.52926168386958,0.814757498588958,3.10431225027065,0.00190721931305439,0.0207048476275714,"ENSG00000161013","MGAT4B","alpha-1,3-mannosyl-glycoprotein 4-beta-N-acetylglucosaminyltransferase B","Up"
558.975569198537,1.75828507945754,0.566453946746275,3.10402123518985,0.00190909628194672,0.0207048476275714,"ENSG00000155324","GRAMD2B","GRAM domain containing 2B","Up"
5918.41589111671,2.02875297783399,0.653543333231954,3.10423635996904,0.00190770862164027,0.0207048476275714,"ENSG00000159069","FBXW5","F-box and WD repeat domain containing 5","Up"
18.7634838875322,6.68003565785113,2.15198780228474,3.10412338339419,0.00190843726040537,0.0207048476275714,"ENSG00000306882",NA,NA,"Up"
590.973135815626,-1.22220565725578,0.393846460561849,-3.10325413490379,0.00191405200441401,0.0207484730444353,"ENSG00000144635","DYNC1LI1","dynein cytoplasmic 1 light intermediate chain 1","Down"
426.422717457687,-2.1686183207654,0.698904982816151,-3.10288003961171,0.00191647306712437,0.0207645934217233,"ENSG00000117000","RLF","RLF zinc finger","Down"
85.6838586111078,-2.27830615295076,0.734476688048064,-3.10194481325957,0.00192253795537945,0.0208169658848987,"ENSG00000154319","FAM167A","family with sequence similarity 167 member A","Down"
15.040743427895,3.08763855074568,0.995427216480042,3.10182251361779,0.00192333236316608,0.0208169658848987,"ENSG00000260038",NA,NA,"Up"
564.43119184371,-1.19249011671713,0.38446315347863,-3.10170196006421,0.00192411572407983,0.0208169658848987,"ENSG00000108578","BLMH","bleomycin hydrolase","Down"
527.771136213648,2.82457350486715,0.910785389430993,3.10125034683723,0.00192705292681076,0.0208386029775212,"ENSG00000196517","SLC6A9","solute carrier family 6 member 9","Up"
3004.39250588533,-4.33732330679481,1.39904036793119,-3.1002131219477,0.00193381442465033,0.0209015537692031,"ENSG00000115461","IGFBP5","insulin like growth factor binding protein 5","Down"
1664.58423938252,2.74251037249969,0.884662956701731,3.10006240424549,0.00193479873911576,0.0209020312763657,"ENSG00000169562","GJB1","gap junction protein beta 1","Up"
819.142177010386,-3.086818199028,0.995937054742784,-3.09941093599055,0.00193905867349751,0.0209378783331083,"ENSG00000107099","DOCK8","dedicator of cytokinesis 8","Down"
1551.97905814733,2.91053527546302,0.939157813727218,3.09909073099444,0.00194115564093402,0.02094018115715,"ENSG00000115129","TP53I3","tumor protein p53 inducible protein 3","Up"
12.9045375260313,5.51688870588496,1.78008656131072,3.09922496230899,0.00194027632980473,0.02094018115715,"ENSG00000309487",NA,NA,"Up"
87.8227384534361,-5.03726269255315,1.62568868905575,-3.09854077626568,0.00194476205945989,0.0209560668613306,"ENSG00000290021",NA,NA,"Down"
58.6958354228291,2.64791113418725,0.854596295730706,3.09843507093979,0.00194545594394757,0.0209560668613306,"ENSG00000196275","GTF2IRD2","GTF2I repeat domain containing 2","Up"
7474.71939140335,3.8833543418916,1.25328118163573,3.09854994936029,0.00194470185496924,0.0209560668613306,"ENSG00000130529","TRPM4","transient receptor potential cation channel subfamily M member 4","Up"
926.374802045257,2.7758278040643,0.895978107342586,3.09809780095769,0.00194767141484902,0.0209697717028272,"ENSG00000140450","ARRDC4","arrestin domain containing 4","Up"
125.358290025828,-2.46124445934104,0.794610246671402,-3.09742351001779,0.00195210766717906,0.0209971987249115,"ENSG00000184661","CDCA2","cell division cycle associated 2","Down"
1191.76082550352,2.48152736862245,0.801157817578868,3.09742639237014,0.00195208868406195,0.0209971987249115,"ENSG00000119411","BSPRY","B-box and SPRY domain containing","Up"
613.509167403762,3.72709658643965,1.20360776480277,3.09660397301474,0.0019575120020239,0.0210403640276941,"ENSG00000186564","FOXD2","forkhead box D2","Up"
1102.5755350217,1.53745475024759,0.496509229870001,3.09652803564223,0.00195801345627217,0.0210403640276941,"ENSG00000166387","PPFIBP2","PPFIB scaffold protein 2","Up"
159.726988629676,2.18689417257074,0.706363352015818,3.09599042239349,0.00196156697241925,0.021065723583961,"ENSG00000072201","LNX1","ligand of numb-protein X 1","Up"
643.685566468424,1.38863544659217,0.448542407882259,3.09588440733721,0.00196226840922877,0.021065723583961,"ENSG00000171503","ETFDH","electron transfer flavoprotein dehydrogenase","Up"
43.3314084136741,-2.97246022796566,0.960202429665379,-3.09565997349281,0.00196375411053658,0.0210714986194787,"ENSG00000061337","LZTS1","leucine zipper tumor suppressor 1","Down"
418.218140903811,2.58892661646215,0.836771466523119,3.09394705727651,0.00197512728975395,0.0211833116416303,"ENSG00000102934","PLLP","plasmolipin","Up"
2792.45388349772,1.95463233505139,0.631798694383415,3.09375811065731,0.00197638552644783,0.0211865860219453,"ENSG00000100075","SLC25A1","solute carrier family 25 member 1","Up"
244.997334409155,-4.29901136406178,1.38979410469247,-3.09327212537935,0.00197962518898817,0.021211087627361,"ENSG00000142178","SIK1","salt inducible kinase 1","Down"
137.048176099823,4.25118458451546,1.37462693874875,3.09260968534859,0.00198404898040984,0.0212380168422975,"ENSG00000113805","CNTN3","contactin 3","Up"
591.336333751467,1.24643391116572,0.403028217488179,3.09267157256124,0.00198363531209728,0.0212380168422975,"ENSG00000129465","RIPK3","receptor interacting serine/threonine kinase 3","Up"
6.43364791534505,-5.97272905135427,1.93227171432525,-3.09103994385176,0.00199456800430257,0.0213300771715532,"ENSG00000207973","MIR589","microRNA 589","Down"
1489.13925644371,1.74703363575703,0.565173750202038,3.09114433416715,0.00199386688677431,0.0213300771715532,"ENSG00000099337","KCNK6","potassium two pore domain channel subfamily K member 6","Up"
412.819922375343,-4.32608107272698,1.3997400305207,-3.09063181619353,0.0019973112876401,0.0213491451240876,"ENSG00000078589","P2RY10","P2Y receptor family member 10","Down"
11.7038751787996,6.21202853530092,2.01043734625131,3.08988914620193,0.00200231212671039,0.0213923140380356,"ENSG00000230731",NA,NA,"Up"
1059.96427667438,2.85591855657833,0.924535537410868,3.08903058997195,0.00200810761623976,0.0214439272967621,"ENSG00000129521","EGLN3","egl-9 family hypoxia inducible factor 3","Up"
508.458761440485,-1.66089025249492,0.537802954513891,-3.08828770566381,0.00201313470731382,0.0214872894612137,"ENSG00000095002","MSH2","mutS homolog 2","Down"
292.738767855394,-1.85197054774618,0.599770850513737,-3.08779685801646,0.00201646260225708,0.0215008398510552,"ENSG00000082516","GEMIN5","gem nuclear organelle associated protein 5","Down"
126.693465637658,-2.76478619649077,0.895509842966639,-3.08738783633198,0.00201923958120826,0.0215008398510552,"ENSG00000037280","FLT4","fms related receptor tyrosine kinase 4","Down"
1370.54321157257,1.62986992139661,0.527894455010238,3.0874920278619,0.00201853185868381,0.0215008398510552,"ENSG00000125356","NDUFA1","NADH:ubiquinone oxidoreductase subunit A1","Up"
467.867745650766,-2.28093316468969,0.738699588642394,-3.08776828870538,0.00201665645453579,0.0215008398510552,"ENSG00000178764","ZHX2","zinc fingers and homeoboxes 2","Down"
46.6307459295544,2.11336893775938,0.684475846098958,3.08757270224235,0.00201798403311326,0.0215008398510552,"ENSG00000261652","PIERCE2","piercer of microtubule wall 2","Up"
1385.46581237757,1.48228743665819,0.480323355152128,3.08601990879399,0.00202855239278704,0.0215896626849374,"ENSG00000106608","URGCP","upregulator of cell proliferation","Up"
42.1815292857895,-4.78720307557202,1.55134212545232,-3.08584611803552,0.00202973837276034,0.0215919489194165,"ENSG00000101842","VSIG1","V-set and immunoglobulin domain containing 1","Down"
1493.89820285361,-1.88644263597422,0.611369401552243,-3.08560198005432,0.0020314054897437,0.0215993487582361,"ENSG00000147454","SLC25A37","solute carrier family 25 member 37","Down"
23.0522800613857,-3.72611614455319,1.2080266733847,-3.08446512535457,0.00203918515871258,0.021671703457771,"ENSG00000124134","KCNS1","potassium voltage-gated channel modifier subfamily S member 1","Down"
629.615668007713,2.7463315135116,0.890813758564153,3.0829468978322,0.00204961725162206,0.0217467124464449,"ENSG00000186314","PRELID2","PRELI domain containing 2","Up"
6296.54074852008,2.22390718819484,0.721359144485924,3.0829403150905,0.00204966258958053,0.0217467124464449,"ENSG00000203485","INF2","inverted formin 2","Up"
165.994319756063,-2.63726425381431,0.855487046596288,-3.0827635138453,0.00205088063430515,0.0217467124464449,"ENSG00000125430","HS3ST3B1","heparan sulfate-glucosamine 3-sulfotransferase 3B1","Down"
120.287497050278,-2.94737027617747,0.956091952633174,-3.08272679009599,0.0020511337201545,0.0217467124464449,"ENSG00000132530","XAF1","XIAP associated factor 1","Down"
7099.40144261256,2.12032101530495,0.687746640083265,3.08299727214697,0.00204927033415438,0.0217467124464449,"ENSG00000063245","EPN1","epsin 1","Up"
331.559513080166,-3.63165972631799,1.1783124468906,-3.08208551636829,0.00205555775147704,0.0217832294988508,"ENSG00000141682","PMAIP1","phorbol-12-myristate-13-acetate-induced protein 1","Down"
21.3093952364085,2.51576987473871,0.816415319376325,3.08148293525476,0.00205972282552154,0.0218108383639969,"ENSG00000261465","COQ7-DT","COQ7 divergent transcript","Up"
2150.25890446242,1.75629522260961,0.569962058548404,3.08142480059566,0.00206012506474131,0.0218108383639969,"ENSG00000177728","TMEM94","transmembrane protein 94","Up"
701.88713738104,1.93039663769108,0.62690794595741,3.07923459917706,0.00207533187855338,0.0219613772755246,"ENSG00000165140","FBP1","fructose-bisphosphatase 1","Up"
117.791008369304,-2.36085643936192,0.766774160295562,-3.07894626815789,0.00207734144483725,0.0219721847493181,"ENSG00000167995","BEST1","bestrophin 1","Down"
983.302603543794,-1.89664452868051,0.6162351063256,-3.07779370115661,0.00208539227445387,0.0220413760244068,"ENSG00000163950","SLBP","stem-loop histone mRNA binding protein","Down"
547.919514353937,1.36233444994102,0.442663552113774,3.0775844169589,0.00208685721816112,0.0220413760244068,"ENSG00000072415","PALS1","protein associated with LIN7 1, MAGUK p55 family member","Up"
118.472657648106,-2.7073286897318,0.879678137552728,-3.07763552844864,0.00208649936180168,0.0220413760244068,"ENSG00000119699","TGFB3","transforming growth factor beta 3","Down"
1036.67474312867,1.89647092787411,0.616286284195511,3.07725642531494,0.00208915498702612,0.0220551675339752,"ENSG00000101473","ACOT8","acyl-CoA thioesterase 8","Up"
109090.76784549,2.95539508860049,0.960607031439903,3.07659114692353,0.00209382277082362,0.0220887881055515,"ENSG00000170421","KRT8","keratin 8","Up"
16.3493494633978,5.92219250079867,1.92496510432155,3.07651940676916,0.00209432669124736,0.0220887881055515,"ENSG00000258534",NA,NA,"Up"
30.8944492704452,3.15043790974914,1.02458968895083,3.07482882535657,0.00210623399295179,0.0222038408559967,"ENSG00000294213",NA,NA,"Up"
215.138905020866,-2.48260958690268,0.807505612636843,-3.07441774775525,0.00210913871160785,0.0222239246327854,"ENSG00000101190","TCFL5","transcription factor like 5","Down"
17.3934523824298,4.47085860393213,1.45475969277474,3.07326263309139,0.00211732055315275,0.0222699464773326,"ENSG00000308009",NA,NA,"Up"
193.352986591198,-1.75081985809598,0.569725376622683,-3.07309438886994,0.00211851467636209,0.0222699464773326,"ENSG00000198945","L3MBTL3","L3MBTL histone methyl-lysine binding protein 3","Down"
647.662065073802,1.27484751334702,0.414819573070946,3.07325785981893,0.0021173544232242,0.0222699464773326,"ENSG00000136783","NIPSNAP3A","nipsnap homolog 3A","Up"
618.832898469871,-3.37870990850508,1.09941842825145,-3.07317925703563,0.0021179122424179,0.0222699464773326,"ENSG00000165272","AQP3","aquaporin 3 (Gill blood group)","Down"
385.449624724634,2.05482033514959,0.668564202822593,3.07348243665215,0.00211576141447811,0.0222699464773326,"ENSG00000099977","DDT","D-dopachrome tautomerase","Up"
368.962183430409,-2.19959191838229,0.715831806232899,-3.07277757041525,0.00212076499050798,0.0222771485658651,"ENSG00000173706","HEG1","heart development protein with EGF like domains 1","Down"
6.54594079917882,5.85212542134219,1.90454495110148,3.07271583060177,0.0021212037742966,0.0222771485658651,"ENSG00000255007",NA,NA,"Up"
24.1055306147842,-5.21505953353371,1.69746023557625,-3.07227198860615,0.00212436060296503,0.0222997683124276,"ENSG00000288879",NA,NA,"Down"
31.5776373765235,2.51334556951129,0.818297170578601,3.07143377721098,0.00213033413962537,0.022341376852024,"ENSG00000254854",NA,NA,"Up"
105.008354734808,-2.73506596390322,0.89046869020909,-3.07149032186747,0.00212993068861332,0.022341376852024,"ENSG00000165490","DDIAS","DNA damage induced apoptosis suppressor","Down"
6181.69113119647,2.97980258055715,0.970218635903518,3.07126916582282,0.00213150905508862,0.0223431592747691,"ENSG00000099624","ATP5F1D","ATP synthase F1 subunit delta","Up"
14.3590992339578,3.4019060413165,1.10771105655549,3.07111319435142,0.00213262285124192,0.0223435064832382,"ENSG00000230929",NA,NA,"Up"
30.9403104296546,-3.42409681318179,1.11518803808747,-3.07042103774183,0.00213757200062285,0.0223435064832382,"ENSG00000054598","FOXC1","forkhead box C1","Down"
53.8923920982372,-5.15591560213427,1.67900570991129,-3.07081481122936,0.00213475509968633,0.0223435064832382,"ENSG00000180447","GAS1","growth arrest specific 1","Down"
1342.26485602159,-1.6199700430884,0.527572606441737,-3.07061061038488,0.00213621544719514,0.0223435064832382,"ENSG00000126261","UBA2","ubiquitin like modifier activating enzyme 2","Down"
529.471508968385,-2.95181759042225,0.961351497728079,-3.07048732684992,0.00213709755591381,0.0223435064832382,"ENSG00000129355","CDKN2D","cyclin dependent kinase inhibitor 2D","Down"
1353.6357871321,3.82315421352242,1.24501368593813,3.07077284105647,0.00213505517568226,0.0223435064832382,"ENSG00000089356","FXYD3","FXYD domain containing ion transport regulator 3","Up"
11.0459113289953,5.02267822771742,1.63595767975476,3.07017613589511,0.00213932565086269,0.0223513285693751,"ENSG00000185960","SHOX","SHOX homeobox","Up"
10.2429131067062,-4.1739298716839,1.36001380772823,-3.06903492300276,0.00214751485704277,0.0223825110975111,"ENSG00000144130","NT5DC4","5'-nucleotidase domain containing 4","Down"
17.6892368458016,6.72377437279797,2.19054445325104,3.06945351545779,0.00214450775615101,0.0223825110975111,"ENSG00000207923","MIR559","microRNA 559","Up"
8994.71899204911,1.37382471983103,0.44765758289732,3.06891868320289,0.00214835059065752,0.0223825110975111,"ENSG00000005022","SLC25A5","solute carrier family 25 member 5","Up"
1101.32701584982,2.21158066660695,0.720555430245778,3.06927208341569,0.00214581066041449,0.0223825110975111,"ENSG00000158856","DMTN","dematin actin binding protein","Up"
76.2097245269366,2.71595516961172,0.88479428868835,3.06958939985694,0.00214353241485068,0.0223825110975111,"ENSG00000226051","ZNF503-AS1","ZNF503 antisense RNA 1","Up"
245.259807625845,-3.16202332618822,1.03024767863114,-3.06918752817722,0.00214641811848852,0.0223825110975111,"ENSG00000275832","ARHGAP23","Rho GTPase activating protein 23","Down"
764.440385964926,1.83995601406408,0.599583003306039,3.06872610450723,0.00214973583714994,0.0223864528652714,"ENSG00000160404","TOR2A","torsin family 2 member A","Up"
96.4801599195808,-1.93006127351128,0.62908092833143,-3.06806515122078,0.00215449640092947,0.0224255236338319,"ENSG00000102781","KATNAL1","katanin catalytic subunit A1 like 1","Down"
948.156971977034,-2.77209969941681,0.903894528085428,-3.06683978415988,0.00216334777378888,0.0225071179478934,"ENSG00000069424","KCNAB2","potassium voltage-gated channel subfamily A regulatory beta subunit 2","Down"
16.3185053493042,-3.79797488586588,1.23896035346407,-3.0654531238606,0.00217340444035429,0.0226011697485486,"ENSG00000233885",NA,NA,"Down"
507.253811082568,-2.17460164635038,0.709429900422734,-3.06528050911666,0.00217465931288156,0.0226036467991097,"ENSG00000112531","QKI","QKI, KH domain containing RNA binding","Down"
55.9210817697751,-2.66199594828468,0.868634007087051,-3.06457717124343,0.00217977929944796,0.022646277179732,"ENSG00000160013","PTGIR","prostaglandin I2 receptor","Down"
2292.4878554711,2.54804328472256,0.831890588309736,3.06295481705083,0.00219163148294916,0.0227587775620778,"ENSG00000101213","PTK6","protein tyrosine kinase 6","Up"
12461.1395718343,-2.79222821912631,0.911669933260922,-3.06276220949711,0.00219304250209597,0.0227627982955648,"ENSG00000135821","GLUL","glutamate-ammonia ligase","Down"
318.21269320478,-1.96889347305549,0.642933251827484,-3.06236062213157,0.00219598715985183,0.0227805080380507,"ENSG00000110987","BCL7A","BAF chromatin remodeling complex subunit BCL7A","Down"
36.4754090129123,2.68298034157617,0.876152129608471,3.0622311478888,0.00219693730793774,0.0227805080380507,"ENSG00000260459",NA,NA,"Up"
1913.69090305136,1.2776540668282,0.417246223636128,3.06211055835084,0.00219782259441455,0.0227805080380507,"ENSG00000154723","ATP5PF","ATP synthase peripheral stalk subunit F6","Up"
1805.97792732235,-1.70078446292098,0.555500963564837,-3.06171289426119,0.0022007442915136,0.0228001620844464,"ENSG00000135047","CTSL","cathepsin L","Down"
131.601443625421,-3.21352390084832,1.04969823229948,-3.06137878674782,0.00220320178041552,0.0228149907703672,"ENSG00000115523","GNLY","granulysin","Down"
18.9610446696941,2.93757080747166,0.960070700865425,3.05974425094285,0.00221526070849627,0.0229291859087512,"ENSG00000099957","P2RX6","purinergic receptor P2X 6","Up"
390.55567829249,-1.77632165446362,0.58059998259933,-3.05945867671417,0.0022173737536496,0.0229403772288932,"ENSG00000170779","CDCA4","cell division cycle associated 4","Down"
533.984225340642,-3.71950073370687,1.21616290984012,-3.05839020711118,0.00222529605945316,0.0230116312975917,"ENSG00000166501","PRKCB","protein kinase C beta","Down"
351.85798945615,-2.11276775984604,0.690892457736063,-3.05802695656748,0.00222799533015872,0.0230288331824356,"ENSG00000189057","FAM111B","FAM111 trypsin like peptidase B","Down"
10.3693890548989,5.95793127822766,1.94858545126592,3.05756736218934,0.00223141481976063,0.0230534598920716,"ENSG00000135638","EMX1","empty spiracles homeobox 1","Up"
41.2900152822917,3.46197362446148,1.13240371909001,3.05719026359565,0.00223422411253244,0.0230610513899414,"ENSG00000276409","CCL14","C-C motif chemokine ligand 14","Up"
687.94682441091,-1.20956892585504,0.395633070645331,-3.05729984574361,0.00223340741831819,0.0230610513899414,"ENSG00000175931","UBE2O","ubiquitin conjugating enzyme E2 O","Down"
115.035724612659,-4.20909346030636,1.37739104116846,-3.05584495216095,0.00224427278113138,0.023143282348281,"ENSG00000172061","LRRC15","leucine rich repeat containing 15","Down"
481.354743537051,3.78380268320509,1.23817165735714,3.05595969728589,0.00224341409129154,0.023143282348281,"ENSG00000205436","EXOC3L4","exocyst complex component 3 like 4","Up"
227.175220669729,-2.43510484063935,0.797045329666803,-3.05516480682136,0.00224936880337796,0.0231743357764143,"ENSG00000117020","AKT3","AKT serine/threonine kinase 3","Down"
184.055027683964,-2.80602595282307,0.918429104009287,-3.05524502715966,0.00224876719754787,0.0231743357764143,"ENSG00000196839","ADA","adenosine deaminase","Down"
339.033469544068,-2.31305362704824,0.757241753412397,-3.05457750662164,0.00225377770669513,0.0232090040541699,"ENSG00000100077","GRK3","G protein-coupled receptor kinase 3","Down"
21.446991533646,-2.99039115918515,0.979055212450732,-3.05436416777734,0.0022553812156673,0.0232147641518199,"ENSG00000255320","LOC124902694","uncharacterized LOC124902694","Down"
125.339054828311,2.03275047768927,0.665602725601639,3.05399962996225,0.00225812359372691,0.0232322359367563,"ENSG00000171174","RBKS","ribokinase","Up"
415.547601232165,-3.79337457026796,1.24243748006128,-3.05317139183606,0.00226436569803354,0.0232768392881231,"ENSG00000162739","SLAMF6","SLAM family member 6","Down"
27.605248530974,-6.08889048814006,1.99430007815303,-3.05314659255248,0.00226455284398013,0.0232768392881231,"ENSG00000211978","IGHV5-78","immunoglobulin heavy variable 5-78 (pseudogene)","Down"
6.82896208193765,-6.86950629060961,2.25025513352978,-3.05276774542183,0.00226741354793835,0.0232954738499599,"ENSG00000170577","SIX2","SIX homeobox 2","Down"
1434.16143714618,1.38148363829195,0.452595401570488,3.05235898000346,0.00227050388017741,0.0233146785888137,"ENSG00000173915","ATP5MK","ATP synthase membrane subunit k","Up"
13.1679450421104,4.78506077993438,1.56771938180845,3.05224317276384,0.00227138010270186,0.0233146785888137,"ENSG00000139352","ASCL1","achaete-scute family bHLH transcription factor 1","Up"
825.232228558965,-2.14253127050984,0.701993152927103,-3.05206861573524,0.00227270142418078,0.0233174761254321,"ENSG00000143401","ANP32E","acidic nuclear phosphoprotein 32 family member E","Down"
488.173849183586,-3.49567978539395,1.1455082502107,-3.05164086312864,0.00227594230464775,0.0233399563003845,"ENSG00000182162","P2RY8","P2Y receptor family member 8","Down"
41.103138182509,4.56992215533957,1.49774397491658,3.05120383181252,0.00227925785754527,0.0233617867195344,"ENSG00000242366","UGT1A8","UDP glucuronosyltransferase family 1 member A8","Up"
437.039105569206,-3.42717945343792,1.12326640989364,-3.05108336121475,0.00228017258945665,0.0233617867195344,"ENSG00000126860","EVI2A","ecotropic viral integration site 2A","Down"
14.478609178192,-4.91276249153704,1.61032570032533,-3.05078810488122,0.0022824158898249,0.0233739992991603,"ENSG00000101188","NTSR1","neurotensin receptor 1","Down"
620.117060732673,1.42901203625915,0.46845501802962,3.05047866125921,0.00228476915212621,0.0233873262243195,"ENSG00000205476","CCDC85C","coiled-coil domain containing 85C","Up"
25.3564787416362,3.24046322823032,1.06237828314595,3.05019716577278,0.00228691180429923,0.023398486030826,"ENSG00000261121","LINC02473","long intergenic non-protein coding RNA 2473","Up"
24158.9904352695,-1.14752865360366,0.376328706734054,-3.04927217368672,0.00229396551167341,0.0234490736648436,"ENSG00000070756","PABPC1","poly(A) binding protein cytoplasmic 1","Down"
150.358135336978,5.18846544530254,1.70147181571749,3.04939840752791,0.00229300171809252,0.0234490736648436,"ENSG00000234928","LINC01659","long intergenic non-protein coding RNA 1659","Up"
29.2138332813368,-5.34443462968121,1.75280964207549,-3.04906733816966,0.00229553021754197,0.0234542846170086,"ENSG00000262585","LINC01979","long intergenic non-protein coding RNA 1979","Down"
997.729572341028,2.83916769170026,0.931206513978539,3.04891304891118,0.00229670945404514,0.0234555541073889,"ENSG00000138193","PLCE1","phospholipase C epsilon 1","Up"
1128.71642031247,-1.52550167064945,0.500421570224792,-3.04843308405789,0.00230038138574646,0.0234822678371447,"ENSG00000055332","EIF2AK2","eukaryotic translation initiation factor 2 alpha kinase 2","Down"
90.2282089990186,-1.62881810736537,0.534341135543569,-3.04827384421456,0.00230160082454194,0.0234839335163106,"ENSG00000167981","ZNF597","zinc finger protein 597","Down"
1371.34801044445,-1.47075959179921,0.482520088971851,-3.04807950055114,0.002303089886257,0.0234883474500697,"ENSG00000204304","PBX2","PBX homeobox 2","Down"
12.6064934592381,-8.1619081128659,2.67787473207739,-3.04790512233342,0.00230442672368733,0.023491205569803,"ENSG00000230492",NA,NA,"Down"
693.005563936025,2.56765641308331,0.842704619122941,3.0469233878837,0.00231196627756617,0.0235568477335655,"ENSG00000165105","RASEF","RAS and EF-hand domain containing","Up"
1068.19206531084,1.20211569893217,0.394551421604952,3.04679094563191,0.00231298513931424,0.0235568477335655,"ENSG00000153774","CFDP1","craniofacial development protein 1","Up"
34.3772370638728,3.2815537721501,1.07714080611799,3.04654113325891,0.00231490803422983,0.0235572394584553,"ENSG00000179639","FCER1A","Fc epsilon receptor Ia","Up"
11.7023853540122,7.01241008380241,2.30178419662923,3.04651065641666,0.00231514272553074,0.0235572394584553,"ENSG00000309232",NA,NA,"Up"
633.910928293399,-3.29886910195757,1.08291050925949,-3.04629890812804,0.0023167739254088,0.0235630533776825,"ENSG00000069493","CLEC2D","C-type lectin domain family 2 member D","Down"
778.102996022726,-2.69811759872232,0.885865071479813,-3.04574329159991,0.00232105911519594,0.0235958423905584,"ENSG00000135899","SP110","SP110 nuclear body protein","Down"
119.889793068074,-2.36829695067644,0.777627275974957,-3.04554254183942,0.00232260918107543,0.0236008089226919,"ENSG00000196793","ZNF239","zinc finger protein 239","Down"
1366.81934192063,-2.4334750287474,0.799114342103688,-3.0452150593884,0.00232513983347186,0.0236157304328826,"ENSG00000171848","RRM2","ribonucleotide reductase regulatory subunit M2","Down"
1076.47833207923,1.58141107549594,0.519400045219438,3.04468798193466,0.00232921817888554,0.0236463505804394,"ENSG00000107521","HPS1","HPS1 biogenesis of lysosomal organelles complex 3 subunit 1","Up"
12.0966793110464,-5.40699971442032,1.7761137333656,-3.04428686792173,0.00233232625080059,0.0236670970032175,"ENSG00000224875","EML4-AS1","EML4 antisense RNA 1","Down"
73.6424592959726,-3.10113077987411,1.01888245782204,-3.04365901686351,0.00233719884320166,0.0237057216609957,"ENSG00000150681","RGS18","regulator of G protein signaling 18","Down"
104.259927840324,4.26823249566361,1.40264786757861,3.04298220125046,0.00234246187641586,0.0237482694474938,"ENSG00000100448","CTSG","cathepsin G","Up"
164.559251788826,-1.67346136960378,0.550005355881675,-3.04262740663893,0.00234522515320013,0.023765447051549,"ENSG00000213186","TRIM59","tripartite motif containing 59","Down"
326.679285477521,-2.40554954287058,0.790664036727059,-3.0424420880812,0.00234666967176459,0.0237692513951445,"ENSG00000139278","GLIPR1","GLI pathogenesis related 1","Down"
13.0563714909721,4.38878096127151,1.44275904940858,3.04193618682937,0.00235061721277919,0.023798393666539,"ENSG00000106927","AMBP","alpha-1-microglobulin/bikunin precursor","Up"
116.092798884924,-1.55474669442144,0.511180510146944,-3.04148273175461,0.00235416068359039,0.0238234203360333,"ENSG00000144843","ADPRH","ADP-ribosylarginine hydrolase","Down"
18707.0205737884,1.20223393187358,0.395298537843079,3.04133159316372,0.00235534282450339,0.0238245391342966,"ENSG00000110955","ATP5F1B","ATP synthase F1 subunit beta","Up"
753.852232318136,-1.67673450365625,0.551412178394352,-3.04080063762593,0.00235950003988161,0.0238448929030399,"ENSG00000143390","RFX5","regulatory factor X5","Down"
2328.28110449283,-3.70628327210057,1.21879702393006,-3.04093561054942,0.00235844260783521,0.0238448929030399,"ENSG00000104894","CD37","CD37 molecule","Down"
625.009452196256,4.06126776663555,1.33574742616169,3.04044588602032,0.00236228137653431,0.0238621544045831,"ENSG00000175426","PCSK1","proprotein convertase subtilisin/kexin type 1","Up"
36.4279907103063,3.81336386324625,1.25428946718772,3.04025822029448,0.00236375393402999,0.0238661858380058,"ENSG00000261664","TTC39A-AS1","TTC39A antisense RNA 1","Up"
206.042819777293,3.04699371112025,1.00259228181894,3.03911546734859,0.00237273893417648,0.0239460302875832,"ENSG00000162461","SLC25A34","solute carrier family 25 member 34","Up"
292.382728078711,1.50761076097204,0.496122144089495,3.03878949757195,0.00237530762729625,0.0239610773492184,"ENSG00000171428","NAT1","N-acetyltransferase 1","Up"
5.98736379112923,6.66240364334696,2.19282051327009,3.03828042606712,0.00237932428390352,0.0239907105687197,"ENSG00000307003",NA,NA,"Up"
6.40015897863419,-6.94181937457872,2.28526805110365,-3.03763900747934,0.00238439403353945,0.0240309304386593,"ENSG00000160321","ZNF208","zinc finger protein 208","Down"
332.842543343322,-1.64232313222922,0.54085449211446,-3.03653414397759,0.00239315002942624,0.0240973299838014,"ENSG00000184939","ZFP90","ZFP90 zinc finger protein","Down"
9.61281826017084,6.45981964146385,2.12728585867333,3.03664860795553,0.00239224154248948,0.0240973299838014,"ENSG00000259871",NA,NA,"Up"
924.080252160544,-3.50369736941746,1.15421798018387,-3.03555951264883,0.00240089836515708,0.0241644062256847,"ENSG00000082074","FYB1","FYN binding protein 1","Down"
20.3270304699558,5.24911755441986,1.72937067340445,3.03527614706593,0.00240315543140649,0.0241761786002084,"ENSG00000092009","CMA1","chymase 1","Up"
21.0706499925337,-4.11746209405504,1.35688702800695,-3.03449145659749,0.00240941579549791,0.0242224704394159,"ENSG00000145244","CORIN","corin, serine peptidase","Down"
1555.57657448034,2.77075590142007,0.913106986675337,3.03442635074836,0.00240993588863347,0.0242224704394159,"ENSG00000187837","H1-2","H1.2 linker histone, cluster member","Up"
127.477491702884,-4.01710730796763,1.32422596513331,-3.03355123199327,0.00241693668922923,0.0242769168695023,"ENSG00000164220","F2RL2","coagulation factor II thrombin receptor like 2","Down"
438.030624009507,-1.62594090379903,0.536023281565082,-3.03334008002713,0.00241862865407041,0.0242769168695023,"ENSG00000149313","AASDHPPT","aminoadipate-semialdehyde dehydrogenase-phosphopantetheinyl transferase","Down"
209.429472309148,-2.64946724446828,0.873441242073823,-3.03336631801084,0.00241841834962266,0.0242769168695023,"ENSG00000171241","SHCBP1","SHC binding and spindle associated 1","Down"
14.9067628201378,-5.5514045089828,1.8314753215901,-3.03111073544963,0.00243655869898161,0.0244458526870299,"ENSG00000253616",NA,NA,"Down"
16.2682832844175,3.92878357872868,1.29630294390064,3.03076036139112,0.00243938770342304,0.0244631965765469,"ENSG00000258122",NA,NA,"Up"
255.759170785436,2.15848795328965,0.712369892601078,3.03001007722036,0.00244545579152031,0.0245129930626109,"ENSG00000168060","NAALADL1","N-acetylated alpha-linked acidic dipeptidase like 1","Up"
1462.06070152601,1.19629406799783,0.394863740252404,3.02963768522563,0.00244847272034275,0.0245270115716229,"ENSG00000093167","LRRFIP2","LRR binding FLII interacting protein 2","Up"
155.592661514762,-3.69580112353228,1.21991141493384,-3.02956516210049,0.00244906066158426,0.0245270115716229,"ENSG00000138755","CXCL9","C-X-C motif chemokine ligand 9","Down"
1032.28804661791,-2.20203427717283,0.727204403740048,-3.02808160380721,0.00246111618087817,0.0246307466877728,"ENSG00000065911","MTHFD2","methylenetetrahydrofolate dehydrogenase (NADP+ dependent) 2, methenyltetrahydrofolate cyclohydrolase","Down"
5242.06024860861,1.47486086682903,0.487136968705862,3.0276102237676,0.00246495800747963,0.0246307466877728,"ENSG00000178950","GAK","cyclin G associated kinase","Up"
578.606608512453,-2.5939502501902,0.856713854783388,-3.0277907094733,0.00246348637078005,0.0246307466877728,"ENSG00000156136","DCK","deoxycytidine kinase","Down"
2917.8206846693,-2.65521337546472,0.876888685402396,-3.02799365491444,0.00246183256311032,0.0246307466877728,"ENSG00000120694","HSPH1","heat shock protein family H (Hsp110) member 1","Down"
480.774142523471,2.99651123391636,0.989707147121097,3.027674643588,0.00246443265158338,0.0246307466877728,"ENSG00000126460","PRRG2","proline rich and Gla domain 2","Up"
150.109035871717,2.40227613110716,0.79368861520603,3.0267236861947,0.00247219830671264,0.0246587639987179,"ENSG00000211454","AKR7L","aldo-keto reductase family 7 like (gene/pseudogene)","Up"
6.44481057565635,6.03977685299662,1.99545706349796,3.02676362397351,0.00247187171916146,0.0246587639987179,"ENSG00000307004",NA,NA,"Up"
38.5240897439407,4.78088141347614,1.57954491539394,3.0267461006538,0.00247201500965271,0.0246587639987179,"ENSG00000016082","ISL1","ISL LIM homeobox 1","Up"
19.4572864091486,-4.87688369303967,1.61115781565639,-3.02694350959828,0.00247040121011351,0.0246587639987179,"ENSG00000008438","PGLYRP1","peptidoglycan recognition protein 1","Down"
106.607038658011,4.54746803463796,1.50263769412468,3.02632367896705,0.00247547150807933,0.02468033992786,"ENSG00000118094","TREH","trehalase","Up"
1860.13567063844,3.31765522067552,1.09633642794915,3.02612878318899,0.00247706774830281,0.0246851847817196,"ENSG00000163701","IL17RE","interleukin 17 receptor E","Up"
184.382788384247,-2.06012625191937,0.680866026778194,-3.02574393624504,0.00248022249743419,0.0247055496350602,"ENSG00000088766","CRLS1","cardiolipin synthase 1","Down"
2802.74429646386,2.25472732193059,0.74524504158679,3.02548449987642,0.00248235127826694,0.0247156811328745,"ENSG00000186854","TRABD2A","TraB domain containing 2A","Up"
1368.37787227035,-2.60997333441561,0.862915019406998,-3.02460065674741,0.00248961612502321,0.0247738321718281,"ENSG00000196843","ARID5A","AT-rich interaction domain 5A","Down"
615.21535079684,-2.50352578929876,0.827764706001235,-3.02444133115169,0.00249092778686505,0.0247738321718281,"ENSG00000101255","TRIB3","tribbles pseudokinase 3","Down"
1456.35557147418,2.27744456523832,0.753031651528689,3.02436764857759,0.0024915345988489,0.0247738321718281,"ENSG00000100151","PICK1","protein interacting with PRKCA 1","Up"
483.422414194121,-2.6607571890547,0.879816168851798,-3.02421947135515,0.00249275532012345,0.024774890045733,"ENSG00000162654","GBP4","guanylate binding protein 4","Down"
164.972103509413,-5.00811334255891,1.65672533648528,-3.02289898770037,0.00250365798654626,0.0248388344555479,"ENSG00000163519","TRAT1","T cell receptor associated transmembrane adaptor 1","Down"
7.64753237943614,-7.26363270077652,2.40272154403372,-3.02308551684364,0.00250211525423638,0.0248388344555479,"ENSG00000124721","DNAH8","dynein axonemal heavy chain 8","Down"
500.53983926637,2.92462051811835,0.967443354598574,3.02304057825884,0.00250248684962882,0.0248388344555479,"ENSG00000198729","PPP1R14C","protein phosphatase 1 regulatory inhibitor subunit 14C","Up"
127.959921591337,1.55624020870305,0.514798536698325,3.02300822120444,0.0025027544401024,0.0248388344555479,"ENSG00000198157","HMGN5","high mobility group nucleosome binding domain 5","Up"
28.81411055733,-6.92010347307455,2.28953483830323,-3.02249319700373,0.00250701717821745,0.0248610673163731,"ENSG00000112115","IL17A","interleukin 17A","Down"
728.090903221339,3.52176826290653,1.16531079256786,3.02217081088387,0.00250968887366169,0.0248764657726796,"ENSG00000106384","MOGAT3","monoacylglycerol O-acyltransferase 3","Up"
214.667374128247,-1.71814197769929,0.568595358227577,-3.02173057313565,0.00251334144223344,0.0249015687545347,"ENSG00000189369","GSPT2","G1 to S phase transition 2","Down"
379.945945375771,-1.78969850904809,0.59231355910255,-3.02153898310174,0.00251493254627769,0.024906233987257,"ENSG00000164323","CFAP97","cilia and flagella associated protein 97","Down"
2712.95651908109,2.85122398028164,0.943760900199064,3.02112958873401,0.00251833554556553,0.0249288308925015,"ENSG00000108352","RAPGEFL1","Rap guanine nucleotide exchange factor like 1","Up"
683.004857474078,-1.94073156832748,0.642546568556301,-3.02037496315325,0.00252461924186817,0.0249687987564302,"ENSG00000163811","WDR43","WD repeat domain 43","Down"
1649.48440067315,-1.51060310709063,0.500135650568551,-3.02038677981341,0.00252452073522042,0.0249687987564302,"ENSG00000156471","PTDSS1","phosphatidylserine synthase 1","Down"
63.9434175263549,4.45505415598807,1.47514279881395,3.0200833163881,0.00252705159707613,0.0249817421777651,"ENSG00000173404","INSM1","INSM transcriptional repressor 1","Up"
75.070123904572,5.9395129093157,1.96784054049903,3.01828973795279,0.0025420573569852,0.0250966080008223,"ENSG00000144820","ADGRG7","adhesion G protein-coupled receptor G7","Up"
117.604871112968,-2.4050174551744,0.796766911616301,-3.01847054654371,0.00254054095823597,0.0250966080008223,"ENSG00000169902","TPST1","tyrosylprotein sulfotransferase 1","Down"
310.29143265866,-1.28912782962991,0.427089384376541,-3.01840288423876,0.00254110832903409,0.0250966080008223,"ENSG00000164758","MED30","mediator complex subunit 30","Down"
838.196748167766,1.42366459809796,0.47173098040372,3.01795866126823,0.00254483616445009,0.0251128905655654,"ENSG00000129235","TXNDC17","thioredoxin domain containing 17","Up"
272.067521978314,-1.8290842135007,0.606124833255317,-3.01766915517588,0.00254726833630226,0.0251186619133745,"ENSG00000110756","HPS5","HPS5 biogenesis of lysosomal organelles complex 2 subunit 2","Down"
34.7318561495576,2.4017599379048,0.795911960911439,3.01762010857888,0.00254768059257228,0.0251186619133745,"ENSG00000166819","PLIN1","perilipin 1","Up"
3587.14488252728,-1.723761752943,0.571268406315467,-3.01742881959956,0.00254928903613372,0.0251233790515785,"ENSG00000173821","RNF213","ring finger protein 213","Down"
1265.44687740191,2.92403150936471,0.969286610402558,3.0166841035288,0.00255555979275823,0.0251740189953007,"ENSG00000262814","MRPL12","mitochondrial ribosomal protein L12","Up"
420.893318029207,-2.6300346457577,0.871885741840669,-3.01649002793112,0.00255719628923071,0.0251789836574253,"ENSG00000120254","MTHFD1L","methylenetetrahydrofolate dehydrogenase (NADP+ dependent) 1 like","Down"
200.441010173544,-1.11255088404173,0.368980522522651,-3.01520220209844,0.00256807987744858,0.0252749534817682,"ENSG00000172331","BPGM","bisphosphoglycerate mutase","Down"
2324.64556314183,-3.05447332356505,1.01308430931904,-3.01502381930893,0.00256959074975221,0.0252786332474518,"ENSG00000084070","SMAP2","small ArfGAP2","Down"
7.92279021496328,5.40618060839963,1.79365662136756,3.01405550203791,0.00257780642605395,0.0253437274798923,"ENSG00000306520","LOC124904194","uncharacterized LOC124904194","Up"
69.4007842656339,-2.30677417440761,0.765359333716487,-3.01397536135897,0.00257848745376316,0.0253437274798923,"ENSG00000196358","NTNG2","netrin G2","Down"
2050.7895893362,-3.41781017429774,1.13410035428925,-3.01367525490256,0.0025810391911367,0.0253575980276368,"ENSG00000081320","STK17B","serine/threonine kinase 17b","Down"
1017.7836295689,-3.40255108273305,1.12919274074793,-3.01325979166262,0.00258457559229138,0.0253811259467377,"ENSG00000182866","LCK","LCK proto-oncogene, Src family tyrosine kinase","Down"
664.314323253567,-1.98212860487784,0.657927601603794,-3.01268498242985,0.00258947564358257,0.0254180185358813,"ENSG00000105483","CARD8","caspase recruitment domain family member 8","Down"
703.655882987392,-3.22353127916459,1.07030521888608,-3.01178693916815,0.00259714815825343,0.0254820807601274,"ENSG00000110934","BIN2","bridging integrator 2","Down"
336.050406262972,-2.72022725902724,0.903355605693476,-3.01124744439817,0.00260176736937433,0.0255161420041021,"ENSG00000077984","CST7","cystatin F","Down"
296.809218763302,-3.76975271597066,1.25202933854027,-3.01091404165159,0.00260462575292391,0.025521659041321,"ENSG00000152495","CAMK4","calcium/calmodulin dependent protein kinase IV","Down"
17.0716906916588,6.22014474888907,2.06585708501132,3.01092693876013,0.00260451512793871,0.025521659041321,"ENSG00000260337",NA,NA,"Up"
118.876305889342,4.3763580502232,1.45366033494207,3.01057815572687,0.00260750832864604,0.0255386487536508,"ENSG00000142515","KLK3","kallikrein related peptidase 3","Up"
309.377880188444,-1.62933304020984,0.541352993395027,-3.00974236789878,0.00261469372920855,0.0255864813738968,"ENSG00000138642","HERC6","HECT and RLD domain containing E3 ubiquitin protein ligase family member 6","Down"
12.3231027874021,7.59056671978377,2.52193580494697,3.00981757937466,0.00261404638380412,0.0255864813738968,"ENSG00000206579","XKR4","XK related 4","Up"
15.9626545112132,-6.20607381323276,2.0623451053909,-3.00923147974134,0.00261909482546433,0.025618273319203,"ENSG00000291103","MPHOSPH10P1","MPHOSPH10 pseudogene 1","Down"
54.8983439343316,-2.23479973193076,0.742759234298748,-3.00878081178037,0.0026229827697738,0.0256225352396158,"ENSG00000078900","TP73","tumor protein p73","Down"
49.7327348532928,2.18727022817108,0.726932265950921,3.00890513548722,0.00262190969372542,0.0256225352396158,"ENSG00000276718",NA,NA,"Up"
9.05457376889756,6.35032070547664,2.11059640414213,3.00878021634731,0.00262298791010505,0.0256225352396158,"ENSG00000289964",NA,NA,"Up"
2507.37712962445,-2.05646539981877,0.683538314518955,-3.00855907582302,0.00262489763748738,0.0256299293694585,"ENSG00000141543","EIF4A3","eukaryotic translation initiation factor 4A3","Down"
9.61485258054761,5.4434411683516,1.80950011486362,3.0082568791447,0.00262750940567017,0.025644168839449,"ENSG00000284196",NA,NA,"Up"
10.21896604848,-5.90251719428492,1.96249784580451,-3.00765537496181,0.00263271504345161,0.0256724357723946,"ENSG00000208028","MIR616","microRNA 616","Down"
13.977528117997,4.82707795096557,1.60487731710624,3.00775510969854,0.00263185125097913,0.0256724357723946,"ENSG00000224721","FLVCR2-AS1","FLVCR2 antisense RNA 1","Up"
165.48644019115,-2.41926671417701,0.804445006225722,-3.00737364947752,0.00263515643953308,0.0256737217879663,"ENSG00000122591","HYCC1","hyccin PI4KA lipid kinase complex subunit 1","Down"
1875.03187460371,-1.97818266580473,0.657748841839154,-3.00750459745921,0.00263402140421187,0.0256737217879663,"ENSG00000140853","NLRC5","NLR family CARD domain containing 5","Down"
936.029073454758,-1.92238391447592,0.639347238194334,-3.00679161437403,0.00264020683496943,0.0257116594664369,"ENSG00000129667","RHBDF2","rhomboid 5 homolog 2","Down"
147.172759503364,1.75535971405397,0.58393032171764,3.00611160059397,0.00264611861059725,0.0257579488044696,"ENSG00000236790","LINC00298","long intergenic non-protein coding RNA 298","Up"
8464.68621844604,2.45205305695174,0.815741402225975,3.00591958463875,0.0026477901119845,0.0257629398510947,"ENSG00000100300","TSPO","translocator protein","Up"
32.7111224859936,-7.13133744781546,2.3730488863739,-3.00513718396774,0.00265461090262056,0.0258067180577013,"ENSG00000259485","LINC02253","long intergenic non-protein coding RNA 2253","Down"
455.891385494164,3.68398466211022,1.22589380474405,3.00514175685828,0.00265457099058925,0.0258067180577013,"ENSG00000262877",NA,NA,"Up"
672.717322512518,3.02892140993946,1.00796032089934,3.00500064053805,0.00265580290170454,0.0258070218153834,"ENSG00000178401","DNAJC22","DnaJ heat shock protein family (Hsp40) member C22","Up"
919.756438940388,-3.3337037853102,1.1097744085811,-3.0039472522821,0.0026650152457558,0.0258852267186058,"ENSG00000005001","PRSS22","serine protease 22","Down"
18.0582880237505,4.08119050398065,1.35901235444019,3.00305621994275,0.00267283050624805,0.0259497994084773,"ENSG00000196900","SPMIP10","sperm microtubule inner protein 10","Up"
152.058696598113,-1.94898000983008,0.649065486580955,-3.00274787386495,0.00267553988972265,0.025964765765257,"ENSG00000151746","BICD1","BICD cargo adaptor 1","Down"
46.1080905218526,2.20286856375348,0.733724009699694,3.00231222453126,0.00267937214318593,0.0259906111952237,"ENSG00000230896",NA,NA,"Up"
12.8668176735539,4.49961525175301,1.4992535646162,3.00123698749043,0.00268885210283613,0.0260598294692048,"ENSG00000307696","LOC124907997","uncharacterized LOC124907997","Up"
3953.62955730864,3.30632607025498,1.10161332865461,3.00134900718111,0.00268786303910644,0.0260598294692048,"ENSG00000177685","CRACR2B","calcium release activated channel regulator 2B","Up"
61.7246574591311,3.41977107196091,1.13955282170237,3.00097635391061,0.00269115462141422,0.0260693859029147,"ENSG00000282608","ADORA3","adenosine A3 receptor","Up"
84.9298354145799,2.69719915045143,0.898808729480155,3.00085998498414,0.00269218324261648,0.0260693859029147,"ENSG00000258735","PPP1R13B-DT","PPP1R13B divergent transcript","Up"
2662.25119115199,1.94474252344404,0.648185946566419,3.00028492401873,0.00269727166222194,0.0261072881437442,"ENSG00000010327","STAB1","stabilin 1","Up"
174.299547389906,-2.85763774650766,0.952632201254929,-2.99972827156505,0.00270220556365762,0.0261436624442123,"ENSG00000133985","TTC9","tetratricopeptide repeat domain 9","Down"
32.0924395608068,-2.08110233624098,0.693843378380817,-2.99938343592401,0.00270526615739155,0.026161888854844,"ENSG00000165046","LETM2","leucine zipper and EF-hand containing transmembrane protein 2","Down"
28.233990691388,2.6702343001885,0.890303297941894,2.99924116462475,0.00270652981112078,0.0261627292568036,"ENSG00000185958","FAM186A","family with sequence similarity 186 member A","Up"
136.844143009312,-4.30491521742935,1.43568951045307,-2.99850015347039,0.00271312019694469,0.02618234284882,"ENSG00000035720","STAP1","signal transducing adaptor family member 1","Down"
2021.32646693206,1.58937216946654,0.530037342888833,2.99860413759542,0.00271219450205392,0.02618234284882,"ENSG00000213619","NDUFS3","NADH:ubiquinone oxidoreductase core subunit S3","Up"
2331.53869346424,1.26956971891686,0.423400780898941,2.9985058511734,0.0027130694669721,0.02618234284882,"ENSG00000090615","GOLGA3","golgin A3","Up"
1666.3484485081,2.36966149491098,0.790286681320504,2.9984833996588,0.00271326937092076,0.02618234284882,"ENSG00000136379","ABHD17C","abhydrolase domain containing 17C, depalmitoylase","Up"
79.4745400174696,3.49732693335088,1.16644484786984,2.99827886396662,0.00271509113708356,0.0261885558571708,"ENSG00000286017",NA,NA,"Up"
570.52154717542,1.61761083259335,0.539565355690134,2.99798868762495,0.00271767760813828,0.0262021362800254,"ENSG00000119711","ALDH6A1","aldehyde dehydrogenase 6 family member A1","Up"
55.6492185621305,4.35733193314976,1.45350509616411,2.99780987672423,0.0027192725502338,0.0262061493755301,"ENSG00000100433","KCNK10","potassium two pore domain channel subfamily K member 10","Up"
449.643584768804,-1.22844729532589,0.409879990691457,-2.99709018060026,0.00272570068591433,0.0262567172226747,"ENSG00000132256","TRIM5","tripartite motif containing 5","Down"
11.9520519504234,7.04276050414518,2.3501230246115,2.99676248025757,0.002728632216203,0.0262730570469012,"ENSG00000216560",NA,NA,"Up"
4959.01623460134,-2.80027535727318,0.93447283188935,-2.99663645823868,0.00272976034625744,0.0262730570469012,"ENSG00000204388","HSPA1B","heat shock protein family A (Hsp70) member 1B","Down"
5702.38036678042,2.65202903089669,0.885113492081572,2.99625873362269,0.00273314423308642,0.0262942430697578,"ENSG00000198758","EPS8L3","EPS8 signaling adaptor L3","Up"
200.749324792685,1.76564095855414,0.589361483085715,2.99585400340346,0.00273677430529381,0.0263177781702411,"ENSG00000166762","CATSPER2","cation channel sperm associated 2","Up"
61.1075160063436,-3.33902403260018,1.11488374653034,-2.99495265133396,0.00274487446927343,0.0263728582866708,"ENSG00000146411","SLC2A12","solute carrier family 2 member 12","Down"
333.114158748191,-1.61452759034544,0.539077293576149,-2.99498348304551,0.00274459703312225,0.0263728582866708,"ENSG00000105849","POLR1F","RNA polymerase I subunit F","Down"
548780.057762927,1.25349449798118,0.418556192256049,2.99480576604244,0.00274619655405356,0.0263741632770077,"ENSG00000198886","MT-ND4","NADH dehydrogenase subunit 4","Up"
66.7090547676149,2.44182394694454,0.815414804093229,2.99457887530008,0.00274823989504093,0.0263781698032526,"ENSG00000168546","GFRA2","GDNF family receptor alpha 2","Up"
1664.29839072101,-3.29037489975425,1.09880757943188,-2.99449599852185,0.00274898661602736,0.0263781698032526,"ENSG00000023445","BIRC3","baculoviral IAP repeat containing 3","Down"
556.200779373207,2.30338037278242,0.7692611001783,2.99427641960387,0.00275096592144089,0.0263857745174268,"ENSG00000125611","CHCHD5","coiled-coil-helix-coiled-coil-helix domain containing 5","Up"
7.88539684694654,-7.21402150885309,2.40968879248686,-2.99375650969768,0.00275565763078147,0.0264193773631584,"ENSG00000258754",NA,NA,"Down"
28.5104067050307,-3.72058146348795,1.24326012469897,-2.99260097671741,0.00276611144142758,0.0264853383622995,"ENSG00000257242","LINC01619","long intergenic non-protein coding RNA 1619","Down"
828.656676791887,1.84295216853729,0.615794020395391,2.99280621035255,0.00276425210386387,0.0264853383622995,"ENSG00000157379","DHRS1","dehydrogenase/reductase 1","Up"
1514.619247444,1.53385800007768,0.512534707151541,2.99269098984971,0.00276529581657279,0.0264853383622995,"ENSG00000156411","ATP5MJ","ATP synthase membrane subunit j","Up"
1856.91333982708,2.24608704325566,0.750676231048421,2.99208493669594,0.00277079161348566,0.0265187300657024,"ENSG00000115286","NDUFS7","NADH:ubiquinone oxidoreductase core subunit S7","Up"
34.4659562241731,-2.69784919873664,0.901834984139143,-2.99151091517248,0.00277600613970456,0.0265457825823877,"ENSG00000143494","VASH2","vasohibin 2","Down"
162.622194525817,-1.76498363774071,0.589991096364458,-2.99154283618276,0.00277571592766541,0.0265457825823877,"ENSG00000105085","MED26","mediator complex subunit 26","Down"
671.785788860088,-2.17486808050133,0.727159710495759,-2.99090839207602,0.002781489220712,0.0265867798125924,"ENSG00000143772","ITPKB","inositol-trisphosphate 3-kinase B","Down"
681.782597621129,-2.26552581294134,0.757606996692828,-2.99037076324665,0.00278639009989981,0.0266221792398249,"ENSG00000102393","GLA","galactosidase alpha","Down"
8.31525518743574,-7.24061339280273,2.42142703304901,-2.99022571978372,0.00278771362712042,0.0266233836218936,"ENSG00000207205","RNVU1-15","RNA, variant U1 small nuclear 15","Down"
520.191857759555,1.76164700761364,0.58922383812342,2.98977552100437,0.00279182536621572,0.0266512036784346,"ENSG00000243156","MICAL3","microtubule associated monooxygenase, calponin and LIM domain containing 3","Up"
113.634761226467,1.52741144699521,0.511023731395458,2.98892468814371,0.0027996112908438,0.026714059154219,"ENSG00000144362","PHOSPHO2","phosphatase, orphan 2","Up"
30.8488691610434,-4.36904557074042,1.46210275950519,-2.98819323220414,0.00280632065026819,0.0267665924570625,"ENSG00000148082","SHC3","SHC adaptor protein 3","Down"
651.368355815953,2.97689705021549,0.99630628474291,2.9879336262379,0.0028087054427435,0.0267778508184032,"ENSG00000163702","IL17RC","interleukin 17 receptor C","Up"
3180.53448599158,1.1692221016228,0.391388668533855,2.98736830067849,0.00281390504113249,0.0268159240375048,"ENSG00000130414","NDUFA10","NADH:ubiquinone oxidoreductase subunit A10","Up"
367.144937049176,-2.99399603959993,1.00229185324071,-2.98714993035157,0.0028159158609742,0.0268235892617992,"ENSG00000120875","DUSP4","dual specificity phosphatase 4","Down"
10.2572197099945,-7.82470653844183,2.62049057210005,-2.98597011634015,0.00282680265837833,0.026907433350407,"ENSG00000230257","NFE4","nuclear factor, erythroid 4","Down"
69.1982968927968,-4.26555800948509,1.42855075582866,-2.98593381584875,0.00282713823175238,0.026907433350407,"ENSG00000134757","DSG3","desmoglein 3","Down"
181.055385835245,-2.56058882710084,0.857656497590314,-2.9855645404601,0.00283055399952481,0.0269203451747731,"ENSG00000086189","DIMT1","DIM1 rRNA methyltransferase and ribosome maturation factor","Down"
2008.37289483927,1.68631075946586,0.564853560240992,2.98539458394563,0.00283212734960618,0.0269203451747731,"ENSG00000204308","RNF5","ring finger protein 5","Up"
57.5712784583472,-3.30163493038047,1.10588962076848,-2.98550132705485,0.00283113909606836,0.0269203451747731,"ENSG00000042832","TG","thyroglobulin","Down"
786.907209632635,2.84969653543698,0.955040312939302,2.98384947402539,0.00284646767374328,0.0270450922180916,"ENSG00000141448","GATA6","GATA binding protein 6","Up"
398.569255752594,-2.53151841117024,0.848723338943429,-2.98273688846793,0.00285683471712413,0.0271319975505428,"ENSG00000129675","ARHGEF6","Rac/Cdc42 guanine nucleotide exchange factor 6","Down"
2456.82893604006,2.68686965754348,0.900946882990834,2.98227310429667,0.00286116641674552,0.0271615341347152,"ENSG00000014914","MTMR11","myotubularin related protein 11","Up"
28.0947578960618,-2.70103715383758,0.905791123047251,-2.98196469926839,0.00286405020862335,0.0271773061409829,"ENSG00000171649","ZIK1","zinc finger protein interacting with K protein 1","Down"
8.83645240920242,6.69306188974387,2.24495270890574,2.98138213031947,0.00286950485683678,0.0272174494377355,"ENSG00000183067","IGSF5","immunoglobulin superfamily member 5","Up"
65.3926777909644,-2.90583295802285,0.974715490141324,-2.98121142775881,0.00287110495670542,0.0272210134338727,"ENSG00000164330","EBF1","EBF transcription factor 1","Down"
26.4821207551332,-3.09451523738041,1.03812443001135,-2.98087122113732,0.0028742963517513,0.0272396550675562,"ENSG00000286122",NA,NA,"Down"
10.2050549591738,-5.59271325167023,1.87699698447426,-2.97960694552567,0.00288618461074047,0.0273406657224512,"ENSG00000136231","IGF2BP3","insulin like growth factor 2 mRNA binding protein 3","Down"
1058.41663310779,-1.02051150609199,0.342545226820071,-2.97920223722175,0.00288999964411119,0.0273651456931534,"ENSG00000140995","DEF8","differentially expressed in FDCP 8 homolog","Down"
768.849752378348,-1.83623345433459,0.616521933679679,-2.97837490286052,0.00289781294183827,0.0274274479079993,"ENSG00000140577","CRTC3","CREB regulated transcription coactivator 3","Down"
2918.15013483555,2.1528510037659,0.722897338566067,2.97808677513778,0.00290053852680818,0.0274306292269481,"ENSG00000146066","HIGD2A","HIG1 hypoxia inducible domain family member 2A","Up"
6.2608051178478,-6.47284406697657,2.17349677524496,-2.97807852337258,0.00290061662000427,0.0274306292269481,"ENSG00000272540",NA,NA,"Down"
13.7213241717884,-4.71691532557636,1.58419007524745,-2.97749329406675,0.00290616002009202,0.0274531239522399,"ENSG00000179934","CCR8","C-C motif chemokine receptor 8","Down"
8.88424343955441,-3.73093938320413,1.25309911185791,-2.97736974505749,0.00290733153457187,0.0274531239522399,"ENSG00000249207",NA,NA,"Down"
357.947973955591,-1.75605095303957,0.589820865966091,-2.97726149474767,0.00290835833822714,0.0274531239522399,"ENSG00000164284","GRPEL2","GrpE like 2, mitochondrial","Down"
151.648266061638,-1.47575066435038,0.49568807823513,-2.97717602893479,0.00290916925432813,0.0274531239522399,"ENSG00000170903","MSANTD4","Myb/SANT DNA binding domain containing 4 with coiled-coils","Down"
12161.3644406363,2.12549310329572,0.713846839730997,2.97751980536425,0.00290590869123652,0.0274531239522399,"ENSG00000125534","PPDPF","pancreatic progenitor cell differentiation and proliferation factor","Up"
44.8215940326093,3.45432363620767,1.16045357445392,2.97670127633773,0.00291367755670913,0.0274607007707987,"ENSG00000307822",NA,NA,"Up"
330.561368462178,-3.03886644365948,1.02079837592365,-2.97695070381534,0.0029113081718172,0.0274607007707987,"ENSG00000265148","TSPOAP1-AS1","TSPOAP1, SUPT4H1 and RNF43 antisense RNA 1","Down"
8.78653033090987,6.72486473214921,2.25906922791145,2.97682985942244,0.00291245588851279,0.0274607007707987,"ENSG00000091583","APOH","apolipoprotein H","Up"
429.507907747076,-1.20680236501575,0.405579901343376,-2.97549844313916,0.00292512834970922,0.0275569400843581,"ENSG00000117597","UTP25","UTP25 small subunit processome component","Down"
13.4424810338121,-4.81534855693662,1.61904047981885,-2.97419898820281,0.00293754510675362,0.027662194137422,"ENSG00000211776","TRAV2","T cell receptor alpha variable 2","Down"
21.6691150535905,2.38077740525799,0.800580035087792,2.97381560982458,0.00294121760232177,0.0276811443907653,"ENSG00000272931",NA,NA,"Up"
5110.15430766657,2.07818489799866,0.698848106176029,2.97372902585386,0.0029420475957081,0.0276811443907653,"ENSG00000126267","COX6B1","cytochrome c oxidase subunit 6B1","Up"
12.2386567840421,-6.77400190976401,2.27851591006023,-2.97298863696982,0.00294915369182321,0.027726381384113,"ENSG00000306285",NA,NA,"Down"
615.482862034865,3.40226045246854,1.14439852053529,2.97296823739089,0.00294934970419769,0.027726381384113,"ENSG00000129514","FOXA1","forkhead box A1","Up"
444.582102259524,-2.70237138101529,0.909052496106175,-2.97273412986664,0.00295160001220818,0.0277358085678041,"ENSG00000163644","PPM1K","protein phosphatase, Mg2+/Mn2+ dependent 1K","Down"
119.173565172094,2.5006158557728,0.841245706041116,2.97251544681356,0.00295370347099714,0.0277438484455765,"ENSG00000303893",NA,NA,"Up"
765.305965616978,3.42191952843716,1.15158443649058,2.97148816882709,0.00296360292367342,0.027825077619101,"ENSG00000243766",NA,NA,"Up"
5.6745392409461,-6.77519949792019,2.28041925975278,-2.97103239632114,0.00296800470222832,0.0278546426950791,"ENSG00000231507","LINC01353","long intergenic non-protein coding RNA 1353","Down"
12824.3134087556,1.90242007324118,0.640413336582869,2.97061282857124,0.0029720620934947,0.0278572009943617,"ENSG00000197747","S100A10","S100 calcium binding protein A10","Up"
195.494768182054,1.91487463129389,0.644714725759006,2.97011151566231,0.00297691662930903,0.0278572009943617,"ENSG00000115841","RMDN2","regulator of microtubule dynamics 2","Up"
223.612198795359,3.52548202804519,1.18700551025768,2.97006374239987,0.00297737962594336,0.0278572009943617,"ENSG00000163815","CLEC3B","C-type lectin domain family 3 member B","Up"
1413.79013251176,-1.32019101772957,0.444408824784861,-2.97066787179277,0.00297152951483476,0.0278572009943617,"ENSG00000187735","TCEA1","transcription elongation factor A1","Down"
2062.68456713542,2.17213691051855,0.73133756134024,2.97008799402825,0.00297714458203048,0.0278572009943617,"ENSG00000169957","ZNF768","zinc finger protein 768","Up"
1712.11812142775,1.55214632823319,0.522497330906289,2.97063015717408,0.00297189441869637,0.0278572009943617,"ENSG00000088682","COQ9","coenzyme Q9","Up"
2556.14565462652,-1.3010052007773,0.438053507188199,-2.96996868973441,0.00297830102836314,0.0278572009943617,"ENSG00000108946","PRKAR1A","protein kinase cAMP-dependent type I regulatory subunit alpha","Down"
60.8063752565752,4.43545250771832,1.49379221189583,2.96925668268755,0.00298521121652712,0.0279100929255877,"ENSG00000162706","CADM3","cell adhesion molecule 3","Up"
988.629588897954,1.45804022110016,0.491131644057708,2.96873605832827,0.00299027324756588,0.0279456683955999,"ENSG00000056972","TRAF3IP2","TRAF3 interacting protein 2","Up"
1213.67382296559,-2.42375617935334,0.816610926256539,-2.96806729058132,0.00299678716725511,0.0279947769283961,"ENSG00000048740","CELF2","CUGBP Elav-like family member 2","Down"
1041.31751416682,-3.61921521775631,1.21981578400943,-2.96701786056602,0.00300703490516828,0.028078709385387,"ENSG00000076706","MCAM","melanoma cell adhesion molecule","Down"
6223.64555543865,1.54614107776521,0.521175496459538,2.96664192439685,0.00301071371120861,0.0281012585815706,"ENSG00000084754","HADHA","hydroxyacyl-CoA dehydrogenase trifunctional multienzyme complex subunit alpha","Up"
8.68753741482792,5.70772412297038,1.92408305417929,2.96646452478891,0.0030124511194741,0.0281056759291933,"ENSG00000251468","LOC100422204","regulator of solute carriers 1 pseudogene","Up"
2570.18601914705,2.37712298111656,0.801460937434419,2.96598732400614,0.00301712924702843,0.028137514492107,"ENSG00000198478","SH3BGRL2","SH3 domain binding glutamate rich protein like 2","Up"
829.843853826688,1.34650967625874,0.454044934637711,2.96558682530649,0.00302106055714385,0.0281591557681505,"ENSG00000143367","TUFT1","tuftelin 1","Up"
2382.30947805158,3.29855699489332,1.11231322094568,2.96549293200786,0.00302198289312315,0.0281591557681505,"ENSG00000156381","ANKRD9","ankyrin repeat domain 9","Up"
15.9481327194699,-6.25268478786009,2.10912503068755,-2.96458706661965,0.00303089462441858,0.0282303645516122,"ENSG00000178732","GP5","glycoprotein V platelet","Down"
24.78563929136,-3.02491499401713,1.02067965525201,-2.96362818485911,0.00304035403154898,0.0283066127233788,"ENSG00000188015","S100A3","S100 calcium binding protein A3","Down"
249.392947393185,-2.60959020616513,0.880827083586634,-2.96265890864658,0.00304994333959804,0.028348407303212,"ENSG00000143110","C1orf162","chromosome 1 open reading frame 162","Down"
224.258380477287,-2.94538921145872,0.994062339055241,-2.96298239631332,0.00304673992737741,0.028348407303212,"ENSG00000150995","ITPR1","inositol 1,4,5-trisphosphate receptor type 1","Down"
670.513701115025,2.08571697452355,0.703973526465647,2.96277757062124,0.00304876790509373,0.028348407303212,"ENSG00000111816","FRK","fyn related Src family tyrosine kinase","Up"
1019.17509616056,1.79403167177486,0.605500260064106,2.96289166182177,0.00304763813709215,0.028348407303212,"ENSG00000172197","MBOAT1","membrane bound glycerophospholipid O-acyltransferase 1","Up"
246.799579059804,3.4556475488168,1.16646816245043,2.96248767009416,0.00305164031253266,0.0283523272329873,"ENSG00000167476","JSRP1","junctional sarcoplasmic reticulum protein 1","Up"
218.173844966091,-9.20464679478428,3.10731147333583,-2.96225430690496,0.00305395432662812,0.0283619689329179,"ENSG00000123500","COL10A1","collagen type X alpha 1 chain","Down"
720.016584617286,-1.20185016005855,0.40573906947795,-2.96212578592673,0.00305522941547872,0.0283619689329179,"ENSG00000004897","CDC27","cell division cycle 27","Down"
110.051806443782,2.72382304686914,0.919662492829739,2.96176376453945,0.00305882373092587,0.0283834841442717,"ENSG00000299955",NA,NA,"Up"
1213.86904588449,2.24540465265185,0.758376329670598,2.96080529521161,0.00306835848525074,0.0284600810190153,"ENSG00000155366","RHOC","ras homolog family member C","Up"
117.284234439666,-1.25101881047939,0.422601724439431,-2.96027852735061,0.00307361025173363,0.0284969043898222,"ENSG00000163026","WDCP","WD repeat and coiled coil containing","Down"
315.988422811702,1.58451717740402,0.535284311846316,2.9601412601439,0.00307498012302304,0.0284977211651401,"ENSG00000134056","KGD4","alpha-ketoglutarate dehydrogenase subunit 4","Up"
1243.99065811895,-1.04070977401463,0.351618997571039,-2.95976548822385,0.00307873302374969,0.0285206130487612,"ENSG00000068323","TFE3","transcription factor binding to IGHM enhancer 3","Down"
18.6039732489744,-5.92024986209372,2.00104502045463,-2.95857904323845,0.0030906096888711,0.0286187110423453,"ENSG00000116983","HPCAL4","hippocalcin like 4","Down"
1129.13219936225,-3.348461448542,1.13214853474052,-2.95761673119104,0.00310027338466966,0.0286962440305415,"ENSG00000115009","CCL20","C-C motif chemokine ligand 20","Down"
446.578647002014,1.67050114245399,0.5648500874455,2.95742388924596,0.00310221324578928,0.0287022501430017,"ENSG00000196814","MVB12B","multivesicular body subunit 12B","Up"
322.13321449066,-2.4501479457174,0.828660610027626,-2.95675686290401,0.00310893162262534,0.028752444578132,"ENSG00000033867","SLC4A7","solute carrier family 4 member 7","Down"
32.3019263636408,-5.29791463714708,1.79259765899119,-2.95543989504513,0.00312223526273385,0.0288634746762418,"ENSG00000308525",NA,NA,"Down"
53.0956886356337,2.25781004621,0.764119459806137,2.95478673816634,0.00312885250542588,0.0289126258325576,"ENSG00000293317","ZNF702P","zinc finger protein 702, pseudogene","Up"
233.73928432946,-2.11082048442803,0.714449071922864,-2.95447298818232,0.00313203570327486,0.0289300165313294,"ENSG00000040275","SPDL1","spindle apparatus coiled-coil protein 1","Down"
3058.5127916818,2.22022405508609,0.751557542928369,2.95416375762155,0.00313517593722626,0.0289469961014749,"ENSG00000117308","GALE","UDP-galactose-4-epimerase","Up"
496.779659336111,-2.08492552881242,0.705803285304446,-2.9539753812751,0.00313709030409822,0.0289526478750584,"ENSG00000172164","SNTB1","syntrophin beta 1","Down"
1490.81963182928,2.71055692234684,0.917807779988311,2.95329477636523,0.00314401580708636,0.0290045242485274,"ENSG00000262655","SPON1","spondin 1","Up"
494.657884154533,1.37125175892982,0.464441200276317,2.95247656347886,0.00315235998907266,0.0290625868530744,"ENSG00000173681","BCLAF3","BCLAF1 and THRAP3 family member 3","Up"
26.9088634763981,3.54190882705884,1.1996623900843,2.95242132814544,0.00315292400888838,0.0290625868530744,"ENSG00000017427","IGF1","insulin like growth factor 1","Up"
3358.17106226872,1.3279317480105,0.449960671481797,2.95121736670318,0.00316524079410626,0.0291640275902878,"ENSG00000169021","UQCRFS1","ubiquinol-cytochrome c reductase, Rieske iron-sulfur polypeptide 1","Up"
17.6580807691878,4.8796621896361,1.65360635825659,2.95092127898006,0.00316827654672545,0.0291678229661892,"ENSG00000186510","CLCNKA","chloride voltage-gated channel Ka","Up"
100.715610535241,-3.76100156067467,1.27449014929058,-2.95098519417208,0.00316762100726173,0.0291678229661892,"ENSG00000230438",NA,NA,"Down"
227.267069970868,2.04459029346817,0.693076903013682,2.9500193767499,0.00317754000509171,0.0292409962471871,"ENSG00000175193","PARL","presenilin associated rhomboid like","Up"
11298.9738960224,2.25361699563262,0.764001401790406,2.94975505326477,0.00318025955136378,0.0292418158004429,"ENSG00000163435","ELF3","E74 like ETS transcription factor 3","Up"
192.256122282354,-5.00147585615323,1.69555018458395,-2.94976574661545,0.0031801494894748,0.0292418158004429,"ENSG00000131730","CKMT2","creatine kinase, mitochondrial 2","Down"
24.4164372346634,-3.3311524148183,1.12949214439321,-2.94924797073987,0.00318548271305511,0.0292656351898158,"ENSG00000255150","EID3","EP300 interacting inhibitor of differentiation 3","Down"
1528.80623068712,2.7369359829681,0.928005744757989,2.94926620705549,0.00318529473594364,0.0292656351898158,"ENSG00000165804","ZNF219","zinc finger protein 219","Up"
102.438117587493,-1.86101793980984,0.631056706717671,-2.94905025174298,0.0031875214189367,0.0292722691892688,"ENSG00000080854","IGSF9B","immunoglobulin superfamily member 9B","Down"
13.7086048549418,-3.98324832740899,1.35076171787084,-2.94889044804117,0.00318917004424076,0.0292753169255181,"ENSG00000158428","CATIP","ciliogenesis associated TTC17 interacting protein","Down"
200.872705564461,-2.18441334009917,0.740878791129393,-2.94840852006205,0.00319414659241944,0.0292847262636129,"ENSG00000114013","CD86","CD86 molecule","Down"
327.950055308231,-1.66435070344056,0.564476033079844,-2.94848781153679,0.0031933273162325,0.0292847262636129,"ENSG00000181191","PJA1","praja ring finger ubiquitin ligase 1","Down"
171.05206232573,2.24378063467759,0.760949488793309,2.94865909987758,0.00319155813955426,0.0292847262636129,"ENSG00000255135","EMSY-DT","EMSY divergent transcript","Up"
188.348659265221,-2.18425690633229,0.740974982796187,-2.94781464563034,0.00320028887058771,0.0293168613348894,"ENSG00000075975","MKRN2","makorin ring finger protein 2","Down"
13.4271187847597,5.0200231991766,1.70295082045895,2.9478380343501,0.00320004676408921,0.0293168613348894,"ENSG00000226629","LINC00974","long intergenic non-protein coding RNA 974","Up"
460.561611662009,-1.96043406963253,0.665331288907737,-2.94655324695602,0.00321337089353337,0.0294245778731167,"ENSG00000119969","HELLS","helicase, lymphoid specific","Down"
12.3891481295269,-8.10905640685722,2.75231539033614,-2.94626714486629,0.00321634484300095,0.0294274543110612,"ENSG00000237412","PRSS56","serine protease 56","Down"
161.502506203935,-4.36664541885593,1.48211874382967,-2.94621833576768,0.00321685245000142,0.0294274543110612,"ENSG00000163132","MSX1","msh homeobox 1","Down"
1582.3540700738,-2.84907114385391,0.967089406597033,-2.94602662837466,0.00321884688346993,0.0294274543110612,"ENSG00000167895","TMC8","transmembrane channel like 8","Down"
481.030287995273,3.14038497558913,1.06597765233109,2.94601389505839,0.00321897939479606,0.0294274543110612,"ENSG00000205517","RGL3","ral guanine nucleotide dissociation stimulator like 3","Up"
203.547858651091,-1.40155307907359,0.475838405453037,-2.9454391722316,0.00322496551943964,0.029470060992068,"ENSG00000005448","WDR54","WD repeat domain 54","Down"
1554.39055629814,-1.26013350045234,0.427951548688287,-2.9445704877451,0.00323403270711422,0.0295321453926256,"ENSG00000061273","HDAC7","histone deacetylase 7","Down"
302.897858494565,2.04421344904687,0.694240102723418,2.94453380181823,0.00323441613956926,0.0295321453926256,"ENSG00000260260","SNHG19","small nucleolar RNA host gene 19","Up"
127.544649659841,-1.44694629697442,0.491435085567856,-2.94432843618087,0.00323656333672012,0.02953961932073,"ENSG00000127124","HIVEP3","HIVEP zinc finger 3","Down"
396.610270073748,2.02302329440439,0.687140232057898,2.9441199918475,0.00323874405120703,0.0295473928972039,"ENSG00000145103","ILDR1","immunoglobulin like domain containing receptor 1","Up"
171.084216848622,2.45455353422427,0.833774192261325,2.94390682394131,0.0032409755675662,0.0295556233772352,"ENSG00000172159","FRMD3","FERM domain containing 3","Up"
193.428345798048,-4.92383988697423,1.67276358483978,-2.94353603318418,0.0032448604731211,0.0295789187777373,"ENSG00000120149","MSX2","msh homeobox 2","Down"
22.8519092794153,3.4645051795108,1.17705233724153,2.94337394344758,0.00324656007686672,0.0295822828643351,"ENSG00000254550","OMP","olfactory marker protein","Up"
7.42803642310185,5.92548646336758,2.0133151032666,2.94314906482026,0.00324891940135715,0.029588980636102,"ENSG00000039537","C6","complement C6","Up"
22.2070291642834,-4.1799218242713,1.42026859935555,-2.94305022737809,0.00324995685302753,0.029588980636102,"ENSG00000181418","DDN","dendrin","Down"
15818.1517827191,-3.83827090877705,1.30426821955168,-2.94285397070887,0.0032520177647537,0.0295956246270033,"ENSG00000164692","COL1A2","collagen type I alpha 2 chain","Down"
1314.37809600085,-2.04001785653608,0.693459844678789,-2.94179666233019,0.00326314117103541,0.0296847044417473,"ENSG00000153395","LPCAT1","lysophosphatidylcholine acyltransferase 1","Down"
24.5247830935084,7.24876350842988,2.46420494181953,2.94162363909453,0.00326496475768274,0.0296891457904132,"ENSG00000204001","LCN8","lipocalin 8","Up"
3439.47602804087,-3.09001564550063,1.05054393775751,-2.94134831913512,0.00326786841968262,0.0297034008891266,"ENSG00000123358","NR4A1","nuclear receptor subfamily 4 group A member 1","Down"
6.30822350764305,6.9941786693108,2.37852878279456,2.94054825819399,0.00327631961876248,0.0297680482566188,"ENSG00000288106",NA,NA,"Up"
799.448156430873,-1.36465021097335,0.464121572458622,-2.94028610595344,0.00327909311158525,0.0297810772671057,"ENSG00000151929","BAG3","BAG cochaperone 3","Down"
439.990169057815,2.81400874551483,0.957109072374938,2.94011291579573,0.0032809265850636,0.0297855617663206,"ENSG00000170439","TMT1B","thiol methyltransferase 1B","Up"
1232.51816626676,-1.04661855740011,0.356040778460476,-2.93960304750961,0.00328632971651473,0.0298224361580702,"ENSG00000213024","NUP62","nucleoporin 62","Down"
6.80444247262174,5.3647364113846,1.82532872932886,2.93905219656358,0.00329217625378459,0.0298633025909396,"ENSG00000234828","IQCM","IQ motif containing M","Up"
406.594377461379,-1.67791898339436,0.570975477711888,-2.93868834808529,0.00329604320718984,0.0298740027009587,"ENSG00000120278","PLEKHG1","pleckstrin homology and RhoGEF domain containing G1","Down"
53.7938174679289,-3.68723262571327,1.25469014871712,-2.93875952519699,0.00329528641700995,0.0298740027009587,"ENSG00000305635",NA,NA,"Down"
807.771778396543,-1.36276769538394,0.463833161267322,-2.93805576914872,0.00330277605772815,0.0299228280731336,"ENSG00000146535","GNA12","G protein subunit alpha 12","Down"
714.069595738942,-2.34609006834802,0.798573732698973,-2.93785028518136,0.00330496581932717,0.0299304704933201,"ENSG00000055044","NOP58","NOP58 ribonucleoprotein","Down"
27.2891785885715,2.45915605784747,0.837165823904463,2.93747784205786,0.00330893816970287,0.029954243618487,"ENSG00000210184",NA,NA,"Up"
4665.63936860186,-2.00455565796971,0.682503234195753,-2.93706396912804,0.0033133574970883,0.029982042015777,"ENSG00000187109","NAP1L1","nucleosome assembly protein 1 like 1","Down"
758.222417532346,-1.36523924629161,0.465030286085658,-2.93580716598776,0.0033268105870071,0.0300915296098164,"ENSG00000072958","AP1M1","adaptor related protein complex 1 subunit mu 1","Down"
128.616969972691,-2.67631839206733,0.911668028624161,-2.93562821996322,0.00332873010420033,0.0300939575972584,"ENSG00000151287","TEX30","testis expressed 30","Down"
43.2682956208726,-5.48690388888474,1.86913581002908,-2.93552980978915,0.00332978615972903,0.0300939575972584,"ENSG00000289888",NA,NA,"Down"
835.832842088115,1.42766723952016,0.486368420832051,2.93536171011635,0.00333159077034895,0.0300980323434247,"ENSG00000060762","MPC1","mitochondrial pyruvate carrier 1","Up"
10879.0150008677,3.15286376249094,1.07436558762609,2.93462839726418,0.00333947357102757,0.0301569926501446,"ENSG00000168528","SERINC2","serine incorporator 2","Up"
186.319070876877,1.47961378150594,0.504472649850823,2.93299107878986,0.00335713538336203,0.030304178229106,"ENSG00000196689","TRPV1","transient receptor potential cation channel subfamily V member 1","Up"
514.904410472653,-1.89657207742556,0.646721578810709,-2.93259439543252,0.00336142720150039,0.0303306051018499,"ENSG00000163788","SNRK","SNF related kinase","Down"
1031.01269214339,2.02643981981534,0.691093067717868,2.93222420318447,0.00336543691182896,0.0303463273889546,"ENSG00000147155","EBP","EBP cholestenol delta-isomerase","Up"
7659.09872990748,3.70658030214061,1.26410328768527,2.93218152207152,0.00336589948910008,0.0303463273889546,"ENSG00000211679","IGLC3","immunoglobulin lambda constant 3 (Kern-Oz+ marker)","Up"
470.763379487677,2.47909333442835,0.845674810674726,2.93149719388045,0.00337332413801314,0.0304009386138817,"ENSG00000187630","DHRS4L2","dehydrogenase/reductase 4 like 2","Up"
7047.84379091311,2.19331541518735,0.74824838058984,2.93126650465768,0.00337583036978718,0.030411197978719,"ENSG00000172725","CORO1B","coronin 1B","Up"
10.9731546715829,-6.46357205091567,2.20516449024141,-2.93110653627842,0.00337756927827869,0.0304145393940746,"ENSG00000211789","TRAV12-2","T cell receptor alpha variable 12-2","Down"
1343.13836193414,-1.97852796601635,0.675059306098756,-2.93089503120916,0.00337986965943802,0.0304229320397917,"ENSG00000060237","WNK1","WNK lysine deficient protein kinase 1","Down"
145.262136621804,-2.24401040101708,0.765789695279509,-2.93032201249199,0.0033861091215484,0.0304544353152854,"ENSG00000065600","PACC1","proton activated chloride channel 1","Down"
16.4681084990096,-4.19487148695755,1.43152832809768,-2.93034472641697,0.00338586159563679,0.0304544353152854,"ENSG00000211706","TRBV6-1","T cell receptor beta variable 6-1","Down"
704.653857902195,-2.72577136475701,0.930395356051915,-2.92969149837945,0.00339298675431282,0.0305039524903506,"ENSG00000165030","NFIL3","nuclear factor, interleukin 3 regulated","Down"
2311.30045066476,-2.64790115145612,0.903984196641978,-2.92914540020971,0.0033989538556639,0.0305452469979691,"ENSG00000101224","CDC25B","cell division cycle 25B","Down"
195.462799331224,-3.38272424677308,1.15496219040946,-2.92886145958927,0.00340206018968635,0.0305608097766855,"ENSG00000076662","ICAM3","intercellular adhesion molecule 3","Down"
7.81371640446901,5.29543817520843,1.8083688299582,2.92829542706221,0.00340826034563041,0.0305965317522902,"ENSG00000214146","LINC02026","long intergenic non-protein coding RNA 2026","Up"
45.9236752806368,4.36267700962672,1.48985953719035,2.92824719426508,0.00340878914903174,0.0305965317522902,"ENSG00000258647",NA,NA,"Up"
413.638391172409,-2.40034154563205,0.819903973897821,-2.92758862262959,0.00341601691826931,0.0306398932205288,"ENSG00000143751","SDE2","spliceosome associated SDE2","Down"
318.716432820725,-2.72549666017257,0.930980226449073,-2.92755590585216,0.00341637634568843,0.0306398932205288,"ENSG00000160201","U2AF1","U2 small nuclear RNA auxiliary factor 1","Down"
17.0281209277045,5.35552586476905,1.82953862518688,2.92725487783676,0.00341968506383238,0.0306572008162038,"ENSG00000291041",NA,NA,"Up"
17.266834075907,4.5272508286434,1.54696223471399,2.92654256649027,0.00342752598123101,0.0307027337392059,"ENSG00000183396","TMEM89","transmembrane protein 89","Up"
14.5713638051947,5.56076942839822,1.90008719197244,2.92658644923853,0.00342704245997229,0.0307027337392059,"ENSG00000308583",NA,NA,"Up"
2508.25972701861,2.8236118171365,0.964985217715934,2.92606743118805,0.00343276522859735,0.0307372812434172,"ENSG00000117480","FAAH","fatty acid amide hydrolase","Up"
1164.58359963204,-1.22952614981735,0.420272006083338,-2.92554853052368,0.00343849539762188,0.0307761949176035,"ENSG00000167635","ZNF146","zinc finger protein 146","Down"
865.351522704539,3.18749234948412,1.0896299640284,2.92529799538537,0.00344126514804664,0.0307816366708225,"ENSG00000130768","SMPDL3B","sphingomyelin phosphodiesterase acid like 3B","Up"
15.6422853601286,-4.1412703933963,1.41570128090928,-2.9252430927635,0.00344187238625758,0.0307816366708225,"ENSG00000160161","CILP2","cartilage intermediate layer protein 2","Down"
87.1468407916278,3.37985540791445,1.15546875455805,2.92509459436416,0.00344351530840242,0.0307839468643792,"ENSG00000187624","LIAT1","ligand of ATE1","Up"
15661.2944756706,-1.89680975638324,0.648659420834749,-2.92419981188629,0.00345342991332976,0.0308601717295259,"ENSG00000080824","HSP90AA1","heat shock protein 90 alpha family class A member 1","Down"
456.725153519257,-2.65194773469695,0.906955360730766,-2.92401131248641,0.00345552188459878,0.0308664596465587,"ENSG00000155629","PIK3AP1","phosphoinositide-3-kinase adaptor protein 1","Down"
146.480847719067,-3.21557980049561,1.0997704439269,-2.92386453759739,0.00345715159479478,0.0308686150229206,"ENSG00000120217","CD274","CD274 molecule","Down"
2461.84642230561,2.60397090213736,0.890777994135514,2.92325463727298,0.00346393109901156,0.0309167322859591,"ENSG00000143850","PLEKHA6","pleckstrin homology domain containing A6","Up"
16.9510513780545,2.87752340406396,0.984819319193956,2.92187952447879,0.00347926093676602,0.0310410948664201,"ENSG00000295570",NA,NA,"Up"
1694.38674255595,2.64275791288013,0.904564478297589,2.92158046914893,0.00348260298610796,0.0310584485319447,"ENSG00000057294","PKP2","plakophilin 2","Up"
2990.44115655375,2.2873008060463,0.783287908430118,2.92012781179088,0.00349887854736714,0.0311910853021706,"ENSG00000214253","FIS1","fission, mitochondrial 1","Up"
117.822004550985,-2.5567696470921,0.875798182980808,-2.91935938755896,0.00350751592873568,0.031255551760954,"ENSG00000115604","IL18R1","interleukin 18 receptor 1","Down"
1042.10315329213,-2.67008088828037,0.914693866009036,-2.91909783972903,0.00351046024903494,0.0312692558961514,"ENSG00000125354","SEPTIN6","septin 6","Down"
1217.4355206872,-2.89979707033078,0.993650121861586,-2.91832809812176,0.00351913850878582,0.0313340033904025,"ENSG00000186517","ARHGAP30","Rho GTPase activating protein 30","Down"
33.2324718175499,2.74743473325439,0.941516943882191,2.91809377527057,0.00352178419640087,0.0313450072212092,"ENSG00000150667","FSIP1","fibrous sheath interacting protein 1","Up"
7.63313139669965,5.61022633476174,1.92283623419841,2.91768286606088,0.00352642805150819,0.0313737794594564,"ENSG00000294931",NA,NA,"Up"
278.625915422663,-3.66235626626828,1.25557317578878,-2.91687998508529,0.00353551782390819,0.0314420671115803,"ENSG00000173200","PARP15","poly(ADP-ribose) polymerase family member 15","Down"
377.406723563245,-2.03742377240123,0.698571481505598,-2.91655732640283,0.00353917678727948,0.0314620221957556,"ENSG00000120526","NUDCD1","NudC domain containing 1","Down"
11.8162655408731,-3.25656163904868,1.11674997344173,-2.91610630534626,0.00354429715935737,0.0314949475395654,"ENSG00000235602","POU5F1P3","POU class 5 homeobox 1 pseudogene 3","Down"
5571.80154493235,-2.96397845810992,1.01664687778561,-2.9154453949299,0.00355181254759059,0.031536520914769,"ENSG00000108179","PPIF","peptidylprolyl isomerase F","Down"
11.1751753025266,3.18124687482525,1.09117006275302,2.91544552349519,0.00355181108423171,0.031536520914769,"ENSG00000210127",NA,NA,"Up"
893.469184898033,1.17574182510896,0.403404541439944,2.91454781572903,0.00356204237447067,0.0316147257930565,"ENSG00000143457","GOLPH3L","golgi phosphoprotein 3 like","Up"
2382.94725176179,1.13255004911671,0.38862358454988,2.91425969535142,0.0035653317982907,0.0316312936438137,"ENSG00000186815","TPCN1","two pore segment channel 1","Up"
7.87504109062577,-6.87521299348892,2.35969084685947,-2.9136075188151,0.00357278780169056,0.0316847990406806,"ENSG00000298853",NA,NA,"Down"
24.7686718765339,5.80437499997264,1.99237201745258,2.91329879617263,0.00357632221494308,0.0317034975298363,"ENSG00000169704","GP9","glycoprotein IX platelet","Up"
964.633379578342,1.35511077598152,0.465214459667757,2.91287329493004,0.0035811987815971,0.0317340743368866,"ENSG00000100014","SPECC1L","sperm antigen with calponin homology and coiled-coil domains 1 like","Up"
206.659032493718,1.7534139344519,0.602087952708518,2.91222225351644,0.00358867191791733,0.0317876265940462,"ENSG00000125434","SLC25A35","solute carrier family 25 member 35","Up"
576.223554231271,1.12751383053434,0.387203392029078,2.91194202774356,0.00359189292182946,0.0318034867905354,"ENSG00000135953","SLC67A2","solute carrier family 67 member 2","Up"
918.944276280506,2.00784089160002,0.689602879288656,2.91159006422822,0.00359594222760635,0.0318266654245111,"ENSG00000106789","CORO2A","coronin 2A","Up"
876.455941000596,2.10209980086612,0.722048762285025,2.91129894636718,0.00359929464711306,0.0318436601230659,"ENSG00000035664","DAPK2","death associated protein kinase 2","Up"
299.732452822061,-2.66418343952714,0.915213818233659,-2.91099564544267,0.0036027903862927,0.0318460630842751,"ENSG00000118257","NRP2","neuropilin 2","Down"
12.7066261436203,-5.09178111649322,1.74914937470303,-2.91100416587217,0.00360269214069415,0.0318460630842751,"ENSG00000211710","TRBV4-1","T cell receptor beta variable 4-1","Down"
415.684218545063,-3.03042306760945,1.04105958932628,-2.91090260219453,0.00360386338865813,0.0318460630842751,"ENSG00000028277","POU2F2","POU class 2 homeobox 2","Down"
1400.73874980693,-1.93113121791098,0.663563803286818,-2.91024195163381,0.0036114905698631,0.0319007826141304,"ENSG00000196396","PTPN1","protein tyrosine phosphatase non-receptor type 1","Down"
31.3626272301615,-2.2319099863593,0.766973726620923,-2.91002143736068,0.00361403966346661,0.0319106210634842,"ENSG00000271032",NA,NA,"Down"
5759.28199901891,2.15591712461207,0.740907420334335,2.90983335494091,0.00361621514536561,0.0319171541591559,"ENSG00000196642","RABL6","RAB, member RAS oncogene family like 6","Up"
21.5439306214848,-4.06500200774567,1.39722456598024,-2.90934049308947,0.00362192155250598,0.0319548340781212,"ENSG00000296867",NA,NA,"Down"
338.680579800399,2.73274948332576,0.939536881694599,2.90861331424991,0.00363035586277603,0.0320165418076555,"ENSG00000250067","YJEFN3","YjeF N-terminal domain containing 3","Up"
2484.59387391103,2.26834513312322,0.779942605277971,2.90834879101749,0.00363342840939407,0.0320214083723302,"ENSG00000008394","MGST1","microsomal glutathione S-transferase 1","Up"
101.277740615704,3.15404216367143,1.08449019337308,2.90831782799386,0.00363378821226956,0.0320214083723302,"ENSG00000223573","TINCR","TINCR ubiquitin domain containing","Up"
668.405064356252,-1.4849633985921,0.510648421176717,-2.90799567179747,0.00363753372061874,0.0320417144257197,"ENSG00000168404","MLKL","mixed lineage kinase domain like pseudokinase","Down"
3452.36299369573,1.59724839942887,0.549351142548988,2.90751811676888,0.00364309241377313,0.0320779697566012,"ENSG00000173153","ESRRA","estrogen related receptor alpha","Up"
1237.52071385066,2.66472135979519,0.916926016220495,2.906146529443,0.00365910053442343,0.0322061687180666,"ENSG00000170608","FOXA3","forkhead box A3","Up"
1184.7168804867,2.27398556592224,0.782625101794386,2.90558731212237,0.00366564562755121,0.0322255038502752,"ENSG00000142675","CNKSR1","connector enhancer of kinase suppressor of Ras 1","Up"
2427.93210577932,-1.28385350516832,0.44183312992491,-2.90574295636571,0.0036638228952672,0.0322255038502752,"ENSG00000135829","DHX9","DExH-box helicase 9","Down"
1810.09504900549,1.20300038209736,0.414026828749757,2.90560973000247,0.00366538304345351,0.0322255038502752,"ENSG00000186350","RXRA","retinoid X receptor alpha","Up"
256.6016084777,-2.46756665730073,0.849815955996672,-2.90364830159813,0.00368842238471386,0.0324129228772108,"ENSG00000171115","GIMAP8","GTPase, IMAP family member 8","Down"
415.333953693727,2.34253400518943,0.806829080875856,2.90338320805998,0.00369154630756985,0.0324275579044648,"ENSG00000169026","SLC49A3","solute carrier family 49 member 3","Up"
12.8169560265886,5.0255929741194,1.73126022821838,2.9028524378979,0.00369780825529723,0.0324313100355122,"ENSG00000073734","ABCB11","ATP binding cassette subfamily B member 11","Up"
19.4946117782424,3.25610922697047,1.12164741452079,2.90297038518258,0.0036964158967515,0.0324313100355122,"ENSG00000145920","CPLX2","complexin 2","Up"
879.486334563569,-3.96410099210342,1.3655012318804,-2.90303728737363,0.00369562633345082,0.0324313100355122,"ENSG00000136859","ANGPTL2","angiopoietin like 2","Down"
525.511386855983,2.58809751184184,0.891492919473599,2.90310495496704,0.0036948278930335,0.0324313100355122,"ENSG00000181031","RPH3AL","rabphilin 3A like (without C2 domains)","Up"
374.91460618753,-2.10903143727534,0.726724421584226,-2.90210618308072,0.00370662879329458,0.0324958509311193,"ENSG00000170802","FOXN2","forkhead box N2","Down"
3241.23423320254,2.62548619286484,0.905322988875371,2.90005470437277,0.00373097539331954,0.0326964035946683,"ENSG00000132698","RAB25","RAB25, member RAS oncogene family","Up"
14.5183117091398,3.72381083331577,1.28424101190656,2.8996199302088,0.00373615385068139,0.0327196451957333,"ENSG00000295019",NA,NA,"Up"
119.73866878681,-2.65875367271836,0.916942846161641,-2.89958494561357,0.00373657082498839,0.0327196451957333,"ENSG00000065328","MCM10","minichromosome maintenance 10 replication initiation factor","Down"
19.6683912797649,-6.13827398596086,2.11718205668534,-2.89926601568264,0.00374037403726756,0.0327271688195867,"ENSG00000305207",NA,NA,"Down"
401.678524803603,2.578234255715,0.889235818728688,2.8993819203111,0.00373899147761701,0.0327271688195867,"ENSG00000091622","PITPNM3","PITPNM family member 3","Up"
89.0242521959548,1.78223206193631,0.614850361085148,2.89864359645305,0.00374780646944943,0.0327793002499092,"ENSG00000248367","LOC124901151","uncharacterized LOC124901151","Up"
41.9985136643361,3.35491376764649,1.15746449891941,2.89850252062036,0.00374949294913809,0.0327803990248622,"ENSG00000232453","LINC02777","long intergenic non-protein coding RNA 2777","Up"
951.586556091922,1.61474152180204,0.557141088620471,2.89826321336357,0.00375235530599893,0.0327803990248622,"ENSG00000172375","C2CD2L","C2CD2 like","Up"
14.4263460635582,-4.53930724541814,1.56621110928938,-2.89827292023086,0.00375223916341178,0.0327803990248622,"ENSG00000215386","MIR99AHG","mir-99a-let-7c cluster host gene","Down"
324.349436262853,3.5177211293532,1.2143008720717,2.89691065061303,0.00376857069293816,0.0329091249866827,"ENSG00000137872","SEMA6D","semaphorin 6D","Up"
162.895789032641,1.32160346684254,0.456350048024105,2.89603008165505,0.00377916171679973,0.0329886542793908,"ENSG00000116761","CTH","cystathionine gamma-lyase","Up"
263.227226185289,-3.43336174568013,1.18561667672206,-2.89584467989479,0.00378139507673454,0.032995194953312,"ENSG00000088882","CPXM1","carboxypeptidase X, M14 family member 1","Down"
312.123499020197,-3.48091421854525,1.20254307540064,-2.89462746886265,0.00379608748067409,0.0331104013173115,"ENSG00000079263","SP140","SP140 nuclear body protein","Down"
2200.28337286289,1.53415462424904,0.530056968475769,2.89432026270809,0.00379980381665661,0.0331298189238143,"ENSG00000074755","ZZEF1","zinc finger ZZ-type and EF-hand domain containing 1","Up"
34.0750997312168,-5.22255414596628,1.80479703565422,-2.89370718302025,0.0038072302519592,0.0331815563276397,"ENSG00000204869","IGFL4","IGF like family member 4","Down"
94.0789339122497,3.34416846606691,1.15590813922085,2.89310919492364,0.00381448658152541,0.0332317712253348,"ENSG00000101958","GLRA2","glycine receptor alpha 2","Up"
13.9170632969249,4.20186831155328,1.45247136596347,2.89290956780139,0.00381691176760897,0.0332398743945359,"ENSG00000158865","SLC5A11","solute carrier family 5 member 11","Up"
1952.78827859478,-3.01465911306683,1.04230640984275,-2.89229643471314,0.00382436922648835,0.0332917780002019,"ENSG00000136490","LIMD2","LIM domain containing 2","Down"
20.713608601914,2.93957678838084,1.0164316288905,2.89205560396578,0.00382730203938468,0.0333042685877259,"ENSG00000186523","FAM86B1","family with sequence similarity 86 member B1 (gene/pseudogene)","Up"
24.5118816797762,-3.25122866071665,1.12429985411639,-2.89178073697416,0.0038306518393494,0.0333203765040122,"ENSG00000105352","CEACAM4","CEA cell adhesion molecule 4","Down"
1363.75640626675,2.81972832278185,0.975144491482186,2.89160052424227,0.00383284953483027,0.0333264543245528,"ENSG00000156463","SH3RF2","SH3 domain containing ring finger 2","Up"
1139.97518580518,-1.88799645928781,0.652955006413873,-2.89146486471857,0.00383450465933568,0.0333278116071189,"ENSG00000067955","CBFB","core-binding factor subunit beta","Down"
21608.0520865954,1.58258732099482,0.547464371643738,2.89075856433025,0.00384313242832462,0.033389747275866,"ENSG00000248527","MTATP6P1","MT-ATP6 pseudogene 1","Up"
101.391027368003,-2.18520693722258,0.756088805290224,-2.89014586902102,0.00385063105217995,0.0334388271883384,"ENSG00000023608","SNAPC1","small nuclear RNA activating complex polypeptide 1","Down"
213.096122782191,-2.32283475117379,0.803734779121797,-2.89005130985105,0.00385178952140218,0.0334388271883384,"ENSG00000154642","C21orf91","chromosome 21 open reading frame 91","Down"
86.9909908034201,2.36267682716939,0.817601690596989,2.88976509508466,0.00385529794361197,0.0334562213818598,"ENSG00000260265",NA,NA,"Up"
37.5695843902974,-3.64940913714205,1.26307862208659,-2.88929689199653,0.00386104343926978,0.0334814837348938,"ENSG00000170128","GPR25","G protein-coupled receptor 25","Down"
568.424743673675,2.83751440561988,0.982082736435121,2.88928244062188,0.00386122090119497,0.0334814837348938,"ENSG00000181284","TMEM102","transmembrane protein 102","Up"
75.6192587522858,-4.08352114459665,1.4146360612055,-2.88662310864381,0.00389400374848794,0.0337525868772446,"ENSG00000259884","NR4A1AS","NR4A1 antisense RNA","Down"
176.494054247126,-1.82159550784485,0.631180537352983,-2.88601343045871,0.00390155507645039,0.0338048612684028,"ENSG00000152193","OBI1","ORC ubiquitin ligase 1","Down"
1062.32666715137,-3.08000198478626,1.06758151588447,-2.88502745594516,0.00391379527301293,0.0338977056115686,"ENSG00000101187","SLCO4A1","solute carrier organic anion transporter family member 4A1","Down"
115.126540439308,5.12870143568694,1.7781929963072,2.88422091771692,0.00392383381409116,0.0339581927554258,"ENSG00000290851",NA,NA,"Up"
13.3514074546429,3.70621502300776,1.2849624334189,2.88429834726502,0.00392286907703794,0.0339581927554258,"ENSG00000304053",NA,NA,"Up"
715.342941666434,1.16942835811444,0.405700394660822,2.88249253267827,0.0039454248732934,0.0341317631159269,"ENSG00000119522","DENND1A","DENN domain containing 1A","Up"
335.502032126,-1.85333014885595,0.643092603700211,-2.88190244794032,0.00395282090586173,0.0341618407820298,"ENSG00000169403","PTAFR","platelet activating factor receptor","Down"
12.7652076831222,6.21385787142326,2.15620640851025,2.8818474181776,0.00395351128197557,0.0341618407820298,"ENSG00000170381","SEMA3E","semaphorin 3E","Up"
427.91526630872,-1.45112305963395,0.503505724296573,-2.88203885201356,0.00395111011997674,0.0341618407820298,"ENSG00000137574","TGS1","trimethylguanosine synthase 1","Down"
486.954468383653,-3.3323701425945,1.15685837671601,-2.88053422066593,0.0039700185239769,0.0342246691909959,"ENSG00000009790","TRAF3IP3","TRAF3 interacting protein 3","Down"
358.323436998027,1.82014309122654,0.63187232997455,2.88055514521399,0.00396975500691694,0.0342246691909959,"ENSG00000162174","ASRGL1","asparaginase and isoaspartyl peptidase 1","Up"
48.321839384035,1.88719966433467,0.655129241805822,2.88065246352418,0.00396852961997424,0.0342246691909959,"ENSG00000261474",NA,NA,"Up"
8.75669875531914,-4.51097378833755,1.5659525479248,-2.88065803418852,0.00396845948715145,0.0342246691909959,"ENSG00000300027",NA,NA,"Down"
2089.1258253995,1.83623622031988,0.637335703492672,2.88111306216975,0.00396273463425747,0.0342246691909959,"ENSG00000130669","PAK4","p21 (RAC1) activated kinase 4","Up"
16.4972991177283,6.42358049118058,2.22978872573439,2.88080230070449,0.00396664361132708,0.0342246691909959,"ENSG00000233215","LINC01687","long intergenic non-protein coding RNA 1687","Up"
12.2796396628713,-4.47815225279435,1.55499585135893,-2.87984836029037,0.00397866482782052,0.034283670534744,"ENSG00000289883",NA,NA,"Down"
427.119539124887,-1.7475264632026,0.606833373370356,-2.87974679687906,0.00397994664013738,0.034283670534744,"ENSG00000137692","DCUN1D5","defective in cullin neddylation 1 domain containing 5","Down"
685.694566913864,-1.35299256327149,0.470064622521829,-2.87831182872873,0.00399809721646463,0.0344266829642363,"ENSG00000196704","AMZ2","archaelysin family metallopeptidase 2","Down"
166.006994892521,-2.64673688416508,0.919657163493407,-2.87796038483645,0.00400255398979245,0.0344517161653332,"ENSG00000166592","RRAD","RRAD, Ras related glycolysis inhibitor and calcium channel regulator","Down"
631.109572534594,1.58369303731676,0.550504351381301,2.87680384967534,0.00401725224822722,0.0345496361533064,"ENSG00000143409","MINDY1","MINDY lysine 48 deubiquitinase 1","Up"
1826.32021419427,-1.59272486891726,0.553664142223518,-2.87669861104038,0.00401859214197141,0.0345496361533064,"ENSG00000162734","PEA15","proliferation and apoptosis adaptor protein 15","Down"
899.366229668743,2.23702553795307,0.777578396402168,2.87691318110652,0.00401586067473734,0.0345496361533064,"ENSG00000130545","CRB3","crumbs cell polarity complex component 3","Up"
14839.7595095501,1.6471005633474,0.573025029828281,2.87439549340627,0.00404801711705114,0.0347891629545411,"ENSG00000131143","COX4I1","cytochrome c oxidase subunit 4I1","Up"
751.757464745888,2.3808006227352,0.828465251576222,2.87374831739235,0.00405632066111328,0.0348470545821219,"ENSG00000100092","SH3BP1","SH3 domain binding protein 1","Up"
348.108243391342,-1.92345589001707,0.669585258316753,-2.87260788096259,0.00407099058123279,0.0349595726506561,"ENSG00000176890","TYMS","thymidylate synthetase","Down"
5.94566709118708,5.51593780747235,1.92057330038173,2.87202670493025,0.00407848500410073,0.03501040814524,"ENSG00000287045",NA,NA,"Up"
23.9668094151904,-3.73309066636779,1.30054239177816,-2.87041059942978,0.00409939099331624,0.03517628713022,"ENSG00000266970","SOCS3-DT","SOCS3 divergent transcript","Down"
262.249977347091,1.82305252660478,0.635197110327415,2.87005796620372,0.00410396557272889,0.0352007091005531,"ENSG00000104154","SLC30A4","solute carrier family 30 member 4","Up"
3130.08476887452,2.36014059908918,0.82236377360496,2.86994718741456,0.00410540362064203,0.0352007091005531,"ENSG00000132024","CC2D1A","coiled-coil and C2 domain containing 1A","Up"
526.182657916598,-2.15923000480182,0.752412953383783,-2.86974060599468,0.00410808652865127,0.0352101340753677,"ENSG00000153551","CMTM7","CKLF like MARVEL transmembrane domain containing 7","Down"
248.584167410963,-2.2451066970377,0.782371657747059,-2.86961660076334,0.00410969776976735,0.0352103701407466,"ENSG00000072736","NFATC3","nuclear factor of activated T cells 3","Down"
3300.58584511531,1.40288591836961,0.489003918905652,2.86886436720005,0.00411948408696381,0.0352806200714431,"ENSG00000156711","MAPK13","mitogen-activated protein kinase 13","Up"
70.0406896592818,-1.85977575246647,0.648678374571198,-2.86702289666409,0.00414353033712571,0.0354728956431713,"ENSG00000186272","ZNF17","zinc finger protein 17","Down"
185.884257851033,-2.7244157324927,0.950489673918533,-2.86632859593402,0.00415262965152906,0.0355371112557528,"ENSG00000181631","P2RY13","purinergic receptor P2Y13","Down"
28.8400190095793,3.29441675579147,1.14940389948464,2.86619591013097,0.004154370657258,0.0355383312130886,"ENSG00000172139","SLC9C1","solute carrier family 9 member C1","Up"
231.016345653979,-2.28165618747755,0.796276569197611,-2.86540666363789,0.00416474026308565,0.0355911703922725,"ENSG00000066294","CD84","CD84 molecule","Down"
485.812221002048,-1.39305535592851,0.486171092874291,-2.86536031521872,0.00416534994650713,0.0355911703922725,"ENSG00000171467","ZNF318","zinc finger protein 318","Down"
105.247096667221,-2.97441404358202,1.03801039271632,-2.865495436706,0.00416357273693839,0.0355911703922725,"ENSG00000188897","LOC400499","putative uncharacterized protein LOC400499","Down"
342.143621907187,1.33569029656763,0.466402517921366,2.86381450623476,0.00418573050669294,0.0357515737054568,"ENSG00000163235","TGFA","transforming growth factor alpha","Up"
1451.93759696517,-1.39336450448468,0.486629209850756,-2.86329812571673,0.0041925588034906,0.0357733382833853,"ENSG00000138385","SSB","small RNA binding exonuclease protection factor La","Down"
8.17843424182341,6.27600769511757,2.19191226514687,2.86325679860049,0.00419310572421635,0.0357733382833853,"ENSG00000229261","LOC101928994","uncharacterized LOC101928994","Up"
107.951592141855,-2.37303024914279,0.828755036393907,-2.86336751504807,0.00419164065453705,0.0357733382833853,"ENSG00000198056","PRIM1","DNA primase subunit 1","Down"
256.691716092468,1.43605555176671,0.501648611062921,2.86267223729358,0.00420084871096106,0.0358165421434387,"ENSG00000259953",NA,NA,"Up"
57.3801339258824,-5.55324366387171,1.93990881847513,-2.86263127987472,0.00420139171097414,0.0358165421434387,"ENSG00000203805","PLPP4","phospholipid phosphatase 4","Down"
90.7724755740457,2.26971451736842,0.793037282845457,2.86205272622817,0.00420906879010006,0.0358682354964717,"ENSG00000238142","LOC105376805","uncharacterized LOC105376805","Up"
8.75056673435491,-5.90686944484221,2.06418523227677,-2.86159853896785,0.00421510451108167,0.0359059075076164,"ENSG00000200879","SNORD14E","small nucleolar RNA, C/D box 14E","Down"
106.470484438927,-4.79017122871538,1.6740461807163,-2.86143314556933,0.00421730438284074,0.0359108879140935,"ENSG00000172031","EPHX4","epoxide hydrolase 4","Down"
36.5695097246688,-4.04665051844349,1.41433804908429,-2.86116216774588,0.00422091086748302,0.0359140877599503,"ENSG00000180549","FUT7","fucosyltransferase 7","Down"
55.9134080140584,-2.58380189215868,0.903028550614602,-2.86126268145137,0.00421957278919349,0.0359140877599503,"ENSG00000151743","AMN1","antagonist of mitotic exit network 1 homolog","Down"
8.54280302728823,6.00462693930645,2.09901987277798,2.86068131949582,0.00422731743626951,0.0359548387760444,"ENSG00000306740",NA,NA,"Up"
9.2628556163231,6.15654139268845,2.15226357815359,2.86049601692842,0.00422978866350033,0.0359620999447812,"ENSG00000262583",NA,NA,"Up"
135.763390599145,-1.47847185562629,0.516915069358999,-2.86018331301439,0.00423396190869956,0.0359838207630418,"ENSG00000116663","FBXO6","F-box protein 6","Down"
2465.72192390664,2.88706701019026,1.00949797832571,2.85990370676974,0.00423769660527024,0.0360017992453088,"ENSG00000065618","COL17A1","collagen type XVII alpha 1 chain","Up"
97.8149003819262,-1.44116258684029,0.503954575295328,-2.85970731785843,0.0042403215551682,0.0360103396241614,"ENSG00000120334","CENPL","centromere protein L","Down"
132.817477079125,3.38345789958985,1.18322577145377,2.85952011967485,0.00424282503377753,0.0360158388439235,"ENSG00000213316","LTC4S","leukotriene C4 synthase","Up"
21.0837218772645,-3.48874891517896,1.22009112569113,-2.85941667939166,0.00424420895835378,0.0360158388439235,"ENSG00000232656","IDI2-AS1","IDI2 antisense RNA 1","Down"
219.156450246149,-1.70875930086625,0.597615810102669,-2.85929400122914,0.00424585079665931,0.036016024708938,"ENSG00000155893","PXYLP1","2-phosphoxylose phosphatase 1","Down"
12.9760300502321,6.63935888486241,2.32247765091801,2.85873962328036,0.00425327738696989,0.0360377729209229,"ENSG00000080293","SCTR","secretin receptor","Up"
1000.83536753762,1.96773888933022,0.688307230837616,2.85880897536937,0.00425234768418444,0.0360377729209229,"ENSG00000141741","MIEN1","migration and invasion enhancer 1","Up"
5632.3713702544,2.00200239046031,0.700283840701198,2.8588441916005,0.00425187566185276,0.0360377729209229,"ENSG00000126934","MAP2K2","mitogen-activated protein kinase kinase 2","Up"
215.867507316125,2.08430305740606,0.729142406534389,2.85856787196447,0.00425558060116728,0.0360435518117151,"ENSG00000041353","RAB27B","RAB27B, member RAS oncogene family","Up"
222.125313100222,-2.188739771733,0.765830046166718,-2.857996735292,0.00426324777761738,0.0360947402283957,"ENSG00000111450","STX2","syntaxin 2","Down"
12.7537096135035,-3.28998795608452,1.1513197140256,-2.85757979821351,0.00426885282286923,0.0361284373090413,"ENSG00000158477","CD1A","CD1a molecule","Down"
45.9291513224222,9.87818685737832,3.45799752149474,2.85662057187028,0.00428177345282535,0.0361873028682508,"ENSG00000298053",NA,NA,"Up"
2739.56237809172,-2.09307903494427,0.732698725261353,-2.85667077446828,0.00428109635317611,0.0361873028682508,"ENSG00000173334","TRIB1","tribbles pseudokinase 1","Down"
377.180667850969,-4.55535042822646,1.59467890369947,-2.85659415049548,0.00428212984596722,0.0361873028682508,"ENSG00000177455","CD19","CD19 molecule","Down"
25.5994844779835,4.62521434951495,1.61914391251767,2.85658014322088,0.0042823187984693,0.0361873028682508,"ENSG00000265359",NA,NA,"Up"
26.743150070316,2.93210702574937,1.02655242303117,2.85626623635209,0.00428655525968952,0.0362093400792846,"ENSG00000307028",NA,NA,"Up"
9.69207174022783,5.83250382022293,2.04215173575016,2.8560580088729,0.00428936757685331,0.0362193351067906,"ENSG00000269667",NA,NA,"Up"
20.7280924147785,-6.15774519989422,2.15641814364817,-2.85554321550862,0.00429632755088897,0.0362643319813646,"ENSG00000126266","FFAR1","free fatty acid receptor 1","Down"
262.400721625371,-1.92848364189149,0.675427044268931,-2.85520643310758,0.00430088636722797,0.0362890347637872,"ENSG00000139350","NEDD1","NEDD1 gamma-tubulin ring complex targeting factor","Down"
1458.66985599955,-2.02085275913068,0.707854573351,-2.854898216683,0.00430506234697259,0.0363104898179976,"ENSG00000182481","KPNA2","karyopherin subunit alpha 2","Down"
7.54512321967228,-5.48877132470311,1.92277624378514,-2.85460741594042,0.00430900573457191,0.0363299675755545,"ENSG00000213023","SYT3","synaptotagmin 3","Down"
5.48976225969673,6.16753359346069,2.16091644922893,2.85412867103744,0.00431550486342737,0.0363597025519977,"ENSG00000227947","LINC01738","long intergenic non-protein coding RNA 1738","Up"
104.905539986654,-2.43273245576738,0.852416075790623,-2.85392606364327,0.00431825800497424,0.0363597025519977,"ENSG00000182118","FAM89A","family with sequence similarity 89 member A","Down"
65.3931110063714,2.94297871351747,1.0312241452556,2.85386909049536,0.00431903247449423,0.0363597025519977,"ENSG00000215018","COL28A1","collagen type XXVIII alpha 1 chain","Up"
3230.31111253478,-1.38964399418626,0.486933857515234,-2.85386602869937,0.00431907409885422,0.0363597025519977,"ENSG00000086061","DNAJA1","DnaJ heat shock protein family (Hsp40) member A1","Down"
15.8543056288816,-4.38719884348922,1.53748397944521,-2.85349239546047,0.00432415628157006,0.036374940071187,"ENSG00000073282","TP63","tumor protein p63","Down"
391.528640647574,-1.49725597429607,0.52468831229724,-2.85361030387859,0.00432255189865772,0.036374940071187,"ENSG00000111674","ENO2","enolase 2","Down"
20.6024437996312,2.84695084469928,0.997814199962429,2.85318734169796,0.00432830966174968,0.036392949232769,"ENSG00000260136","LOC124903667","uncharacterized LOC124903667","Up"
1282.35161597498,1.79983575884031,0.63083630659435,2.85309475695359,0.00432957094052418,0.036392949232769,"ENSG00000108984","MAP2K6","mitogen-activated protein kinase kinase 6","Up"
81.9869947513123,3.53364997249024,1.23863858684628,2.85284990312414,0.00433290818188301,0.0363934822847771,"ENSG00000305630",NA,NA,"Up"
230.294681062875,3.87069537129174,1.35674742029751,2.85292259515994,0.00433191718064618,0.0363934822847771,"ENSG00000251169","LINC01843","long intergenic non-protein coding RNA 1843","Up"
242579.185721257,1.46989855323993,0.515328542406802,2.8523523000975,0.00433969746137218,0.0364367423182355,"ENSG00000198888","MT-ND1","NADH dehydrogenase subunit 1","Up"
149.46532592831,-2.01763025654787,0.707407652234998,-2.85214649597489,0.00434250826435343,0.0364465784225631,"ENSG00000164603","SAMTOR","S-adenosylmethionine sensor upstream of mTORC1","Down"
291.0699147365,-1.7212191641277,0.603570758297664,-2.85172722578923,0.00434823962129936,0.0364624359024151,"ENSG00000124813","RUNX2","RUNX family transcription factor 2","Down"
1183.32066458707,-2.64905399503989,0.928955329364072,-2.85164841764063,0.00434931768151868,0.0364624359024151,"ENSG00000187764","SEMA4D","semaphorin 4D","Down"
210.006311218197,-1.97170208368296,0.691389933099201,-2.85179460864388,0.00434731804611137,0.0364624359024151,"ENSG00000010539","ZNF200","zinc finger protein 200","Down"
53.5540282643704,1.57686392284975,0.553076738992849,2.8510761919245,0.00435715274337182,0.0365005941761062,"ENSG00000121769","FABP3","fatty acid binding protein 3","Up"
334.95063753048,-1.51968497632356,0.533004953898684,-2.85116482540692,0.00435593831406043,0.0365005941761062,"ENSG00000156469","MTERF3","mitochondrial transcription termination factor 3","Down"
307.568290447898,-1.44085839792263,0.505422013233633,-2.85080261681556,0.00436090312323379,0.0365182520297012,"ENSG00000138303","ASCC1","activating signal cointegrator 1 complex subunit 1","Down"
31.1063115758896,3.49564930454672,1.22634227616687,2.85046790972006,0.0043654955279312,0.0365429450574151,"ENSG00000232756",NA,NA,"Up"
890.494153734013,5.05387316987512,1.77320411636602,2.8501361593004,0.00437005169071396,0.0365673162362226,"ENSG00000163515","RETNLB","resistin like beta","Up"
403.996371602152,2.42387414171007,0.850591354448837,2.84963411517471,0.00437695481490223,0.0366113003761179,"ENSG00000164124","TMEM144","transmembrane protein 144","Up"
10.2414134614278,-6.39773465922847,2.24533482583255,-2.84934548986752,0.00438092789619017,0.0366307521308748,"ENSG00000211724","TRBV6-6","T cell receptor beta variable 6-6","Down"
2306.07033957498,-1.42631217114469,0.500667369614113,-2.84882190793463,0.00438814362568256,0.0366772921916542,"ENSG00000155096","AZIN1","antizyme inhibitor 1","Down"
75.0836672853605,-3.22340399332419,1.1315744213517,-2.84860096914682,0.00439119171797404,0.0366889761239071,"ENSG00000177464","GPR4","G protein-coupled receptor 4","Down"
32.5818019449082,2.31034521707735,0.811179476529813,2.84813075764798,0.00439768518928221,0.0367294270523333,"ENSG00000213977","TAX1BP3","Tax1 binding protein 3","Up"
82.5273454250819,2.97254092473988,1.04379459492884,2.84782172582771,0.004401957558771,0.0367317384320442,"ENSG00000248663","LOC124900192","uncharacterized LOC124900192","Up"
16.4841397105868,-4.57809010817199,1.60757199358057,-2.84782897839314,0.00440185724885355,0.0367317384320442,"ENSG00000266389","PIK3R5-DT","PIK3R5 divergent transcript","Down"
62.5991457836607,-1.69442262514325,0.595048483477845,-2.84753708679325,0.00440589602553957,0.0367427930742015,"ENSG00000214226","C17orf67","chromosome 17 open reading frame 67","Down"
65.2408726634983,2.15348732692651,0.756419695904884,2.84694771776183,0.00441406110638568,0.0367970830814671,"ENSG00000214562","NUTM2D","NUT family member 2D","Up"
134.455073520709,-4.11015547104994,1.44381993182713,-2.84672304381379,0.00441717733362215,0.0368092592422868,"ENSG00000106236","NPTX2","neuronal pentraxin 2","Down"
205.457441719112,-1.5782904468181,0.554489894472729,-2.84638270697236,0.00442190160282404,0.0368210255938527,"ENSG00000145246","ATP10D","ATPase phospholipid transporting 10D (putative)","Down"
165.363738203779,-3.99261926547976,1.40264308201517,-2.84649695754644,0.00442031516229375,0.0368210255938527,"ENSG00000245164","LINC00861","long intergenic non-protein coding RNA 861","Down"
923.514333879935,2.89900433471651,1.01866687920295,2.84588062486612,0.00442887944452184,0.0368653226095298,"ENSG00000066248","NGEF","neuronal guanine nucleotide exchange factor","Up"
12740.3762400707,-2.37514118138082,0.834675268322962,-2.84558710617241,0.00443296333215402,0.0368855066481214,"ENSG00000177606","JUN","Jun proto-oncogene, AP-1 transcription factor subunit","Down"
511.748924564361,3.89318828720569,1.3684713890693,2.84491756152348,0.00444229185063284,0.0369492984343883,"ENSG00000135773","CAPN9","calpain 9","Up"
5.29195345561578,5.62193089619224,1.97645130704335,2.84445707119509,0.00444871801345997,0.0369753506291574,"ENSG00000287743",NA,NA,"Up"
81.4753107813284,2.58698885845942,0.909484969972531,2.84445476711677,0.00444875018814357,0.0369753506291574,"ENSG00000260996",NA,NA,"Up"
122.301648138192,-1.76592178171218,0.620954199053415,-2.84388411319894,0.00445672542835627,0.0370277938896281,"ENSG00000212719","LINC02693","long intergenic non-protein coding RNA 2693","Down"
15.1660488708996,3.43825532195937,1.20937628069889,2.84299880594022,0.00446912378557507,0.0371030728620951,"ENSG00000278396",NA,NA,"Up"
151.207473420599,3.06233345358382,1.07740221084021,2.842330768187,0.00447850005456806,0.0371670368470369,"ENSG00000102003","SYP","synaptophysin","Up"
2191.28592234733,-1.82455252804175,0.641962526102067,-2.84214802867117,0.00448106800475055,0.0371744719961265,"ENSG00000143799","PARP1","poly(ADP-ribose) polymerase 1","Down"
5.95352487236721,5.59984080007904,1.97070198566606,2.84154623114484,0.00448953420887576,0.0372308146460033,"ENSG00000297562",NA,NA,"Up"
14.3965097185284,-3.386327952625,1.19181436091777,-2.84132165517566,0.00449269729849727,0.037235852635842,"ENSG00000228509",NA,NA,"Down"
1678.55517435691,1.334923180662,0.469834048728664,2.84126530266209,0.00449349132469591,0.037235852635842,"ENSG00000198087","CD2AP","CD2 associated protein","Up"
211.464753789205,-2.04580009430759,0.720248771477424,-2.84040761376254,0.00450559215921469,0.0373072859449401,"ENSG00000118412","CASP8AP2","caspase 8 associated protein 2","Down"
6371.68890693458,1.92804637689112,0.678778873906028,2.8404631478823,0.00450480775461889,0.0373072859449401,"ENSG00000180879","SSR4","signal sequence receptor subunit 4","Up"
14.2469595116214,-3.4401161674989,1.21118156877226,-2.84029765329574,0.00450714568650696,0.0373072859449401,"ENSG00000136014","USP44","ubiquitin specific peptidase 44","Down"
5.46505298494726,-6.57880478022665,2.31657136674348,-2.83988867110743,0.00451292806855807,0.037341246649889,"ENSG00000126778","SIX1","SIX homeobox 1","Down"
10.9921642365769,-3.74729154794741,1.31978902058214,-2.83931104859059,0.00452110621586021,0.0373894321658961,"ENSG00000287626",NA,NA,"Down"
169.904104993029,-1.9136748499141,0.674009573822065,-2.83923986281432,0.00452211501345273,0.0373894321658961,"ENSG00000133874","RNF122","ring finger protein 122","Down"
1702.93593541578,-3.41633491732943,1.2033466362426,-2.83902810248989,0.00452511714593869,0.0374003455411357,"ENSG00000204262","COL5A2","collagen type V alpha 2 chain","Down"
213.493416162119,4.03313102003574,1.42085624456041,2.83852151509074,0.00453230637814141,0.0374458445578662,"ENSG00000253508",NA,NA,"Up"
534.928747498076,-1.41039612292847,0.49691455572588,-2.83830712277727,0.00453535204023886,0.0374570883769058,"ENSG00000116984","MTR","5-methyltetrahydrofolate-homocysteine methyltransferase","Down"
50.1547306981031,-4.97147621769117,1.75178422627893,-2.83795009859827,0.00454042804855012,0.0374711717904286,"ENSG00000185008","ROBO2","roundabout guidance receptor 2","Down"
1885.22694717367,-1.69683862100896,0.597890715188034,-2.83804143115905,0.00453912903388364,0.0374711717904286,"ENSG00000163513","TGFBR2","transforming growth factor beta receptor 2","Down"
42.1616168705597,2.52135927583666,0.888572214617215,2.83754008324785,0.004546263809656,0.0374914997329681,"ENSG00000137709","POU2F3","POU class 2 homeobox 3","Up"
4624.83650624071,2.30365149923325,0.811823155638861,2.8376272384352,0.00454502275887384,0.0374914997329681,"ENSG00000137648","TMPRSS4","transmembrane serine protease 4","Up"
27.9457596702694,5.65341917796877,1.99272952989988,2.83702283382774,0.00455363552837671,0.0375383680765293,"ENSG00000304612","LOC124904280","uncharacterized LOC124904280","Up"
70.7052430524591,-4.1119347980235,1.44950418289536,-2.83678712110371,0.00455699844126886,0.0375521669179876,"ENSG00000158055","GRHL3","grainyhead like transcription factor 3","Down"
23223.8561931961,2.52979220006764,0.891832337329688,2.8366230895398,0.00455934000648175,0.0375575421875171,"ENSG00000131981","LGALS3","galectin 3","Up"
8876.10270278209,2.26638247061247,0.799005761197411,2.83650329030921,0.00456105083976082,0.0375577197482971,"ENSG00000140264","SERF2","small EDRK-rich factor 2","Up"
308.366274404664,-1.59324144923409,0.561854099114166,-2.83568537053665,0.00457274696455063,0.0376400900639963,"ENSG00000064703","DDX20","DEAD-box helicase 20","Down"
1282.27933416956,-1.85616718153454,0.654682366650803,-2.8352179256488,0.0045794435458473,0.0376533906637659,"ENSG00000196923","PDLIM7","PDZ and LIM domain 7","Down"
15.6651809440163,6.65571990087943,2.34743543233693,2.83531542942312,0.00457804598121713,0.0376533906637659,"ENSG00000125851","PCSK2","proprotein convertase subtilisin/kexin type 2","Up"
884.638841958346,-1.56773754656542,0.552942695606437,-2.83526224149866,0.00457880829931786,0.0376533906637659,"ENSG00000267519",NA,NA,"Down"
333.3994027213,-1.01236798165373,0.357113753751503,-2.83486136005333,0.00458455764884917,0.0376815046975466,"ENSG00000143322","ABL2","ABL proto-oncogene 2, non-receptor tyrosine kinase","Down"
3988.47521950068,2.06263901293242,0.727677277034533,2.83455190649651,0.00458900023133888,0.0377040806146923,"ENSG00000175756","AURKAIP1","aurora kinase A interacting protein 1","Up"
1102.7665664058,2.01229627351145,0.710029556112166,2.83410212460728,0.00459546434991908,0.0377432430335245,"ENSG00000148468","FAM171A1","family with sequence similarity 171 member A1","Up"
1028.60892328195,-1.59390712131902,0.562509709612204,-2.83356374846909,0.00460321255825094,0.0377789681829432,"ENSG00000123908","AGO2","argonaute RISC catalytic component 2","Down"
1153.61152100391,1.66515022996006,0.587633602823402,2.83365386519681,0.00460191479134942,0.0377789681829432,"ENSG00000119421","NDUFA8","NADH:ubiquinone oxidoreductase subunit A8","Up"
100.957069349977,-2.35776007065885,0.832212441938085,-2.83312283239603,0.00460956694976165,0.0378032098834566,"ENSG00000234518",NA,NA,"Down"
212.872777170168,-3.77168757565549,1.33127188162106,-2.83314597696061,0.00460923319762544,0.0378032098834566,"ENSG00000185567","AHNAK2","AHNAK nucleoprotein 2","Down"
6.501608938558,-6.96356655988755,2.45808633835383,-2.83292187553958,0.00461246573298461,0.0378130348972887,"ENSG00000223485","LINC01615","long intergenic non-protein coding RNA 1615","Down"
14.4182546771748,-2.77885619941528,0.981192748820304,-2.83212060296647,0.00462404043354397,0.0378520953457228,"ENSG00000198216","CACNA1E","calcium voltage-gated channel subunit alpha1 E","Down"
664.136436286568,-3.52200363118338,1.24356047925438,-2.83219327884649,0.0046229895179953,0.0378520953457228,"ENSG00000198821","CD247","CD247 molecule","Down"
3309.97055090506,1.93728856857156,0.684001189000566,2.83228830552509,0.00462161572932318,0.0378520953457228,"ENSG00000106400","ZNHIT1","zinc finger HIT-type containing 1","Up"
89.9944670614852,1.41735242600657,0.500451722674068,2.83214616273717,0.00462367080674845,0.0378520953457228,"ENSG00000247373",NA,NA,"Up"
3738.78182951201,3.51199155227989,1.24079413583412,2.8304385480666,0.0046484239887165,0.0380376925068582,"ENSG00000148600","CDHR1","cadherin related family member 1","Up"
526.444728947152,-1.88996714044176,0.667765780515462,-2.83028450332219,0.0046506628750721,0.0380420116635313,"ENSG00000135185","TMEM243","transmembrane protein 243","Down"
113.874346506838,-1.67524020430171,0.591949697307704,-2.83003811290217,0.00465424594337503,0.0380573188889507,"ENSG00000168116","KIAA1586","KIAA1586","Down"
4497.95734661724,1.07946314549711,0.381477414920345,2.82969083693333,0.00465930035763571,0.038084641489454,"ENSG00000116459","ATP5PB","ATP synthase peripheral stalk-membrane subunit b","Up"
17.2946586543825,4.17175657582143,1.47438370795884,2.82949177564968,0.00466219982749729,0.0380943361869707,"ENSG00000185940","KRTAP5-5","keratin associated protein 5-5","Up"
2996.33166350494,2.48602846006781,0.878745947685207,2.82906392526361,0.00466843730399055,0.0381312882364518,"ENSG00000125170","DOK4","docking protein 4","Up"
90.1224527040434,-2.0496770729781,0.724756697578867,-2.82808986771047,0.00468266592764204,0.0382201684847788,"ENSG00000105948","IFT56","intraflagellar transport 56","Down"
269.875981802012,-1.33335575649168,0.471469704974706,-2.82808363384283,0.00468275711566309,0.0382201684847788,"ENSG00000156735","BAG4","BAG cochaperone 4","Down"
18.4148651896896,-4.67243061875807,1.65233711935949,-2.82777077632274,0.00468733561100788,0.0382434982163443,"ENSG00000309115",NA,NA,"Down"
2063.83398379907,-1.14446285281791,0.404820171873428,-2.82708948894905,0.00469731989653901,0.0383108999485516,"ENSG00000127603","MACF1","microtubule actin crosslinking factor 1","Down"
1356.44461889973,2.81513777823144,0.995835288049634,2.82691104845757,0.00469993812665579,0.0383181974220529,"ENSG00000187017","ESPN","espin","Up"
2210.89938419977,-2.739695131727,0.969806879824226,-2.82499040656792,0.00472820316624119,0.0385345091624048,"ENSG00000182871","COL18A1","collagen type XVIII alpha 1 chain","Down"
22.2553571622181,5.21362320044474,1.84565427445203,2.82481029768842,0.00473086160551431,0.0385420469312568,"ENSG00000218357","LINC01644","long intergenic non-protein coding RNA 1644","Up"
152.292285196032,-3.87838792802716,1.37325085720214,-2.82423849050347,0.00473931055034365,0.0385967368006558,"ENSG00000112280","COL9A1","collagen type IX alpha 1 chain","Down"
1282.42274898452,-1.65941332190105,0.587750584432724,-2.82332908865188,0.00475277588419504,0.0386922249115007,"ENSG00000184203","PPP1R2","protein phosphatase 1 regulatory inhibitor subunit 2","Down"
7.12686459957575,5.20811151302612,1.84503819793887,2.82276622719476,0.00476112740135401,0.0387460269086031,"ENSG00000289130",NA,NA,"Up"
8.84429527127151,4.97380215700628,1.762297675191,2.8223393964741,0.00476746940029,0.0387834420697576,"ENSG00000285040",NA,NA,"Up"
22.1873478745438,-5.85041738361495,2.07397881127535,-2.8208665159975,0.00478941272381035,0.0389050102625047,"ENSG00000306750",NA,NA,"Down"
7.71037366641478,5.60616811698613,1.98716677420292,2.82118652030847,0.00478463746660985,0.0389050102625047,"ENSG00000287900",NA,NA,"Up"
18.6066256341973,3.74762682839613,1.32845036679249,2.8210514461633,0.00478665258176959,0.0389050102625047,"ENSG00000288012",NA,NA,"Up"
195.318716556064,2.27692915403453,0.807141940955397,2.82097737523015,0.00478775794134144,0.0389050102625047,"ENSG00000101342","TLDC2","TBC/LysM-associated domain containing 2","Up"
6.03762910903173,5.97772482338626,2.11931437098008,2.82059372844334,0.0047934867948708,0.0389096721103915,"ENSG00000242428","CFAP20DC-AS1","CFAP20DC antisense RNA 1","Up"
5.51858270138221,-6.70565872735715,2.37735216874012,-2.8206417271829,0.00479276970835629,0.0389096721103915,"ENSG00000233665",NA,NA,"Down"
621.633781968326,-1.47129422056754,0.521669247116939,-2.82035835675345,0.00479700458164213,0.0389240156436677,"ENSG00000198612","COPS8","COP9 signalosome subunit 8","Down"
400.554304638606,3.00651525444901,1.06616307004957,2.81993940599465,0.00480327186029583,0.0389606505910096,"ENSG00000125850","OVOL2","ovo like zinc finger 2","Up"
8.5825948570373,-6.55233178276049,2.32374918670372,-2.81972418548969,0.00480649432366843,0.0389725704953028,"ENSG00000296974","LOC124902788","uncharacterized LOC124902788","Down"
514.341656423915,-2.33970667231342,0.829803689815978,-2.8195905863377,0.00480849566711695,0.038974584092968,"ENSG00000003056","M6PR","mannose-6-phosphate receptor, cation dependent","Down"
7.43418640299494,6.13049051166347,2.17489806160297,2.81874843694748,0.00482112860987313,0.0390627377490194,"ENSG00000297120",NA,NA,"Up"
249.607670995414,-1.87962992252505,0.666868878853639,-2.81858995392943,0.00482350934206466,0.039067789873269,"ENSG00000115825","PRKD3","protein kinase D3","Down"
6.49051926681452,7.02188887927039,2.49166334369803,2.81815314136651,0.00483007664868721,0.0391067349345458,"ENSG00000306164",NA,NA,"Up"
208.269493079673,-1.541044195336,0.546983554199146,-2.81735014426949,0.00484217050731434,0.0391850701908674,"ENSG00000146263","MMS22L","MMS22 like, DNA repair protein","Down"
107.869633743334,-3.6593687142175,1.29890280537554,-2.81727678089007,0.00484327679055924,0.0391850701908674,"ENSG00000124203","ZNF831","zinc finger protein 831","Down"
558.021645964885,-2.31286609468489,0.821022685297163,-2.81705504135706,0.00484662190262165,0.039197870047649,"ENSG00000177409","SAMD9L","sterile alpha motif domain containing 9 like","Down"
1441.78650335577,2.62240406740561,0.931151550686797,2.81630209977246,0.00485799621342292,0.0392755744774661,"ENSG00000124107","SLPI","secretory leukocyte peptidase inhibitor","Up"
6.62916938606285,5.14890873245229,1.82907668107118,2.81503164177725,0.00487724314963567,0.039404121799102,"ENSG00000251008","LTO1P1","LTO1 pseudogene 1","Up"
1040.65153539126,1.9566621271188,0.695079641025055,2.81501861316676,0.00487744088477168,0.039404121799102,"ENSG00000198324","PHETA1","PH domain containing endocytic trafficking adaptor 1","Up"
209.946141635377,1.85693049318251,0.659747750910665,2.81460678057537,0.00488369500430682,0.0394403163932995,"ENSG00000293492","NUDT16L2P","nudix hydrolase 16 like 2, pseudogene","Up"
137.482246353856,-3.1779102236024,1.12916442627177,-2.81439102194806,0.00488697442551166,0.0394524700081339,"ENSG00000227039","ITGB2-AS1","ITGB2 antisense RNA 1","Down"
28.1722329684718,-4.66470996959763,1.65759680222904,-2.81414030440019,0.00489078770681212,0.0394689230800559,"ENSG00000258947","TUBB3","tubulin beta 3 class III","Down"
3541.92516097885,1.46303673539902,0.519930509584498,2.81390822125096,0.00489431996753127,0.0394830971836439,"ENSG00000130724","CHMP2A","charged multivesicular body protein 2A","Up"
747.844123265699,-1.95470185163183,0.694941035558514,-2.81275928692405,0.00491184053966875,0.0396100655489501,"ENSG00000005302","MSL3","MSL complex subunit 3","Down"
40.7652851983718,2.2188116942361,0.788990335807893,2.81221656785457,0.00492013639788292,0.0396625788738691,"ENSG00000254343",NA,NA,"Up"
104.984952943637,-4.66944195879998,1.66091043872696,-2.81137492421263,0.00493302660505384,0.0397520770243429,"ENSG00000160856","FCRL3","Fc receptor like 3","Down"
1740.61135431029,1.92067978772339,0.683299081918902,2.81089180206356,0.00494043966157409,0.0397973894912234,"ENSG00000198435","NRARP","NOTCH regulated ankyrin repeat protein","Up"
1748.17290662213,-1.4097669253405,0.501722088642227,-2.80985620775766,0.00495636384113776,0.039896754989144,"ENSG00000163938","GNL3","G protein nucleolar 3","Down"
12.4049233104353,6.36228997489639,2.26420685426306,2.8099420169661,0.0049550426040785,0.039896754989144,"ENSG00000297358",NA,NA,"Up"
303.975784144558,-2.40132500542031,0.854874234445573,-2.80898044257666,0.00496986656187896,0.0399764990123932,"ENSG00000123219","CENPK","centromere protein K","Down"
367.693896653357,-1.38588536700669,0.493364737168113,-2.80904828132143,0.00496881942328616,0.0399764990123932,"ENSG00000130559","CAMSAP1","calmodulin regulated spectrin associated protein 1","Down"
159.270839760989,-2.407004803402,0.85696346694991,-2.8087601119905,0.00497326889574326,0.0399893986832043,"ENSG00000175471","MCTP1","multiple C2 and transmembrane domain containing 1","Down"
462.82918414428,-1.60605590215798,0.571939233711118,-2.80808835536047,0.00498365513265595,0.0400456536949138,"ENSG00000177575","CD163","CD163 molecule","Down"
12.8059014859728,-5.03983118298431,1.79476396787309,-2.80807464000786,0.00498386739413604,0.0400456536949138,"ENSG00000089558","KCNH4","potassium voltage-gated channel subfamily H member 4","Down"
34.5091795624421,-5.83327275252149,2.07752071077224,-2.80780486195644,0.00498804419426864,0.0400647350329388,"ENSG00000177508","IRX3","iroquois homeobox 3","Down"
162.638198345299,-2.84772444853649,1.01438249633572,-2.80734777938638,0.00499512813506217,0.0400781969782884,"ENSG00000164430","CGAS","cyclic GMP-AMP synthase","Down"
927.9049833093,-2.28000167699276,0.812144065101532,-2.80738575206817,0.00499453928190194,0.0400781969782884,"ENSG00000104549","SQLE","squalene epoxidase","Down"
202.677908978533,3.88848765059497,1.38503343411643,2.80750453730063,0.00499269765084202,0.0400781969782884,"ENSG00000088386","SLC15A1","solute carrier family 15 member 1","Up"
6.31285265018518,-7.08270571831588,2.52315522188562,-2.80708283694999,0.00499923842000588,0.0400967055526662,"ENSG00000259954","IL21R-AS1","IL21R antisense RNA 1","Down"
921.765281111555,-3.31686215971665,1.18170506815419,-2.8068443210602,0.00500294134234289,0.0401119346787989,"ENSG00000185862","EVI2B","ecotropic viral integration site 2B","Down"
78.3753280252002,1.40963366941937,0.502236086757603,2.80671522136104,0.00500494662951327,0.040113546652476,"ENSG00000287778",NA,NA,"Up"
162.170050278927,2.81582984584819,1.0033092562191,2.80654227835936,0.00500763406733287,0.0401206227816258,"ENSG00000304497",NA,NA,"Up"
17.43605532742,-5.48577330024779,1.95510239127956,-2.80587519339972,0.00501801242302213,0.040189290418246,"ENSG00000257831",NA,NA,"Down"
30.8349269586945,-2.5111098509142,0.895025699302748,-2.80562876895092,0.005021851154722,0.0401910787339576,"ENSG00000204421","LY6G6C","lymphocyte antigen 6 family member G6C","Down"
6.83433044950321,-7.16349508310502,2.55320678284901,-2.80568543496958,0.00502096819220217,0.0401910787339576,"ENSG00000290062",NA,NA,"Down"
78.663057885931,2.58182695374192,0.920275909077458,2.80549227495275,0.00502397856280386,0.0401936363392653,"ENSG00000233452","STXBP5-AS1","STXBP5 antisense RNA 1","Up"
33.1582479677763,3.33288606292595,1.1883598462823,2.80461012996411,0.00503774741803856,0.0402843121495851,"ENSG00000289191",NA,NA,"Up"
15.5170278094275,3.64802456648159,1.30075958779754,2.80453405894818,0.00503893635982531,0.0402843121495851,"ENSG00000302100",NA,NA,"Up"
880.111500221345,-1.05937200253814,0.377771444749407,-2.80426701716662,0.00504311206233621,0.0403032029050758,"ENSG00000133884","DPF2","double PHD fingers 2","Down"
31.5717817998186,3.99649569892337,1.42524771246008,2.80407094428879,0.0050461800235397,0.0403132304934812,"ENSG00000289604","CTAGE8","CTAGE family member 8","Up"
798.815676236378,-1.04432172357088,0.372651442245537,-2.80240891401888,0.00507225373478384,0.0404918882129659,"ENSG00000164916","FOXK1","forkhead box K1","Down"
35.9188248737971,2.36265355616589,0.843091731805537,2.8023683153743,0.00507289216197257,0.0404918882129659,"ENSG00000267365","KCNJ2-AS1","KCNJ2 antisense RNA 1","Up"
6.1179154635742,5.89420840064029,2.10334861348355,2.80229742366784,0.00507400713180061,0.0404918882129659,"ENSG00000275431",NA,NA,"Up"
88.3554463933373,-1.81924224123583,0.649233444005103,-2.80213882700338,0.0050765023089324,0.0404972643826674,"ENSG00000166004","CEP295","centrosomal protein 295","Down"
1141.46933253808,2.74916848659963,0.98123675842395,2.8017381768446,0.00508281061780692,0.0405227405224741,"ENSG00000116096","SPR","sepiapterin reductase","Up"
426.597425843295,-2.58549876320209,0.922830641028419,-2.80170450378713,0.00508334112882564,0.0405227405224741,"ENSG00000181896","ZNF101","zinc finger protein 101","Down"
592.869202808038,-1.97308416910031,0.70439174812324,-2.80111766549983,0.00509259466719504,0.0405819559984758,"ENSG00000115687","PASK","PAS domain containing serine/threonine kinase","Down"
403.989642132896,-1.75809422372725,0.627803425625956,-2.80038966333184,0.0051040953025295,0.0406590293303972,"ENSG00000139239","RPL14P1","ribosomal protein L14 pseudogene 1","Down"
43.3461296378832,-3.99563858188799,1.42716787888955,-2.79969766766116,0.00511504888116454,0.040731691180133,"ENSG00000174885","NLRP6","NLR family pyrin domain containing 6","Down"
118.461637492807,-3.14044799981987,1.12244500335699,-2.79786358389717,0.00514418339267656,0.0409490259109839,"ENSG00000107485","GATA3","GATA binding protein 3","Down"
9.42450457173059,5.14450569506877,1.83905525365279,2.79736331186929,0.00515215622834981,0.0409759151357172,"ENSG00000156687","UNC5D","unc-5 netrin receptor D","Up"
65.3284222726943,-4.77860111075129,1.70831827056152,-2.79725458253196,0.005153890524455,0.0409759151357172,"ENSG00000235532","LINC00402","long intergenic non-protein coding RNA 402","Down"
412.705558854776,1.93597798088108,0.692102343968396,2.7972423410395,0.00515408581641127,0.0409759151357172,"ENSG00000165948","IFI27L1","interferon alpha inducible protein 27 like 1","Up"
43.4107973653012,2.67205338185406,0.955263722156829,2.79718921579163,0.00515493341585036,0.0409759151357172,"ENSG00000128482","RNF112","ring finger protein 112","Up"
169.559676041841,-2.07343191810738,0.741319337922103,-2.79694837574202,0.0051587775360433,0.0409918159252505,"ENSG00000197299","BLM","BLM RecQ like helicase","Down"
490.14608981049,-2.60467461859678,0.931506178868787,-2.79619682368599,0.0051707899442338,0.041072587649214,"ENSG00000231721","LINC-PINT","long intergenic non-protein coding RNA, p53 induced transcript","Down"
16.3901029873152,-3.12789342927248,1.11881142168506,-2.79572890359085,0.00517828169177273,0.0411150691393962,"ENSG00000134571","MYBPC3","myosin binding protein C3","Down"
342.327293950453,-3.00201159710624,1.0738250505484,-2.79562447865518,0.00517995495050907,0.0411150691393962,"ENSG00000128815","WDFY4","WDFY family member 4","Down"
734.458170454316,4.16945142662237,1.49147803385612,2.79551648229276,0.00518168595010067,0.0411150691393962,"ENSG00000198417","MT1F","metallothionein 1F","Up"
91.9603004666602,-2.98444846028904,1.0679363126494,-2.7945940454867,0.00519649236898918,0.0412178433249149,"ENSG00000152784","PRDM8","PR/SET domain 8","Down"
584.912707478093,1.97083319212473,0.705275495078713,2.79441609112588,0.00519935318380672,0.0412258271524875,"ENSG00000162599","NFIA","nuclear factor I A","Up"
70.5263003783693,4.28458498705547,1.5335551895028,2.79389031212146,0.00520781398311003,0.0412781919024903,"ENSG00000151834","GABRA2","gamma-aminobutyric acid type A receptor subunit alpha2","Up"
9.63151318313302,6.57918501145941,2.35520414388785,2.79346698184678,0.00521463522242079,0.0412881000356415,"ENSG00000309161",NA,NA,"Up"
744.949664256244,-1.36114277394591,0.487227952371939,-2.79364672597201,0.00521173796949357,0.0412881000356415,"ENSG00000068438","FTSJ1","FtsJ RNA 2'-O-methyltransferase 1","Down"
246.687707823597,-1.55498387704334,0.556641785884974,-2.79350906898079,0.0052139566994449,0.0412881000356415,"ENSG00000180694","TMEM64","transmembrane protein 64","Down"
2338.30953158994,2.09256970052911,0.749125174234812,2.79335119483409,0.00521650233635812,0.0412881795814347,"ENSG00000120896","SORBS3","sorbin and SH3 domain containing 3","Up"
178.510968734865,-3.07772349621333,1.10185662150316,-2.79321595582434,0.00521868388659532,0.041290746921948,"ENSG00000078081","LAMP3","lysosomal associated membrane protein 3","Down"
138.619002116372,-2.1936626663164,0.78543248033855,-2.79293602089241,0.00522320215634316,0.0413117942162851,"ENSG00000153814","JAZF1","JAZF zinc finger 1","Down"
16.8961440672048,3.90140222405157,1.39725391022772,2.79219273998363,0.0052352161840351,0.0413806108094936,"ENSG00000235545","DOCK7-DT","DOCK7 divergent transcript","Up"
8.31844385133654,5.9779481631669,2.14097050506944,2.79216745350399,0.00523562534102935,0.0413806108094936,"ENSG00000295070",NA,NA,"Up"
197.816494370881,-1.52015047155198,0.544472738050877,-2.79196801844269,0.00523885338448862,0.0413914098426921,"ENSG00000110218","PANX1","pannexin 1","Down"
29093.655389267,3.61080203568352,1.29339546099621,2.7917231384919,0.00524281945532566,0.0414080301777107,"ENSG00000132465","JCHAIN","joining chain of multimeric IgA and IgM","Up"
37.5990157371623,-4.8075150595242,1.72232948224599,-2.79128651578036,0.00524989771849975,0.0414492102185387,"ENSG00000196711","ALKAL1","ALK and LTK ligand 1","Down"
1885.60937546203,1.84956291705293,0.662701794162935,2.79094297517201,0.00525547305817377,0.0414784992908688,"ENSG00000180902","D2HGDH","D-2-hydroxyglutarate dehydrogenase","Up"
289.322055803803,-1.16796269753212,0.41855683822994,-2.7904518355772,0.00526345307967576,0.0415267396452914,"ENSG00000138231","DBR1","debranching RNA lariats 1","Down"
7.52285217282027,-4.69850250165247,1.6838731890352,-2.79029473967963,0.00526600787865612,0.0415321579163396,"ENSG00000108813","DLX4","distal-less homeobox 4","Down"
10.9939261303547,-3.39174240552535,1.21562115038618,-2.7901311230459,0.00526866991306513,0.0415384177933252,"ENSG00000182308","DCAF4L1","DDB1 and CUL4 associated factor 4 like 1","Down"
7.8723433732387,-3.71832993642488,1.33284895978952,-2.78976091710502,0.00527469763250219,0.0415695863671125,"ENSG00000132321","DRC11","dynein regulatory complex subunit 11","Down"
287.229161691634,-2.30130769192046,0.824942376208468,-2.7896587183429,0.00527636273683225,0.0415695863671125,"ENSG00000168234","TTC39C","tetratricopeptide repeat domain 39C","Down"
7.50741421681189,5.87435804046524,2.10636688756485,2.78885795021993,0.00528942593820049,0.0416256301822838,"ENSG00000294207",NA,NA,"Up"
238.010969982816,-2.13620620792218,0.765979673334033,-2.78885495567271,0.00528947484404018,0.0416256301822838,"ENSG00000119900","OGFRL1","opioid growth factor receptor like 1","Down"
37.8321888211567,-3.28195045146191,1.17671299085151,-2.78908321483472,0.00528574817043194,0.0416256301822838,"ENSG00000211753","TRBV28","T cell receptor beta variable 28","Down"
499.850345866541,-1.20899042203076,0.433522000734421,-2.78876370745344,0.00529096527212405,0.0416256301822838,"ENSG00000170881","RNF139","ring finger protein 139","Down"
150.660798930372,-1.95840986647558,0.702316476047201,-2.78850053112518,0.00529526606061434,0.0416300036512159,"ENSG00000172007","RAB33B","RAB33B, member RAS oncogene family","Down"
5637.88798275129,2.51243666115589,0.900963574626718,2.78861069627241,0.00529346537403743,0.0416300036512159,"ENSG00000177106","EPS8L2","EPS8 signaling adaptor L2","Up"
414.010092602802,-1.17562786415358,0.421678852068845,-2.78796970345015,0.00530395037654118,0.0416835379008978,"ENSG00000176731","RBIS","ribosomal biogenesis factor","Down"
16.2022867530269,-3.02452395230324,1.08508831470533,-2.7873528000572,0.00531405904747318,0.0417482243118273,"ENSG00000237989","LINC01679","long intergenic non-protein coding RNA 1679","Down"
2092.06842598745,1.56714487796151,0.56243298350854,2.78636730759535,0.00533024357862457,0.0418605812375698,"ENSG00000241468","ATP5MF","ATP synthase membrane subunit f","Up"
744.200811686804,-1.80160602390997,0.646669533488501,-2.78597634589507,0.00533667658232915,0.0418963031267387,"ENSG00000184205","TSPYL2","TSPY like 2","Down"
70.3741893535492,1.97034873288038,0.707327389951813,2.78562481938472,0.00534246669278314,0.0419269544584001,"ENSG00000147614","ATP6V0D2","ATPase H+ transporting V0 subunit d2","Up"
11.748918394434,2.9454797969069,1.05764317922771,2.78494661976421,0.00535365357853426,0.0419851075878491,"ENSG00000252965",NA,NA,"Up"
5.17885181199229,6.58796373451059,2.36546946610085,2.78505549486967,0.00535185626223069,0.0419851075878491,"ENSG00000262296",NA,NA,"Up"
678.565051695211,-1.58637336639873,0.569757867214233,-2.78429392147777,0.00536443979128862,0.0420548624399577,"ENSG00000129292","PHF20L1","PHD finger protein 20 like 1","Down"
839.298646556297,-1.25964932843482,0.452447909449752,-2.78407591708569,0.00536804680801129,0.0420683061975731,"ENSG00000155097","ATP6V1C1","ATPase H+ transporting V1 subunit C1","Down"
4941.82374072506,-3.33526985004865,1.19823406471059,-2.78348775775643,0.00537778919311444,0.0421298051904557,"ENSG00000102879","CORO1A","coronin 1A","Down"
1602.55493133127,-1.23971177095691,0.445466268710146,-2.78295318419174,0.00538665782005646,0.0421844182153277,"ENSG00000002549","LAP3","leucine aminopeptidase 3","Down"
2963.21847312378,2.78435217770214,1.00091287560268,2.78181272873085,0.00540562223913056,0.0423180279023203,"ENSG00000173597","SULT1B1","sulfotransferase family 1B member 1","Up"
15.8335512118264,3.38143509927701,1.21580510103495,2.78123121575866,0.00541531529540422,0.0423789880192615,"ENSG00000301821",NA,NA,"Up"
2138.92609019323,-1.43672202858582,0.5166453014684,-2.78086730780749,0.005421389142183,0.0423959594689498,"ENSG00000147649","MTDH","metadherin","Down"
887.351341909157,-3.29827302228484,1.18618420273064,-2.78057405813709,0.00542628813323767,0.0423959594689498,"ENSG00000013725","CD6","CD6 molecule","Down"
47.3606079720279,-3.83343172604182,1.3786611498824,-2.78054671111085,0.00542674519278975,0.0423959594689498,"ENSG00000123405","NFE2","nuclear factor, erythroid 2","Down"
4016.5324621697,1.13190836004205,0.407063832874883,2.78066550901358,0.00542475993805725,0.0423959594689498,"ENSG00000134287","ARF3","ARF GTPase 3","Up"
189.253067410662,2.32605555978601,0.836551037158909,2.78053036391629,0.00542701842525215,0.0423959594689498,"ENSG00000136425","CIB2","calcium and integrin binding family member 2","Up"
394.601305341977,-2.47224284033649,0.88921254648314,-2.78026086126909,0.00543152477293672,0.0423984478682082,"ENSG00000158987","RAPGEF6","Rap guanine nucleotide exchange factor 6","Down"
7.36238318580175,5.6494075134141,2.03212058578012,2.78005525506023,0.00543496498108188,0.0423984478682082,"ENSG00000304281",NA,NA,"Up"
76.2263705855701,-3.86357755956661,1.3897219990148,-2.78010822474248,0.00543407850299753,0.0423984478682082,"ENSG00000196329","GIMAP5","GTPase, IMAP family member 5","Down"
3603.51665961844,-1.18829610469652,0.427395740872447,-2.78031807773947,0.00543056777526278,0.0423984478682082,"ENSG00000168610","STAT3","signal transducer and activator of transcription 3","Down"
869.491438534649,-1.54208657492618,0.55476034106915,-2.77973470842243,0.00544033229940677,0.0424119800675419,"ENSG00000135334","AKIRIN2","akirin 2","Down"
36.2116397410444,3.38040774458319,1.21609482661888,2.77972380984612,0.00544051487215533,0.0424119800675419,"ENSG00000279141","LINC01451","long intergenic non-protein coding RNA 1451","Up"
1417.42538213223,-2.2575756707581,0.812286103157694,-2.7792863400986,0.00544784792580268,0.0424542597036001,"ENSG00000125977","EIF2S2","eukaryotic translation initiation factor 2 subunit beta","Down"
7.98928593866496,5.43037523501339,1.95399841673644,2.77910933217806,0.00545081754233365,0.0424625180163644,"ENSG00000180347","ITPRID1","ITPR interacting domain containing 1","Up"
164.716814825838,-2.29493496230167,0.826036896034624,-2.7782475254053,0.00546529674084557,0.0425604001538423,"ENSG00000092853","CLSPN","claspin","Down"
15.5782843698017,-3.6590593454244,1.31717205071657,-2.77796613087393,0.00547003195808964,0.0425823601275234,"ENSG00000163449","TMEM169","transmembrane protein 169","Down"
1222.38034575568,2.05789067750514,0.740915335265741,2.77749775116619,0.00547792191480599,0.0426288547188945,"ENSG00000065717","TLE2","TLE family member 2, transcriptional corepressor","Up"
135.78551601904,-4.30444778290707,1.55042024428009,-2.77631035765129,0.00549796986348277,0.0427277807499769,"ENSG00000186265","BTLA","B and T lymphocyte associated","Down"
1555.24209389035,1.17214654760362,0.422159683277576,2.77654781835934,0.00549395528806526,0.0427277807499769,"ENSG00000156052","GNAQ","G protein subunit alpha q","Up"
11.3263996255112,-6.5325700006121,2.35283227244405,-2.77647075701927,0.00549525781798546,0.0427277807499769,"ENSG00000291144",NA,NA,"Down"
507.465410469317,3.49391214414647,1.25848261040901,2.7762895690795,0.0054983214467541,0.0427277807499769,"ENSG00000184564","SLITRK6","SLIT and NTRK like family member 6","Up"
75.0229997016252,3.90504051633004,1.40678774286436,2.77585622716543,0.00550565489172783,0.0427548813160268,"ENSG00000112183","RBM24","RNA binding motif protein 24","Up"
10.937907436181,4.41596615705991,1.59084472798754,2.77586245808303,0.00550554938338908,0.0427548813160268,"ENSG00000240654","C1QTNF9","C1q and TNF related 9","Up"
24.0354455495765,-6.35486040599015,2.28957383909909,-2.77556473500357,0.00551059277844761,0.0427633540115971,"ENSG00000214407","RDUR","RIG-I dependent antiviral response regulator RNA","Down"
11.8165908659675,-8.13660294190885,2.93148310584258,-2.77559264308644,0.00551011984165312,0.0427633540115971,"ENSG00000305435",NA,NA,"Down"
2019.87144504065,-2.34508099213431,0.845403869882879,-2.77391797657515,0.00553856406921053,0.042965420429434,"ENSG00000102445","RUBCNL","rubicon like autophagy enhancer","Down"
2389.4606390167,2.10356426038036,0.758444346294444,2.77352487451164,0.0055452600850515,0.0430023604712068,"ENSG00000145494","NDUFS6","NADH:ubiquinone oxidoreductase subunit S6","Up"
16.2345188347094,3.58170030452159,1.29145106348788,2.77339219873212,0.00554752170405302,0.0430048989003524,"ENSG00000288936",NA,NA,"Up"
1486.59466806046,2.17093392800601,0.783177006777845,2.77195820257503,0.00557201907191341,0.0431797490504883,"ENSG00000215845","TSTD1","thiosulfate sulfurtransferase like domain containing 1","Up"
166.471997330694,-3.59714283745657,1.29824134429887,-2.77078129829493,0.0055921973496199,0.0433210187017767,"ENSG00000183813","CCR4","C-C motif chemokine receptor 4","Down"
22.1575818392553,4.05399377376753,1.463267940042,2.77050679703348,0.00559691320494762,0.0433424490719611,"ENSG00000162989","KCNJ3","potassium inwardly rectifying channel subfamily J member 3","Up"
1523.31046926783,1.34327577793376,0.484873548182118,2.77036308326152,0.00559938359832746,0.0433464817345454,"ENSG00000157600","TMEM164","transmembrane protein 164","Up"
650.497708132306,-1.85664305386616,0.67023860497184,-2.77012252068674,0.00560352099312744,0.0433634118483127,"ENSG00000181026","AEN","apoptosis enhancing nuclease","Down"
227.990331968624,1.15004820108345,0.415388200655877,2.76861066170772,0.00562958639689423,0.0434981138906601,"ENSG00000173436","MICOS10","mitochondrial contact site and cristae organizing system subunit 10","Up"
471.72861915047,-3.74028765850872,1.35095134976837,-2.76863238572581,0.0056292110878409,0.0434981138906601,"ENSG00000117122","MFAP2","microfibril associated protein 2","Down"
10.389165517361,4.05634220044827,1.46494357878483,2.76894090611531,0.0056238834558396,0.0434981138906601,"ENSG00000302512",NA,NA,"Up"
181.708466847165,1.67473068175178,0.60493704650758,2.76843795799965,0.00563257086841014,0.0434981138906601,"ENSG00000182165","TP53TG1","TP53 target 1","Up"
18.097820156377,-2.6662460024076,0.963088702075772,-2.76843243686793,0.00563266630194802,0.0434981138906601,"ENSG00000260368",NA,NA,"Down"
10.9194209906961,5.60229101703159,2.02341541387704,2.76873002874734,0.00562752446362315,0.0434981138906601,"ENSG00000230563","LOC124904863","uncharacterized LOC124904863","Up"
5272.79767085549,2.82163432940757,1.01933277187294,2.76811891785159,0.00563808791606206,0.0435248641103499,"ENSG00000108846","ABCC3","ATP binding cassette subfamily C member 3","Up"
14.03653962083,2.98223432424766,1.07740790247736,2.76797145945412,0.00564063950851367,0.0435294474810081,"ENSG00000236120","LINC03070","long intergenic non-protein coding RNA 3070","Up"
261.758359586364,-3.1420735217175,1.13582692435603,-2.76633125552905,0.00566909160743358,0.0437338354295873,"ENSG00000185905","C16orf54","chromosome 16 open reading frame 54","Down"
135.070120169827,-2.04318910606062,0.738770000929184,-2.76566333702074,0.00568071482279068,0.0437875089961903,"ENSG00000179862","CITED4","Cbp/p300 interacting transactivator with Glu/Asp rich carboxy-terminal domain 4","Down"
14.45434467773,3.31355068858755,1.19811918795763,2.7656269275146,0.00568134904369678,0.0437875089961903,"ENSG00000271993",NA,NA,"Up"
2879.67913735204,2.82888544879253,1.02288604192103,2.76559199447063,0.0056819576059915,0.0437875089961903,"ENSG00000160113","NR2F6","nuclear receptor subfamily 2 group F member 6","Up"
42.2248413189109,2.00463129931563,0.724984301991517,2.76506855915218,0.00569108332251955,0.0438426387767072,"ENSG00000267751",NA,NA,"Up"
36.54526073581,-2.91894616328459,1.05577050635866,-2.76475440988781,0.00569656663372614,0.043869679933368,"ENSG00000187775","DNAH17","dynein axonemal heavy chain 17","Down"
2488.04570826452,3.7809314484248,1.36780001485214,2.76424287715301,0.00570550536734484,0.04392330361225,"ENSG00000163501","IHH","Indian hedgehog signaling molecule","Up"
755.387064052114,1.97611040592806,0.715045066758255,2.76361658557691,0.00571646666874195,0.043992455329228,"ENSG00000075651","PLD1","phospholipase D1","Up"
110.277500307021,2.86542183709805,1.03695822822787,2.76329533735892,0.0057220964936366,0.0440205437173088,"ENSG00000291057","ABCC6P1","ATP binding cassette subfamily C member 6 pseudogene 1","Up"
953.306044028496,1.09094555394578,0.394902428869234,2.76256987598077,0.00573482849140864,0.0440879812757566,"ENSG00000158793","NIT1","nitrilase 1","Up"
194.696665625342,-2.41349132534794,0.873614301826344,-2.76265088644084,0.00573340547496742,0.0440879812757566,"ENSG00000102524","TNFSF13B","TNF superfamily member 13b","Down"
566.01718673544,-1.66195051551222,0.601758994918654,-2.76182081123172,0.00574800153607969,0.0441739779300587,"ENSG00000062598","ELMO2","engulfment and cell motility 2","Down"
37.4893700369,-3.81625463320022,1.38189197798519,-2.7616157369727,0.00575161272442209,0.044186456704242,"ENSG00000224411",NA,NA,"Down"
124.300739241466,-1.41906482378433,0.513992196630211,-2.76086841996411,0.00576478967802229,0.0442723899521484,"ENSG00000175595","ERCC4","ERCC excision repair 4, endonuclease catalytic subunit","Down"
5.61309038429855,-6.70407089897316,2.42873616126278,-2.76031254687108,0.00577460867368321,0.0442737273412339,"ENSG00000229989",NA,NA,"Down"
58.1919781126143,5.02375342863307,1.82008031442785,2.76018227811684,0.00577691193347364,0.0442737273412339,"ENSG00000235026","DPP10-AS1","DPP10 antisense RNA 1","Up"
11.0069603672589,-5.35839822742125,1.94109351500338,-2.76050493497833,0.00577120860656267,0.0442737273412339,"ENSG00000308192",NA,NA,"Down"
2604.45084925015,2.04237574619034,0.739867467262199,2.76046161854897,0.00577197397853966,0.0442737273412339,"ENSG00000164897","TMUB1","transmembrane and ubiquitin like domain containing 1","Up"
19.9542150949276,3.59476182958333,1.30235292684023,2.76020559058822,0.0057764996887681,0.0442737273412339,"ENSG00000108786","HSD17B1","hydroxysteroid 17-beta dehydrogenase 1","Up"
810.705206472355,-1.26732051342366,0.4591433928535,-2.76018458100305,0.00577687120934103,0.0442737273412339,"ENSG00000129347","KRI1","KRI1 homolog","Down"
88.9768735143647,-3.25976300541814,1.18117946500642,-2.75975252024925,0.00578451628480802,0.0443167300345061,"ENSG00000157734","SNX22","sorting nexin 22","Down"
61.4716800356403,-1.91002756883512,0.692223485490424,-2.75926432556953,0.00579316559529399,0.044350971517043,"ENSG00000188295","ZNF669","zinc finger protein 669","Down"
141.820903834218,-2.29554546263333,0.831971810270462,-2.75916255129736,0.00579497019102279,0.044350971517043,"ENSG00000163507","CIP2A","cellular inhibitor of PP2A","Down"
1716.53852694796,1.39680698303842,0.506216403954946,2.7593080195061,0.00579239099807469,0.044350971517043,"ENSG00000163882","POLR2H","RNA polymerase II, I and III subunit H","Up"
433.276518556909,2.41876642194972,0.877050181162887,2.75784267981412,0.005818419251678,0.0445151119141628,"ENSG00000004799","PDK4","pyruvate dehydrogenase kinase 4","Up"
21.6484070303574,2.71582421744254,0.984805087590295,2.75772764749607,0.00582046698249596,0.0445154600694299,"ENSG00000287527",NA,NA,"Up"
419.747011676677,-1.54169146757438,0.559091393274848,-2.7574945458273,0.0058246184998177,0.0445318924024921,"ENSG00000093183","SEC22C","SEC22 homolog C, vesicle trafficking protein","Down"
2969.64323290895,-1.51718169051545,0.550278896135318,-2.75711407646344,0.00583140035583687,0.0445684166762877,"ENSG00000122565","CBX3","chromobox 3","Down"
59.5404460042459,-2.50882325243109,0.910301794182454,-2.75603461232796,0.00585068054182413,0.0446846885585099,"ENSG00000253893",NA,NA,"Down"
742.104663845464,2.93503816272692,1.06499206396402,2.75592491440958,0.00585264305682457,0.0446846885585099,"ENSG00000183048","SLC25A10","solute carrier family 25 member 10","Up"
98.166350143901,-1.5943749242421,0.57852559267144,-2.75592807723477,0.00585258646502019,0.0446846885585099,"ENSG00000284194","SCO2","synthesis of cytochrome C oxidase 2","Down"
1460.73504504215,1.13879865764819,0.413263228802367,2.75562541808625,0.00585800412064851,0.0446894274801579,"ENSG00000117143","UAP1","UDP-N-acetylglucosamine pyrophosphorylase 1","Up"
104.482958738113,-1.52733203134425,0.554274154285085,-2.7555534017534,0.00585929389217201,0.0446894274801579,"ENSG00000163577","EIF5A2","eukaryotic translation initiation factor 5A2","Down"
213.25617996836,-1.18926026970555,0.431554695600687,-2.7557579185883,0.00585563178066904,0.0446894274801579,"ENSG00000179611","DGKZP1","diacylglycerol kinase zeta pseudogene 1","Down"
1116.32479690374,1.23087117159654,0.446762277417239,2.75509198921691,0.00586756360384001,0.0447371541852452,"ENSG00000143891","GALM","galactose mutarotase","Up"
57.6770218956179,-3.17260800937975,1.15192526483889,-2.75417868347862,0.00588396344508997,0.0447960238831403,"ENSG00000169252","ADRB2","adrenoceptor beta 2","Down"
16.7117324289893,4.18746494932218,1.5203379845591,2.75429870979416,0.00588180582831604,0.0447960238831403,"ENSG00000252147","RNY3P16","RNY3 pseudogene 16","Up"
352.296579205265,1.28246944818046,0.465621306371345,2.7543186504392,0.00588144744042769,0.0447960238831403,"ENSG00000141026","MED9","mediator complex subunit 9","Up"
164.800891227505,-1.44772517185906,0.525589108667615,-2.7544809205219,0.00587853173529184,0.0447960238831403,"ENSG00000101298","SNPH","syntaphilin","Down"
13.2948838151895,-4.30017568639347,1.56137177681524,-2.75410107332964,0.00588535896022367,0.0447960238831403,"ENSG00000105509","HAS1","hyaluronan synthase 1","Down"
898.601717840292,-2.43303720203975,0.883552702482086,-2.75369787812864,0.00589261365159385,0.0448358929896941,"ENSG00000149212","SESN3","sestrin 3","Down"
3172.6050485779,-1.96932629465521,0.715257577013839,-2.75331063653605,0.00589958887676243,0.044858743189215,"ENSG00000168394","TAP1","transporter 1, ATP binding cassette subfamily B member","Down"
271.08309780677,-1.74368235110552,0.633304702183589,-2.75330712861191,0.00589965209756959,0.044858743189215,"ENSG00000197535","MYO5A","myosin VA","Down"
8.79771201616245,6.56282752203025,2.3839705402152,2.75289791183319,0.00590703131052117,0.0448994964536127,"ENSG00000238724","LOC124902825","small nucleolar RNA U13","Up"
193.527206522794,-1.61250817695939,0.585931962610296,-2.75203996343832,0.00592252929798657,0.0450019117847353,"ENSG00000198081","ZBTB14","zinc finger and BTB domain containing 14","Down"
5453.39963103706,3.18761887462031,1.15844454101788,2.75163701131473,0.00592982086820568,0.0450419225701458,"ENSG00000210140",NA,NA,"Up"
5162.40745014274,1.97756527411536,0.718748501002745,2.7514009022021,0.00593409710948405,0.0450590099163794,"ENSG00000129250","KIF1C","kinesin family member 1C","Up"
23.8693963288394,4.02043903937058,1.46138609607267,2.75111351488503,0.00593930581518494,0.0450831636015728,"ENSG00000307779",NA,NA,"Up"
11.5882964511188,2.99355476655022,1.08836036603662,2.75051799015024,0.00595011242553497,0.0451343737826404,"ENSG00000288766",NA,NA,"Up"
2116.08817873375,1.20253006800582,0.437197485709669,2.75054204864387,0.00594967550806021,0.0451343737826404,"ENSG00000147853","AK3","adenylate kinase 3","Up"
1257.60573577528,-2.78182812675081,1.01152784188395,-2.75012511921542,0.00595725130274373,0.0451731133062419,"ENSG00000055163","CYFIP2","cytoplasmic FMR1 interacting protein 2","Down"
58.3302275161569,3.71766185585316,1.35194625817233,2.7498591999352,0.00596208771430473,0.0451809640830139,"ENSG00000162409","PRKAA2","protein kinase AMP-activated catalytic subunit alpha 2","Up"
30.6127661419938,2.46363829719683,0.895919056205072,2.74984473221531,0.0059623509476707,0.0451809640830139,"ENSG00000287769","LOC124902204","uncharacterized LOC124902204","Up"
116.067595818823,-1.52682105797334,0.555306835991292,-2.74950884630796,0.00596846517861848,0.0452118863087648,"ENSG00000239900","ADSL","adenylosuccinate lyase","Down"
272.575300382199,-1.81396841448808,0.659864943602831,-2.74899952190808,0.00597774734137423,0.045241572058879,"ENSG00000145882","PCYOX1L","prenylcysteine oxidase 1 like","Down"
40.5281897769705,2.58908563323914,0.941842257831645,2.74895887470568,0.00597848867489707,0.045241572058879,"ENSG00000289745","LOC102724351","uncharacterized LOC102724351","Up"
14.4400202951249,-6.19092266643931,2.25191483623768,-2.74918152623508,0.00597442891806537,0.045241572058879,"ENSG00000303148",NA,NA,"Down"
9.28736078148118,-7.53003353431901,2.73956220986714,-2.74862658975143,0.00598455207570353,0.0452566484010601,"ENSG00000256357","LOC105370635","uncharacterized LOC105370635","Down"
531.473958647918,-1.13790560993702,0.413988768613725,-2.74863884290241,0.00598432838682573,0.0452566484010601,"ENSG00000131899","LLGL1","LLGL scribble cell polarity complex component 1","Down"
60.5210852138577,-2.5216351157222,0.917545241996581,-2.74824063196613,0.0059916018318732,0.0452637728603591,"ENSG00000164542","MATCAP2","microtubule associated tyrosine carboxypeptidase 2","Down"
1001.46905970281,1.91243255329353,0.695838119438181,2.74838716056203,0.00598892451635474,0.0452637728603591,"ENSG00000149761","NUDT22","nudix hydrolase 22","Up"
7.13091493989208,-5.96863510217615,2.17172716466904,-2.74833561014362,0.00598986630332419,0.0452637728603591,"ENSG00000229672",NA,NA,"Down"
1614.52018035043,-1.59972616681852,0.58220683894396,-2.74769387752331,0.00600160144592857,0.0453239147239572,"ENSG00000103365","GGA2","golgi associated, gamma adaptin ear containing, ARF binding protein 2","Down"
166.317832967843,-4.02213081093523,1.46389014389013,-2.74756328384509,0.00600399210252161,0.0453265726367956,"ENSG00000181577","LINC03040","long intergenic non-protein coding RNA 3040","Down"
186.84076220889,-3.59851952014189,1.31020058126039,-2.74654092786326,0.00602273708893248,0.0454526523076157,"ENSG00000184613","NELL2","neural EGFL like 2","Down"
53.3380182838831,-2.95829528917568,1.07750680474066,-2.74550033109787,0.00604187065032653,0.0455661160680834,"ENSG00000049249","TNFRSF9","TNF receptor superfamily member 9","Down"
1990.34204684467,-3.44285934354544,1.25397836231279,-2.74554924312694,0.00604097007473218,0.0455661160680834,"ENSG00000227507","LTB","lymphotoxin beta","Down"
18.0697128786679,-4.05907745440398,1.4787305430057,-2.74497437927631,0.00605156219933068,0.0456237308842723,"ENSG00000090932","DLL3","delta like canonical Notch ligand 3","Down"
3030.84546168365,1.19833444523423,0.43661917610223,2.7445758473825,0.00605891514503397,0.0456636814981492,"ENSG00000116685","KIAA2013","KIAA2013","Up"
3105.08788379727,3.06084131549393,1.11572724260476,2.74335984514292,0.00608140025213109,0.0458176115911998,"ENSG00000162545","CAMK2N1","calcium/calmodulin dependent protein kinase II inhibitor 1","Up"
1017.85908127859,2.29982400165017,0.838438158212816,2.74298584710456,0.00608833095065978,0.045854289304207,"ENSG00000242612","DECR2","2,4-dienoyl-CoA reductase 2","Up"
17.0900388728501,-4.49954898425349,1.64046952223802,-2.74284217003615,0.0060909953755265,0.0458588215997564,"ENSG00000211788","TRAV13-1","T cell receptor alpha variable 13-1","Down"
2349.58049097306,1.41346097740139,0.515421017814784,2.74234252882042,0.00610026916968279,0.0458820312752225,"ENSG00000158109","TPRG1L","tumor protein p63 regulated 1 like","Up"
158.007751126232,-2.32790519775768,0.848872118002728,-2.74235087757965,0.00610011410472078,0.0458820312752225,"ENSG00000174010","KLHL15","kelch like family member 15","Down"
496.475151797495,-3.30661396647243,1.20575837601875,-2.7423520601121,0.00610009214134292,0.0458820312752225,"ENSG00000125910","S1PR4","sphingosine-1-phosphate receptor 4","Down"
44.6504729614467,-2.58353403110271,0.942206798844786,-2.74200317198974,0.00610657519048264,0.0459139283767334,"ENSG00000186056","MATN1-AS1","MATN1 antisense RNA 1","Down"
278.772210092715,-1.89850376935344,0.692414722465965,-2.74185933336615,0.00610924981006347,0.0459185094750308,"ENSG00000124508","BTN2A2","butyrophilin subfamily 2 member A2","Down"
743.624763615759,2.73743480196356,0.998500350870512,2.74154615927477,0.00611507680219495,0.0459467734177764,"ENSG00000100577","GSTZ1","glutathione S-transferase zeta 1","Up"
4395.44583051647,-2.50831275831986,0.915047929419168,-2.74118183067419,0.00612186188580615,0.0459822146307865,"ENSG00000162511","LAPTM5","lysosomal protein transmembrane 5","Down"
348.099006982113,-2.20216382051896,0.803478359686765,-2.74078796767778,0.00612920463046662,0.0460218191655402,"ENSG00000135049","AGTPBP1","ATP/GTP binding carboxypeptidase 1","Down"
6.93099225918159,5.50730356152979,2.00952876270103,2.74059454323379,0.0061328135244317,0.0460333703878089,"ENSG00000279418","LINC00244","long intergenic non-protein coding RNA 244","Up"
221.86214385162,-2.54488158008675,0.92874538703367,-2.74012836630595,0.00614151927237331,0.0460698825958494,"ENSG00000104689","TNFRSF10A","TNF receptor superfamily member 10a","Down"
38.1267536664993,1.98226981878459,0.723426525779039,2.74011215810746,0.0061418221568883,0.0460698825958494,"ENSG00000289421",NA,NA,"Up"
466.874723537658,-1.93282428129153,0.705411993516117,-2.73999350600404,0.00614403983244453,0.0460709738936726,"ENSG00000119285","HEATR1","HEAT repeat containing 1","Down"
505.968184117563,-1.58117920641307,0.57715789478713,-2.73959556075422,0.00615148292240785,0.0461112339224186,"ENSG00000089094","KDM2B","lysine demethylase 2B","Down"
362.996286981367,1.6547972084366,0.604182219370091,2.73890418384352,0.00616443361122681,0.0461771740156353,"ENSG00000126016","AMOT","angiomotin","Up"
545.474532266614,-1.51491267650077,0.553100278490331,-2.73894759307602,0.00616361975919966,0.0461771740156353,"ENSG00000072401","UBE2D1","ubiquitin conjugating enzyme E2 D1","Down"
60.6047394351124,-2.42006521642654,0.883742720750697,-2.73842732687044,0.00617338027095856,0.0462233519337018,"ENSG00000005471","ABCB4","ATP binding cassette subfamily B member 4","Down"
24.7565107469627,2.45781860162118,0.89762582549661,2.73813267378019,0.00617891431417091,0.0462233519337018,"ENSG00000259172","SNRPA1-DT","SNRPA1 divergent transcript","Up"
2568.18027599679,1.65481390845078,0.604352213944016,2.73816140699051,0.00617837446330511,0.0462233519337018,"ENSG00000140990","NDUFB10","NADH:ubiquinone oxidoreductase subunit B10","Up"
11339.1428627667,1.94440703063477,0.710090288857976,2.73825323503849,0.00617664944654278,0.0462233519337018,"ENSG00000141959","PFKL","phosphofructokinase, liver type","Up"
70.3009561142614,-1.31124356684565,0.478915928264699,-2.737941023588,0.00618251620003549,0.046234740220447,"ENSG00000275111","ZNF2","zinc finger protein 2","Down"
7.92273220631456,-7.5602258235114,2.76233016145203,-2.73690159453545,0.00620208424900511,0.0463498954985313,"ENSG00000176887","SOX11","SRY-box transcription factor 11","Down"
9277.89259724087,2.60935900839492,0.953398832928749,2.73690182772641,0.00620207985275963,0.0463498954985313,"ENSG00000099812","MISP","mitotic spindle positioning","Up"
13.5637106122348,-3.45806843657504,1.26358159061179,-2.73671954566919,0.00620551719147018,0.0463599676471628,"ENSG00000260121",NA,NA,"Down"
23.508996861075,-5.80130714270358,2.11991318855124,-2.73657769291404,0.00620819333132659,0.046364381033048,"ENSG00000233850",NA,NA,"Down"
75.7625787860903,-1.67498302201092,0.61211784085167,-2.73637347292545,0.00621204789238994,0.0463775892516808,"ENSG00000137094","DNAJB5","DnaJ heat shock protein family (Hsp40) member B5","Down"
717.80055218119,-1.27357370100864,0.465465984030973,-2.73612625777589,0.00621671685080525,0.0463968666478526,"ENSG00000171316","CHD7","chromodomain helicase DNA binding protein 7","Down"
458.534627950632,-1.9263859535352,0.704102427163342,-2.7359456227074,0.0062201303609263,0.0464067645350585,"ENSG00000166886","NAB2","NGFI-A binding protein 2","Down"
28.75007951668,2.91617960756925,1.06614669266926,2.73525175064621,0.00623325834687919,0.0464891086300453,"ENSG00000242147","LINC02677","long intergenic non-protein coding RNA 2677","Up"
125.099948158109,-4.19301050441413,1.53334501808799,-2.73455122946994,0.00624653743259837,0.0465656315229669,"ENSG00000172673","THEMIS","thymocyte selection associated","Down"
20.1067040698391,-2.24425038152604,0.820720036230773,-2.73448957312283,0.0062477074093919,0.0465656315229669,"ENSG00000058335","RASGRF1","Ras protein specific guanine nucleotide releasing factor 1","Down"
9.77860844907076,4.61209349828867,1.68712306467328,2.73370306817649,0.00626264926656112,0.0466613542705943,"ENSG00000124097",NA,NA,"Up"
85.1634514715575,-5.18461544190987,1.8966594049044,-2.73355112072492,0.00626553963752638,0.0466672505062392,"ENSG00000289337",NA,NA,"Down"
50.2488598563196,3.6378102069017,1.33112873800163,2.7328763199591,0.00627839032918076,0.0467231968145227,"ENSG00000249279","LINC02057","long intergenic non-protein coding RNA 2057","Up"
1489.06500773732,-2.04085823659079,0.746736830304777,-2.7330354601069,0.00627535757871439,0.0467231968145227,"ENSG00000113368","LMNB1","lamin B1","Down"
26.3202549940604,-3.81808029701335,1.39711812487042,-2.73282568527803,0.00627935555623594,0.0467231968145227,"ENSG00000175352","NRIP3","nuclear receptor interacting protein 3","Down"
100.691369717059,1.88009535615474,0.688028364801476,2.7325840798689,0.0062839630153192,0.0467418366408805,"ENSG00000274925","ZKSCAN2-DT","ZKSCAN2 divergent transcript","Up"
983.535872225318,2.55140328205136,0.933973212874048,2.73177351007757,0.00629944296762188,0.046841309531484,"ENSG00000068078","FGFR3","fibroblast growth factor receptor 3","Up"
166.658762706388,-3.25519948843488,1.19200603257674,-2.73085823349246,0.00631696382419573,0.046955886560797,"ENSG00000065675","PRKCQ","protein kinase C theta","Down"
7.76478695648139,4.84964915523732,1.77601510319507,2.73063508666832,0.00632124209948693,0.0469719838228252,"ENSG00000295559","LOC105377128","uncharacterized LOC105377128","Up"
96.9977960680278,-2.19493043991241,0.803940931532789,-2.73021356895906,0.0063293307505961,0.0469849784901513,"ENSG00000268001","CARD8-AS1","CARD8 antisense RNA 1","Down"
837.134344600896,2.18402089441141,0.799944511396223,2.73021548782105,0.00632929390778422,0.0469849784901513,"ENSG00000099330","OCEL1","occludin/ELL domain containing 1","Up"
519.608447355764,-2.99103531824773,1.09571851486799,-2.72974790300782,0.00633827740658979,0.047019993854091,"ENSG00000065413","ANKRD44","ankyrin repeat domain 44","Down"
6.70336708682191,-4.90423852258454,1.79652876377762,-2.72984135932911,0.00633648095485542,0.047019993854091,"ENSG00000234492","RPL34-DT","RPL34 divergent transcript","Down"
40.2484556428757,-2.58214485516204,0.946091475506489,-2.72927610279936,0.00634735352332679,0.0470716180400682,"ENSG00000182400","TRAPPC6B","trafficking protein particle complex subunit 6B","Down"
14.2375888294297,-3.61704016083532,1.3253506574278,-2.72911937724855,0.0063503710716661,0.0470782927763763,"ENSG00000226445",NA,NA,"Down"
8.65993643531807,5.29063219574821,1.93889014735172,2.72869105192708,0.00635862450986802,0.0470809494872153,"ENSG00000307390",NA,NA,"Up"
1944.66139639959,-1.40414398774795,0.514563302085672,-2.72880709148234,0.00635638758067489,0.0470809494872153,"ENSG00000112118","MCM3","minichromosome maintenance complex component 3","Down"
582.275126394228,1.58467601075974,0.580720366904862,2.72881080304758,0.00635631604341193,0.0470809494872153,"ENSG00000119986","AVPI1","arginine vasopressin induced 1","Up"
10639.079055201,1.7256921183774,0.632431799184866,2.72866120995437,0.00635919989700479,0.0470809494872153,"ENSG00000079805","DNM2","dynamin 2","Up"
11.9711712905937,6.55252469435265,2.40171217821199,2.72827225251897,0.00636670372472712,0.0471051327493704,"ENSG00000242860","RN7SL180P","RNA, 7SL, cytoplasmic 180, pseudogene","Up"
44.6265889892145,-2.04789046796646,0.750595107599962,-2.72835573697598,0.00636509245826338,0.0471051327493704,"ENSG00000167550","RHEBL1","RHEB like 1","Down"
371.960952585891,-2.31245343687481,0.847752270076815,-2.72774667611951,0.00637685588448463,0.0471645498601952,"ENSG00000107968","MAP3K8","mitogen-activated protein kinase kinase kinase 8","Down"
457.445227450086,1.61244445265619,0.591254973327835,2.72715583867424,0.00638828603320981,0.0472129716581631,"ENSG00000181826","RELL1","RELT like 1","Up"
98.3110918909065,-2.64261125124578,0.968968438785804,-2.72724182281643,0.00638662146658495,0.0472129716581631,"ENSG00000213694","S1PR3","sphingosine-1-phosphate receptor 3","Down"
2936.70106206849,2.05242345906084,0.752718958172329,2.72667964155482,0.00639751180096937,0.0472544451398512,"ENSG00000141574","SECTM1","secreted and transmembrane 1","Up"
4692.45470163744,2.00423962266747,0.735084062641832,2.72654479198529,0.00640012653247963,0.0472580581855263,"ENSG00000142327","RNPEPL1","arginyl aminopeptidase like 1","Up"
13.6273407347638,3.66306448394843,1.34363153659831,2.72624181866278,0.00640600468903296,0.0472700638072585,"ENSG00000230873","STMND1","stathmin domain containing 1","Up"
1652.12179584234,1.78863085795155,0.656062554757723,2.72631145457169,0.00640465321365808,0.0472700638072585,"ENSG00000183978","COA3","cytochrome c oxidase assembly factor 3","Up"
843.575143109276,-1.55661493628364,0.571267894485422,-2.72484232233248,0.00643322020007739,0.0474393979132075,"ENSG00000107937","GTPBP4","GTP binding protein 4","Down"
186.263336796772,2.59407715813212,0.951998108760322,2.72487637765383,0.0064325567052957,0.0474393979132075,"ENSG00000160471","COX6B2","cytochrome c oxidase subunit 6B2","Up"
346.183280296467,2.43530823030655,0.893895897790902,2.72437566424117,0.00644231823523514,0.0474907365132569,"ENSG00000167136","ENDOG","endonuclease G","Up"
623.437743995375,1.6391670693711,0.60178253908838,2.72385282539805,0.00645252532739335,0.0475502139887094,"ENSG00000183648","NDUFB1","NADH:ubiquinone oxidoreductase subunit B1","Up"
5.19749196167452,6.01719349480592,2.20947362845125,2.72336063093169,0.00646214745882343,0.0476053427607757,"ENSG00000295804",NA,NA,"Up"
207.589266246254,-2.93414975640247,1.07753231456433,-2.7230271582053,0.00646867400094312,0.0476341398849292,"ENSG00000129474","AJUBA","ajuba LIM protein","Down"
1646.52653170024,2.40746820615401,0.884142299211036,2.72294200639684,0.00647034149473693,0.0476341398849292,"ENSG00000167861","HID1","HID1 domain containing","Up"
13.5161136261129,3.66907290570093,1.34768512909131,2.72250010518023,0.00647900128142998,0.0476821037702856,"ENSG00000064205","CCN5","cellular communication network factor 5","Up"
35.4446505205937,2.28882875851057,0.840891316014471,2.72190795043385,0.00649062188105749,0.0477518187563042,"ENSG00000293154",NA,NA,"Up"
8.57403390742154,3.57266540379614,1.31281733619862,2.72137281043312,0.00650113973238361,0.047794499569962,"ENSG00000287742",NA,NA,"Up"
107.072466474133,1.81270804875374,0.666080895777601,2.72145329530512,0.00649955687230301,0.047794499569962,"ENSG00000163959","SLC51A","solute carrier family 51 member A","Up"
14.262966871442,-3.54059371950891,1.30107433447981,-2.72128473037974,0.00650287236086606,0.047794499569962,"ENSG00000226091","LINC00937","long intergenic non-protein coding RNA 937","Down"
449.134756068324,-1.17270368978235,0.431003512881628,-2.72086805497668,0.00651107444131234,0.0478389682926957,"ENSG00000102897","LYRM1","LYR motif containing 1","Down"
507.716519919108,1.09787986851972,0.403522522093539,2.72074000435897,0.00651359693256216,0.0478416916424362,"ENSG00000182986","ZNF320","zinc finger protein 320","Up"
9939.41646440079,-3.36511204475522,1.2370983194997,-2.72016539972031,0.00652492699405838,0.0478490818145566,"ENSG00000113140","SPARC","secreted protein acidic and cysteine rich","Down"
1994.47890289297,-1.64172185494126,0.60354242357025,-2.72014325891073,0.00652536392127628,0.0478490818145566,"ENSG00000166197","NOLC1","nucleolar and coiled-body phosphoprotein 1","Down"
303.40238555995,-1.56327415321313,0.574691219173593,-2.72019843188333,0.00652427518554822,0.0478490818145566,"ENSG00000151748","SAV1","salvador family WW domain containing protein 1","Down"
1064.63062398528,1.51306338185993,0.556171320024356,2.72049875170418,0.00651835179852673,0.0478490818145566,"ENSG00000159228","CBR1","carbonyl reductase 1","Up"
10.7616663921796,5.46574260194879,2.00958931779739,2.7198306407896,0.00653153594362278,0.0478627681722364,"ENSG00000224968",NA,NA,"Up"
12.007685751686,-4.36873604130075,1.60619959856571,-2.71992101430102,0.00652975115926466,0.0478627681722364,"ENSG00000260910",NA,NA,"Down"
291.339051662007,2.17010696893965,0.798224935177665,2.71866597158686,0.00655457626335345,0.0480157805809348,"ENSG00000210176",NA,NA,"Up"
174.08940903415,-2.62448398434465,0.965400020301361,-2.71854560716229,0.00655696156106791,0.0480174329338678,"ENSG00000161960","EIF4A1","eukaryotic translation initiation factor 4A1","Down"
449.97926092909,-1.38002825160408,0.507715125451322,-2.71811530211422,0.00656549543009647,0.0480640961137092,"ENSG00000217128","FNIP1","folliculin interacting protein 1","Down"
470.300314612657,-1.58229943647019,0.582282156964038,-2.71741013793064,0.00657950194173782,0.048134934738617,"ENSG00000168438","CDC40","cell division cycle 40","Down"
1384.75472149247,1.52733240171572,0.562033992574622,2.71750894411059,0.00657753776022742,0.048134934738617,"ENSG00000166311","SMPD1","sphingomyelin phosphodiesterase 1","Up"
1510.27136712356,1.73188715738205,0.637385637546624,2.71717317642785,0.00658421468126547,0.0481535674370313,"ENSG00000110042","DTX4","deltex E3 ubiquitin ligase 4","Up"
2400.4637623608,2.05710181469225,0.757300079618794,2.71636286599593,0.00660035325039001,0.0481843137349217,"ENSG00000173369","C1QB","complement C1q B chain","Up"
6.15709986344978,-6.78103423589223,2.49645825015799,-2.7162618223089,0.00660236818197658,0.0481843137349217,"ENSG00000168334","XIRP1","xin actin binding repeat containing 1","Down"
13.9144732109319,-4.50102380257332,1.65686866199257,-2.71658454639387,0.00659593461612786,0.0481843137349217,"ENSG00000230099","TRBV5-4","T cell receptor beta variable 5-4","Down"
372.13192306582,1.09229190721619,0.402139632116521,2.71620059298133,0.0066035894368869,0.0481843137349217,"ENSG00000269609","C10orf95-AS1","C10orf95 antisense RNA 1","Up"
16.9112736779043,-3.67209046307814,1.35174599335633,-2.71655361371591,0.00659655102056844,0.0481843137349217,"ENSG00000261644","CYLD-AS1","CYLD antisense RNA 1","Down"
67.2882873013954,-3.07877006470141,1.13337668084657,-2.71645792324024,0.00659845820040476,0.0481843137349217,"ENSG00000216490","IFI30","IFI30 lysosomal thiol reductase","Down"
223.129981003138,-1.87605991079087,0.69058733463428,-2.71661499813689,0.00659532784601059,0.0481843137349217,"ENSG00000173276","ZBTB21","zinc finger and BTB domain containing 21","Down"
136.185431731737,-1.70870133748718,0.629167447703743,-2.71581332397819,0.00661131845118493,0.04822488291509,"ENSG00000173041","ZNF680","zinc finger protein 680","Down"
179.042946699714,2.73892767844834,1.00856774663612,2.71566058659272,0.00661436898031317,0.0482313104425394,"ENSG00000225361","PPP1R26-AS1","PPP1R26 antisense RNA 1","Up"
125.285900440648,-1.71194093892269,0.630524215753555,-2.71510736011418,0.00662542882695769,0.0482788311131265,"ENSG00000141540","TTYH2","tweety family member 2","Down"
275.468642176169,-2.5075396995898,0.923584363187749,-2.71500882814325,0.00662740037589448,0.0482788311131265,"ENSG00000100311","PDGFB","platelet derived growth factor subunit B","Down"
4696.57248787144,1.6865609489859,0.621455732842257,2.71388750615001,0.00664987435541548,0.0484266808201613,"ENSG00000140497","SCAMP2","secretory carrier membrane protein 2","Up"
537.874743277119,-1.76199032120296,0.64936350336139,-2.71341138219522,0.00665943772645483,0.048480444981097,"ENSG00000135241","PNPLA8","patatin like domain 8, phospholipase A2","Down"
29.6673667390061,4.70401530998996,1.73396614403444,2.7128645655359,0.00667043627666801,0.0485446185725564,"ENSG00000103184","SEC14L5","SEC14 like lipid binding 5","Up"
174.170234766106,-3.68653307912048,1.35902020082394,-2.7126403837746,0.00667495013739119,0.0485520362147417,"ENSG00000233355","CHRM3-AS2","CHRM3 antisense RNA 2","Down"
23.7424725071815,4.33858685587669,1.59942180319774,2.71259704425844,0.00667582308768341,0.0485520362147417,"ENSG00000290199",NA,NA,"Up"
5.93112374698322,6.49305245641192,2.39422639274536,2.71196260975413,0.00668861370502186,0.0486291525519133,"ENSG00000260541",NA,NA,"Up"
215.34437232378,-1.423405473473,0.525003312991423,-2.71123141178397,0.0067033824608792,0.0487205957021011,"ENSG00000153767","GTF2E1","general transcription factor IIE subunit 1","Down"
263.77108556331,1.86408156830589,0.687781058379242,2.71028337520461,0.00672257456880945,0.0488441177739675,"ENSG00000166136","NDUFB8","NADH:ubiquinone oxidoreductase subunit B8","Up"
70.0409916883798,-1.9687966054282,0.726632621330654,-2.70948006961595,0.00673887537463072,0.0489465587076657,"ENSG00000174175","SELP","selectin P","Down"
1944.69085047566,-1.47721081925275,0.545231596402488,-2.70932724552205,0.00674198052490134,0.0489531198596118,"ENSG00000131473","ACLY","ATP citrate lyase","Down"
717.648388694256,-1.32090699478233,0.487665367196533,-2.70863400117154,0.00675608233691366,0.0490168140370078,"ENSG00000143337","TOR1AIP1","torsin 1A interacting protein 1","Down"
4006.27420179162,1.75569449724513,0.648175571242266,2.70867119209729,0.00675532513550306,0.0490168140370078,"ENSG00000124570","SERPINB6","serpin family B member 6","Up"
6385.49982842373,1.74245501647988,0.643311571078948,2.70857092397307,0.006757366753179,0.0490168140370078,"ENSG00000167792","NDUFV1","NADH:ubiquinone oxidoreductase core subunit V1","Up"
435.604770810015,-1.60961111517535,0.594314107150333,-2.70835084647956,0.00676184982373814,0.0490333356592205,"ENSG00000198382","UVRAG","UV radiation resistance associated","Down"
326.720611706551,-2.02235058381823,0.747210049352405,-2.70653557934743,0.00679892965006806,0.049286143759362,"ENSG00000172716","SLFN11","schlafen family member 11","Down"
31.649313866744,2.65148674508698,0.979805413718025,2.70613604289601,0.00680711533535287,0.0493228747158397,"ENSG00000294131",NA,NA,"Up"
6.09842981400755,5.27145559302507,1.94801028663916,2.7060717436558,0.00680843352237269,0.0493228747158397,"ENSG00000309590",NA,NA,"Up"
1135.05196481852,-2.32543372039816,0.859462149929353,-2.70568485254332,0.00681636995033361,0.0493642843992727,"ENSG00000142347","MYO1F","myosin IF","Down"
14.4664985993184,-2.5309369259916,0.935458697344567,-2.70555710602298,0.00681899228286411,0.04936719486321,"ENSG00000271550","BNIP3P11","BCL2 interacting protein 3 pseudogene 11","Down"
878.900365400453,-1.83972929113721,0.680012109243946,-2.70543607404678,0.00682147761803644,0.0493691119406915,"ENSG00000076003","MCM6","minichromosome maintenance complex component 6","Down"
195.570434785931,-3.27196550025777,1.20959792561494,-2.70500257231704,0.00683038605400959,0.0494143926791189,"ENSG00000157193","LRP8","LDL receptor related protein 8","Down"
731.696646823192,-2.4904129831718,0.920699039749876,-2.70491536935714,0.00683217933232635,0.0494143926791189,"ENSG00000050344","NFE2L3","NFE2 like bZIP transcription factor 3","Down"
8.45555128408914,7.21274426343385,2.66680320505386,2.70464061606233,0.00683783224119982,0.049439194867836,"ENSG00000198049","AVPR1B","arginine vasopressin receptor 1B","Up"
26.7214880231876,5.03120247206429,1.86042686683737,2.70432692719445,0.00684429136753098,0.049469808184108,"ENSG00000164270","HTR4","5-hydroxytryptamine receptor 4","Up"
570.476144217221,-1.63798949949055,0.605768618755457,-2.70398539768497,0.00685132999007193,0.0494724325005746,"ENSG00000070882","OSBPL3","oxysterol binding protein like 3","Down"
490.562269031033,-1.45739282696355,0.53895099926132,-2.70412862943205,0.00684837731839445,0.0494724325005746,"ENSG00000119669","IRF2BPL","interferon regulatory factor 2 binding protein like","Down"
883.053432610359,1.94628959808604,0.719770894231225,2.70404042964927,0.00685019539035671,0.0494724325005746,"ENSG00000170906","NDUFA3","NADH:ubiquinone oxidoreductase subunit A3","Up"
110.059012764658,3.04752808789908,1.12734857025086,2.7032704598374,0.00686608529103562,0.0495602177673399,"ENSG00000188738","FSIP2","fibrous sheath interacting protein 2","Up"
124.303973291679,3.19893052123626,1.18339511779163,2.70318042819534,0.00686794543881502,0.0495602177673399,"ENSG00000167037","SGSM1","small G protein signaling modulator 1","Up"
720.374649558803,-1.82490324121744,0.675185896226346,-2.70281599692313,0.00687547959616055,0.0495984873009207,"ENSG00000160991","ORAI2","ORAI calcium release-activated calcium modulator 2","Down"
2439.84643930788,2.9707747670645,1.09962572515535,2.70162356073,0.00690018363803039,0.0497238798023693,"ENSG00000115648","MLPH","melanophilin","Up"
14.0336996724738,-5.01700152167284,1.85688650638142,-2.70183530572885,0.00689579104197433,0.0497238798023693,"ENSG00000211790","TRAV8-4","T cell receptor alpha variable 8-4","Down"
44.7147387104876,2.84200719004642,1.05199316553704,2.70154529815371,0.00690180781136651,0.0497238798023693,"ENSG00000206140","TMEM191C","transmembrane protein 191C","Up"
47.5069558604777,3.72994458748847,1.38058673852795,2.70170970312632,0.00689839633275573,0.0497238798023693,"ENSG00000100373","UPK3A","uroplakin 3A","Up"
1221.31044423874,1.39376313829483,0.515983005187688,2.70118031850264,0.00690938672426832,0.0497623566701191,"ENSG00000114125","RNF7","ring finger protein 7","Up"
4719.50524164972,1.6153460447389,0.59816427311661,2.70050572616528,0.0069234145206192,0.0498472393254296,"ENSG00000177666","PNPLA2","patatin like domain 2, triacylglycerol lipase","Up"
22.0676153905523,3.83909422735683,1.4218411349915,2.70008662211041,0.00693214245045422,0.049893921366445,"ENSG00000268350","FAM156A","family with sequence similarity 156 member A","Up"
