Sample	0	1	2	3	4	5	6	7	8	9	10	11	12	13	14	15	16	17	18	19	20	21	22	23	24	25	26	27	28	29	30	31	32	33	34	35	36	37	38	39	40	41	42	43	44	45	46	47	48	49	50	51	52	53	54	55	56	57	58	59	60	61	62	63	64	65	66	67	68	69	70	71	72	73
SRR36750771_1 - illumina_universal_adapter	(1, 0.00010081464957835953)	(2, 0.00010692462834068436)	(3, 0.00010997961772184676)	(4, 0.00010997961772184676)	(5, 0.00010997961772184676)	(6, 0.00010997961772184676)	(7, 0.00010997961772184676)	(8, 0.00010997961772184676)	(9, 0.00010997961772184676)	(10, 0.0001237270699370776)	(12, 0.0001451119956052145)	(14, 0.00016038694251102652)	(16, 0.00018177186817916339)	(18, 0.0002107942673002063)	(20, 0.0002825865177575229)	(22, 0.0003665987257394892)	(24, 0.00046894087000842993)	(26, 0.0006064153921607384)	(28, 0.0007744398081246709)	(30, 0.0010142564745459202)	(32, 0.0012158857737026392)	(34, 0.0014266800410028453)	(36, 0.001707739064069787)	(38, 0.0019949080658990537)	(40, 0.0022683296155130896)	(42, 0.0025539711226517745)	(44, 0.0028655800395303403)	(46, 0.003187881419242975)	(48, 0.0035483701662201396)	(50, 0.0039516287645335775)	(52, 0.004382382267277477)	(54, 0.004758145961160453)	(56, 0.005150712096639823)	(58, 0.005564663157787329)	(60, 0.006090121331347264)	(62, 0.006578919632333251)	(64, 0.007049387997032261)	(66, 0.0075580437289958025)	(68, 0.008059061987506437)	(70, 0.008624235023021483)	(72, 0.009187880563845948)	(74, 0.009855395743629935)	(76, 0.010519855934032759)	(78, 0.01123014096515302)	(80, 0.012015273236111759)	(82, 0.012840120369025609)	(84, 0.01384368438073746)	(86, 0.014941953063265347)	(88, 0.015956209537811267)	(90, 0.01730345985490389)	(92, 0.01882026208265103)	(94, 0.02062270581753685)	(96, 0.02262677885157939)	(98, 0.024673621736958203)	(100, 0.0271038657896729)	(102, 0.030287164724844134)	(104, 0.0342723983725705)	(106, 0.03876323276287924)	(108, 0.04385284507189582)	(110, 0.049758139545682756)	(112, 0.05712371894366532)	(114, 0.06620620237386117)	(116, 0.07696129249024343)	(118, 0.08910945776443577)	(120, 0.10290884479914636)	(122, 0.1192820603874863)	(124, 0.1399887784130051)	(126, 0.16410180959852003)	(128, 0.19116748802092837)	(130, 0.2216516995608575)	(132, 0.2572560733036148)	(134, 0.2989505683777194)	(136, 0.3481252049516001)	(138, 0.40122244789089334)
SRR36750771_1 - polya	(1, 0.002257637152679021)	(2, 0.005975559229553674)	(3, 0.007939917401641104)	(4, 0.010848267292507718)	(5, 0.013167004232809988)	(6, 0.01550407110939923)	(7, 0.01829022142501935)	(8, 0.02474235899803436)	(9, 0.035169037755941664)	(10, 0.04292260080533186)	(12, 0.048827895279118794)	(14, 0.05960742531055036)	(16, 0.07033349302781158)	(18, 0.07724998898676327)	(20, 0.08524031371319356)	(22, 0.09361709459634089)	(24, 0.10110640106426054)	(26, 0.11076627748749608)	(28, 0.1202260521062655)	(30, 0.12843633606813948)	(32, 0.13553002141119858)	(34, 0.1439129122731082)	(36, 0.1510508949621942)	(38, 0.15782227892554068)	(40, 0.16533449781381904)	(42, 0.17235944589580202)	(44, 0.17945618622824228)	(46, 0.18748775331131828)	(48, 0.19438286434460184)	(50, 0.20124895297876433)	(52, 0.20859467494576936)	(54, 0.21752593640159767)	(56, 0.22513285996069204)	(58, 0.23312165719243177)	(60, 0.24096686992325683)	(62, 0.25192206184410526)	(64, 0.2605569893299608)	(66, 0.27063692679310614)	(68, 0.2824597356982047)	(70, 0.2930498563880042)	(72, 0.3011852931100397)	(74, 0.3085050476673048)	(76, 0.3163090180414842)	(78, 0.32438335497589643)	(80, 0.3305758184515126)	(82, 0.3370661433917922)	(84, 0.34654577544153914)	(86, 0.3582647147076782)	(88, 0.36929169887898383)	(90, 0.38196837731611727)	(92, 0.39233548378109195)	(94, 0.40209922984328694)	(96, 0.40940523694833686)	(98, 0.41604220137891224)	(100, 0.42442814723020306)	(102, 0.43250401165930585)	(104, 0.44068680071674937)	(106, 0.4481318098386422)	(108, 0.45697447660241675)	(110, 0.46482732680669475)	(112, 0.47191031968691977)	(114, 0.47874738592196125)	(116, 0.4858624561906885)	(118, 0.49348312720199816)	(120, 0.5004118431184745)	(122, 0.5071633696508434)	(124, 0.5146771160338124)	(126, 0.5232341412904482)	(128, 0.5314031828956766)	(130, 0.5408262976418721)	(132, 0.551236173958183)	(134, 0.5625243597215781)	(136, 0.57220103858641)	(138, 0.5809123408067945)
SRR36750771_1 - polyg	(1, 0.0)	(2, 0.0)	(3, 9.16496814348723e-05)	(4, 0.00015885944782044532)	(5, 0.00019857430977555666)	(6, 0.00031466390625972825)	(7, 0.00043991847088738705)	(8, 0.0008370670904385004)	(9, 0.001393075157810059)	(10, 0.0018146636924104716)	(12, 0.0023630342863291244)	(14, 0.0028915474492702212)	(16, 0.0033940932024714376)	(18, 0.0037729118857355763)	(20, 0.004205192883170058)	(22, 0.004759673455851035)	(24, 0.005140019633805755)	(26, 0.005541750737428612)	(28, 0.005993889165840649)	(30, 0.006478104982754891)	(32, 0.007017310608530056)	(34, 0.007519856361731272)	(36, 0.008136964216726078)	(38, 0.008738797124815074)	(40, 0.009387982368312085)	(42, 0.010087574936598277)	(44, 0.010820772388077257)	(46, 0.011607432153726577)	(48, 0.012442971749474497)	(50, 0.013339611132845663)	(52, 0.014178205717974745)	(54, 0.015158857309327877)	(56, 0.016286148390976807)	(58, 0.017421076946078643)	(60, 0.01854684053303699)	(62, 0.019771891274883116)	(64, 0.02095264467070239)	(66, 0.022298367493104432)	(68, 0.024166493499685242)	(70, 0.038034617795472)	(72, 0.04375814040107978)	(74, 0.04585386311655719)	(76, 0.04743329262661816)	(78, 0.048954677338437044)	(80, 0.05047300706087476)	(82, 0.051977589331097244)	(84, 0.05344551172874579)	(86, 0.055035633701640815)	(88, 0.05661048072763004)	(90, 0.05832432977046215)	(92, 0.060106916074370416)	(94, 0.06207280174114843)	(96, 0.0640829847539533)	(98, 0.06612677264995095)	(100, 0.06816139557780511)	(102, 0.07016241362246649)	(104, 0.07246587561586296)	(106, 0.0746807429172057)	(108, 0.07733858367881699)	(110, 0.07968939800762145)	(112, 0.08195467263375339)	(114, 0.08451169874578633)	(116, 0.08693583281973871)	(118, 0.08936913186183457)	(120, 0.09208959990575968)	(122, 0.09529581126128964)	(124, 0.09802697176804884)	(126, 0.10109570860142647)	(128, 0.10450354925611313)	(130, 0.10817717398696094)	(132, 0.11160028958855342)	(134, 0.11497299786535672)	(136, 0.11867106251125381)	(138, 0.12197808851636213)
SRR36750771_2 - illumina_universal_adapter	(1, 9.16496814348723e-05)	(2, 9.775966019719712e-05)	(3, 0.00010081464957835953)	(4, 0.00010997961772184676)	(5, 0.00010997961772184676)	(6, 0.00010997961772184676)	(7, 0.00010997961772184676)	(8, 0.00010997961772184676)	(9, 0.00010997961772184676)	(10, 0.0001237270699370776)	(12, 0.0001481669849863769)	(14, 0.00016955191065451376)	(16, 0.00019857430977555663)	(18, 0.00022912420358718073)	(20, 0.00031313641156914703)	(22, 0.00040478609300401933)	(24, 0.000536150636394003)	(26, 0.0007484723983847905)	(28, 0.0009760691072813899)	(30, 0.0013228104020433235)	(32, 0.0015901219728950344)	(34, 0.0018436860915315143)	(36, 0.00220570233319926)	(38, 0.0026104884262032795)	(40, 0.0029480647528217258)	(42, 0.0033635433086598135)	(44, 0.0038340116733588244)	(46, 0.004275457638936792)	(48, 0.004787168360281497)	(50, 0.005358451374558867)	(52, 0.0059388993569797245)	(54, 0.006517819844710002)	(56, 0.007125762731561321)	(58, 0.007721485660887992)	(60, 0.00838136336721907)	(62, 0.009027493621334922)	(64, 0.009730141179002276)	(66, 0.010397656358786263)	(68, 0.011101831411144198)	(70, 0.011880853703340612)	(72, 0.012632381091106565)	(74, 0.01347403066561681)	(76, 0.014330955187032866)	(78, 0.015169549772161946)	(80, 0.016144091384752757)	(82, 0.017176677795585647)	(84, 0.018452135862220956)	(86, 0.019764253801430213)	(88, 0.020972502101679946)	(90, 0.022495414308189406)	(92, 0.024168020994375827)	(94, 0.026181258996561853)	(96, 0.028435841159859712)	(98, 0.030704170775372804)	(100, 0.03338034147327107)	(102, 0.03679429210672007)	(104, 0.040982682548293736)	(106, 0.04572708105723895)	(108, 0.05104429007515213)	(110, 0.05711455397552184)	(112, 0.06464968528415892)	(114, 0.07394449047634555)	(116, 0.0849607821848172)	(118, 0.09731821423161915)	(120, 0.11123827334688567)	(122, 0.12787421802200558)	(124, 0.14871993806436729)	(126, 0.17296433379327217)	(128, 0.2000116822793936)	(130, 0.23041493660072188)	(132, 0.26577643868767675)	(134, 0.30734567919715367)	(136, 0.35600555006030854)	(138, 0.4084352778198178)
SRR36750771_2 - polya	(1, 0.004008146068085082)	(2, 0.008902239056707263)	(3, 0.015119142447372768)	(4, 0.02523726727778267)	(5, 0.035612011216210215)	(6, 0.045332987427069)	(7, 0.055090623510501736)	(8, 0.07060996956680678)	(9, 0.09005497697790553)	(10, 0.11204326304882196)	(12, 0.1334633210948422)	(14, 0.1607489587526943)	(16, 0.18770618505207137)	(18, 0.2097372409743241)	(20, 0.23187063904084576)	(22, 0.25366798827543957)	(24, 0.2732947675547175)	(26, 0.2938319336695817)	(28, 0.31436909978444605)	(30, 0.3324668568784522)	(32, 0.34955952246605587)	(34, 0.3684210269053526)	(36, 0.3842779492882761)	(38, 0.3991236701860348)	(40, 0.41410992059532703)	(42, 0.4291313033825026)	(44, 0.4435355783146834)	(46, 0.4585951484691234)	(48, 0.4722860833808028)	(50, 0.4848802771046448)	(52, 0.4983879126534544)	(54, 0.5126959554201285)	(56, 0.5253741613519525)	(58, 0.5390177439282239)	(60, 0.5522733428530875)	(62, 0.5677407540899129)	(64, 0.5809260882590098)	(66, 0.5959031737001586)	(68, 0.6124016438531261)	(70, 0.6280783218625611)	(72, 0.6403074443553541)	(74, 0.6510655894611176)	(76, 0.6627234289396333)	(78, 0.6747952194792965)	(80, 0.684969861613258)	(82, 0.6954606951481697)	(84, 0.7082992880225047)	(86, 0.723701016987635)	(88, 0.7379479599666859)	(90, 0.7544296276780571)	(92, 0.7680487703392792)	(94, 0.7810538601348875)	(96, 0.791698970633548)	(98, 0.8019637349542537)	(100, 0.8134459125433526)	(102, 0.8245263590288286)	(104, 0.8354555835399372)	(106, 0.8455813458438)	(108, 0.8570406110125401)	(110, 0.867100691044708)	(112, 0.8770523189538446)	(114, 0.8864769611947305)	(116, 0.8961368376179661)	(118, 0.905802824019964)	(120, 0.9152396862183747)	(122, 0.924247322408732)	(124, 0.9338262416133668)	(126, 0.9444667696279554)	(128, 0.9543832651592086)	(130, 0.9659295975253119)	(132, 0.9782778646039705)	(134, 0.9908415084340008)	(136, 1.002184684006257)	(138, 1.0128022996004868)
SRR36750771_2 - polyg	(1, 0.5157555272853627)	(2, 0.5259714117759698)	(3, 0.526521309864579)	(4, 0.527123142772668)	(5, 0.5276699858718961)	(6, 0.5282351589074111)	(7, 0.5289683563588902)	(8, 0.5300162177166289)	(9, 0.5314123478638201)	(10, 0.5333721235518357)	(12, 0.5360314918081377)	(14, 0.537759088303185)	(16, 0.5386694751387713)	(18, 0.5394210025265374)	(20, 0.5400900452010118)	(22, 0.5408782324613518)	(24, 0.5415915724818532)	(26, 0.5422682526297806)	(28, 0.5430014500812597)	(30, 0.5436414703566133)	(32, 0.544389942754998)	(34, 0.5450773153657595)	(36, 0.5457570505030682)	(38, 0.546432203156305)	(40, 0.547052366000681)	(42, 0.547756541053039)	(44, 0.5484316937062759)	(46, 0.5490579665294142)	(48, 0.5497147892463641)	(50, 0.5503181496491436)	(52, 0.5509658073979501)	(54, 0.5516944223653573)	(56, 0.552450532237195)	(58, 0.5530981899860015)	(60, 0.5537565401976419)	(62, 0.5544836276703586)	(64, 0.5551984951855506)	(66, 0.5559866824458906)	(68, 0.5567641772433962)	(70, 0.5575263970939963)	(72, 0.5583206943330986)	(74, 0.5591608164129183)	(76, 0.5600482908281459)	(78, 0.5609602051584228)	(80, 0.5619668241595159)	(82, 0.5629719156659183)	(84, 0.5639831171510831)	(86, 0.5651363756424719)	(88, 0.5662621392294303)	(90, 0.567528432327922)	(92, 0.5688665176768712)	(94, 0.5703283300957573)	(96, 0.5718237473978365)	(98, 0.5732580649122921)	(100, 0.574674052490461)	(102, 0.5762015471810421)	(104, 0.5779474736123764)	(106, 0.5798889193641052)	(108, 0.5818593875149549)	(110, 0.5837748658569437)	(112, 0.5858110162794885)	(114, 0.5880289385702124)	(116, 0.5901995085255283)	(118, 0.5925151904764494)	(120, 0.5948690597946351)	(122, 0.5974841307049101)	(124, 0.600125169024925)	(126, 0.6029938040538365)	(128, 0.605880769019035)	(130, 0.6089632533046279)	(132, 0.6122947192247854)	(134, 0.6158507268644584)	(136, 0.6197152884316289)	(138, 0.6233904406571673)
SRR36750772_1 - illumina_universal_adapter	(1, 0.00014459202233929735)	(2, 0.00014884472887868844)	(3, 0.00014884472887868844)	(4, 0.00014884472887868844)	(5, 0.00014884472887868844)	(6, 0.00014884472887868844)	(7, 0.00015309743541807954)	(8, 0.00015309743541807954)	(9, 0.00015309743541807954)	(10, 0.00016585555503625284)	(12, 0.00018499273446351277)	(14, 0.0002211407400483371)	(16, 0.00025941509890285697)	(18, 0.00030406851756646354)	(20, 0.00036785911565733)	(22, 0.0004954403118390629)	(24, 0.0006187688014814048)	(26, 0.0007867507097873531)	(28, 0.0009781225040599527)	(30, 0.0011354726460174234)	(32, 0.001424656690696018)	(34, 0.0016713136699807016)	(36, 0.0019498659483108186)	(38, 0.0022369236397197173)	(40, 0.0025324867442073993)	(42, 0.002889714093516251)	(44, 0.003280963095140232)	(46, 0.0035914106725157824)	(48, 0.003938006255476157)	(50, 0.004325002550560748)	(52, 0.004756652264308943)	(54, 0.005143648559393533)	(56, 0.005562540153523556)	(58, 0.006070738584980793)	(60, 0.006623590435101636)	(62, 0.007172189578683087)	(64, 0.0077356731951524075)	(66, 0.008294904105082337)	(68, 0.008873272194439527)	(70, 0.009385723332436154)	(72, 0.010059777318929644)	(74, 0.010782737430626129)	(76, 0.011478054949816574)	(78, 0.012237163067097885)	(80, 0.013019661070345849)	(82, 0.01394037203612402)	(84, 0.015037570323286925)	(86, 0.016351656643958774)	(88, 0.017612584132888236)	(90, 0.019275392389790154)	(92, 0.021152962326931323)	(94, 0.023464308331090384)	(96, 0.026066964733197737)	(98, 0.029145924267716894)	(100, 0.03282664177755989)	(102, 0.037406806720484104)	(104, 0.04327766809811351)	(106, 0.05007987220786957)	(108, 0.057522108651803995)	(110, 0.06665692229841608)	(112, 0.07773097012699048)	(114, 0.09218166694784144)	(116, 0.10860136689643048)	(118, 0.1273558027351452)	(120, 0.14892978300947626)	(122, 0.17480750230167108)	(124, 0.20617546573621984)	(126, 0.24168131263359613)	(128, 0.2817630717673572)	(130, 0.32571266749869454)	(132, 0.37466982518016484)	(134, 0.43246835975702924)	(136, 0.49910401852274844)	(138, 0.5695245861085256)
SRR36750772_1 - polya	(1, 0.0025601293367134414)	(2, 0.006230215080207959)	(3, 0.008216229034103602)	(4, 0.011052784295877464)	(5, 0.01347682702333039)	(6, 0.015535136988395683)	(7, 0.018180320455896945)	(8, 0.02415537314374144)	(9, 0.03260550103751155)	(10, 0.04083236183796363)	(12, 0.0463863965784084)	(14, 0.05641853130483201)	(16, 0.06763291844920633)	(18, 0.07477321272884399)	(20, 0.0823153877764541)	(22, 0.09120567079705119)	(24, 0.09906467248184594)	(26, 0.10856734524411535)	(28, 0.11841448723607544)	(30, 0.1268412252438789)	(32, 0.134160133198171)	(34, 0.1426123874452108)	(36, 0.14959745793616067)	(38, 0.1564081674589955)	(40, 0.16517512198995027)	(42, 0.17253230430309685)	(44, 0.17980443248545563)	(46, 0.18844805852676805)	(48, 0.19614758371633562)	(50, 0.20309650620170067)	(52, 0.21109584720229535)	(54, 0.22090471483540092)	(56, 0.22911669116296512)	(58, 0.23737969996900202)	(60, 0.24590637658048117)	(62, 0.2563829191402711)	(64, 0.26570059916807703)	(66, 0.27560302634504924)	(68, 0.2859009552301848)	(70, 0.29629244365918694)	(72, 0.30462349576985404)	(74, 0.3114937431842404)	(76, 0.31930596509710185)	(78, 0.3276689125068144)	(80, 0.3342329650503646)	(82, 0.34108832799186306)	(84, 0.35099288152210495)	(86, 0.36306418903416654)	(88, 0.3731686197717598)	(90, 0.38419376147513123)	(92, 0.3942918131529154)	(94, 0.40514046753490207)	(96, 0.413012227339315)	(98, 0.42009511008067085)	(100, 0.428181631565323)	(102, 0.43621286786496316)	(104, 0.44471615459047564)	(106, 0.4525836616883492)	(108, 0.46184605653114297)	(110, 0.47012607616333746)	(112, 0.4771664318392994)	(114, 0.48451085603282784)	(116, 0.49206791555332585)	(118, 0.5001905850435628)	(120, 0.5074690922857307)	(122, 0.5150133936866105)	(124, 0.5234061100420988)	(126, 0.5325579345148685)	(128, 0.5414439648289262)	(130, 0.5522139441399341)	(132, 0.5639173925363384)	(134, 0.576150302896897)	(136, 0.587388079927238)	(138, 0.5976881351656431)
SRR36750772_1 - polyg	(1, 0.0)	(2, 0.0)	(3, 8.930683732721306e-05)	(4, 0.00014459202233929735)	(5, 0.00019137179427259943)	(6, 0.0002806786315998125)	(7, 0.0004210179473997187)	(8, 0.00073571823131466)	(9, 0.001126967232938641)	(10, 0.0014544256364717556)	(12, 0.0019158442959956896)	(14, 0.002445306260149881)	(16, 0.00288546138697686)	(18, 0.0032278042633978434)	(20, 0.0036424431509884756)	(22, 0.004105988163782106)	(24, 0.004435572920584915)	(26, 0.00478216850354529)	(28, 0.005230829043451051)	(30, 0.005726269355290114)	(32, 0.006334406390423041)	(34, 0.00681708858264393)	(36, 0.00737631949257386)	(38, 0.00795894028847044)	(40, 0.008673394987088145)	(42, 0.009319806381075591)	(44, 0.009985354954490298)	(46, 0.010742336718501916)	(48, 0.011501444835783225)	(50, 0.012190383295164583)	(52, 0.012975007651682241)	(54, 0.013942498389393716)	(56, 0.01498228513827484)	(58, 0.01598805023484083)	(60, 0.01701720521737348)	(62, 0.01789964182429713)	(64, 0.01900109281799943)	(66, 0.020023868740722987)	(68, 0.022541471012042517)	(70, 0.04829586181459501)	(72, 0.05165975268725337)	(74, 0.05333744541704316)	(76, 0.054847156238527)	(78, 0.05626968657595332)	(80, 0.05779640822359472)	(82, 0.05929336092546039)	(84, 0.06065847972460493)	(86, 0.062027851230288866)	(88, 0.0635418147583121)	(90, 0.06531519338523818)	(92, 0.06713322543082788)	(94, 0.06884919251947219)	(96, 0.07121582370864334)	(98, 0.07327838638024801)	(100, 0.07549404648727079)	(102, 0.07766292682236023)	(104, 0.07990410316861934)	(106, 0.08212188962891181)	(108, 0.08508177338032802)	(110, 0.08749305798816276)	(112, 0.08998727037351564)	(114, 0.09269411808583808)	(116, 0.0952585001290909)	(118, 0.09816947775530412)	(120, 0.10148871520929886)	(122, 0.10540971063861745)	(124, 0.10867578926086982)	(126, 0.11217789309605838)	(128, 0.11601596074785886)	(130, 0.12059825204405276)	(132, 0.12461705972377735)	(134, 0.12861885657734437)	(136, 0.13287581582327487)	(138, 0.13713064871593567)
SRR36750772_2 - illumina_universal_adapter	(1, 0.00014033931579990626)	(2, 0.00014459202233929735)	(3, 0.00014459202233929735)	(4, 0.00014884472887868844)	(5, 0.00014884472887868844)	(6, 0.00014884472887868844)	(7, 0.00015309743541807954)	(8, 0.00015309743541807954)	(9, 0.00015309743541807954)	(10, 0.0001679819083059484)	(12, 0.00018074002792412168)	(14, 0.00021263532696955492)	(16, 0.0002509096858240748)	(18, 0.0002976894577573769)	(20, 0.0003657327623876345)	(22, 0.0005188301978057139)	(24, 0.0007038229322692268)	(26, 0.0009249636723175639)	(28, 0.0012205267768052451)	(30, 0.0014501729299323646)	(32, 0.001824411105398781)	(34, 0.00218801751451672)	(36, 0.002562255689983137)	(38, 0.0029981581102707243)	(40, 0.003404291584782574)	(42, 0.003918869076048897)	(44, 0.004448331040203089)	(46, 0.004965034884739107)	(48, 0.005562540153523556)	(50, 0.006106886590565617)	(52, 0.006706518212619762)	(54, 0.007316781601022384)	(56, 0.007899402396918965)	(58, 0.00861810980207606)	(60, 0.009428250397830065)	(62, 0.010244770053393156)	(64, 0.011076174181844117)	(66, 0.011873556657979945)	(68, 0.012666686427576387)	(70, 0.013432173604666784)	(72, 0.014386906222760086)	(74, 0.015305490835268564)	(76, 0.016221949094507346)	(78, 0.017191566185488515)	(80, 0.01818882586897573)	(82, 0.019375330993465844)	(84, 0.02069579637394678)	(86, 0.022273550500060878)	(88, 0.023744986962690198)	(90, 0.025637441372719238)	(92, 0.02781482712088748)	(94, 0.030408978109916048)	(96, 0.03329018679035352)	(98, 0.03659028706492101)	(100, 0.04058357850540925)	(102, 0.04542741125377571)	(104, 0.0515938357358928)	(106, 0.058693729303406245)	(108, 0.06631883212853448)	(110, 0.07573219805347668)	(112, 0.08707629274730244)	(114, 0.10189697503708042)	(116, 0.11873769293306916)	(118, 0.1376516052670111)	(120, 0.15949988511313284)	(122, 0.18582201223869405)	(124, 0.21764926797949702)	(126, 0.25342516174212465)	(128, 0.29382800021960975)	(130, 0.33814545506660443)	(132, 0.3874470819777654)	(134, 0.4454433674087115)	(136, 0.5121704593650276)	(138, 0.5827611352123804)
SRR36750772_2 - polya	(1, 0.004899117933378545)	(2, 0.009547326180933015)	(3, 0.019064883416090295)	(4, 0.03255021585249947)	(5, 0.04644380811669018)	(6, 0.05889148015748793)	(7, 0.07153477669909766)	(8, 0.09060816552826674)	(9, 0.1118419292794465)	(10, 0.13895293346806475)	(12, 0.16723343195501555)	(14, 0.20081492914331736)	(16, 0.23493439370885216)	(18, 0.2646267907668808)	(20, 0.29275419181841356)	(22, 0.3205094810477495)	(24, 0.345796074130969)	(26, 0.3719013132230212)	(28, 0.39758340801440406)	(30, 0.42110938059031566)	(32, 0.44273651969638905)	(34, 0.4649866803104833)	(36, 0.4842131665750704)	(38, 0.503101562669776)	(40, 0.5221834569120238)	(42, 0.540208553579233)	(44, 0.5581103217567999)	(46, 0.5768009669974238)	(48, 0.593163255407731)	(50, 0.6088195945324993)	(52, 0.6251478612904915)	(54, 0.6429985969895856)	(56, 0.659024921583281)	(58, 0.6751618165470005)	(60, 0.6909946429931535)	(62, 0.7085561946475691)	(64, 0.7249716418896187)	(66, 0.7422759047984011)	(68, 0.7598544672789742)	(70, 0.7766654162291872)	(72, 0.7908652033642141)	(74, 0.8039082543205266)	(76, 0.8176168538502537)	(78, 0.8310001213297176)	(80, 0.8439432336823545)	(82, 0.8564334327885461)	(84, 0.8713540536819997)	(86, 0.8875696237166979)	(88, 0.9025327716755456)	(90, 0.9184910529646106)	(92, 0.9329098544864162)	(94, 0.9481664391964817)	(96, 0.9603844650841524)	(98, 0.9727343248745441)	(100, 0.9848460330987299)	(102, 0.9973043369058762)	(104, 1.009868958376507)	(106, 1.021736135974678)	(108, 1.0349110208337118)	(110, 1.0466740071216676)	(112, 1.0576821379988812)	(114, 1.0683819476519893)	(116, 1.0794815117198)	(118, 1.0908000901743895)	(120, 1.1017656939862093)	(122, 1.1128822688801776)	(124, 1.1236905225500402)	(126, 1.135817115247114)	(128, 1.1476077441275758)	(130, 1.1609697480743426)	(132, 1.1753205062915177)	(134, 1.1898902788954717)	(136, 1.2039731166006655)	(138, 1.2170267993233264)
SRR36750772_2 - polyg	(1, 0.5628882375538058)	(2, 0.5789124357942315)	(3, 0.5792951793827766)	(4, 0.5797842406348066)	(5, 0.5802775545933759)	(6, 0.5807410996061696)	(7, 0.5812514243908965)	(8, 0.582212536068799)	(9, 0.5834330628456041)	(10, 0.5853000010163969)	(12, 0.5877580653961649)	(14, 0.5894655270717304)	(16, 0.5902565304880572)	(18, 0.5908200141045266)	(20, 0.5913409706556019)	(22, 0.5919491076907348)	(24, 0.5925508656660587)	(26, 0.5930548113909766)	(28, 0.5935991578280186)	(30, 0.5942306847491181)	(32, 0.5948366954309814)	(34, 0.595468222352081)	(36, 0.5959998106695048)	(38, 0.5965399044000075)	(40, 0.597088503543589)	(42, 0.5976945142254522)	(44, 0.598283514081158)	(46, 0.5989426835947635)	(48, 0.599567831456054)	(50, 0.6001483258986808)	(52, 0.6007585892870835)	(54, 0.6014475277464648)	(56, 0.6021598560918129)	(58, 0.6028190256054184)	(60, 0.6034462998199787)	(62, 0.6041097220401237)	(64, 0.6048369348583595)	(66, 0.6056619599270014)	(68, 0.6064806059358342)	(70, 0.6072418404063853)	(72, 0.6079329052190363)	(74, 0.6086856342765086)	(76, 0.6095085329918808)	(78, 0.6103420634736014)	(80, 0.6114265036411461)	(82, 0.6125959979394786)	(84, 0.6138229037760929)	(86, 0.6150455569061679)	(88, 0.6162022930848823)	(90, 0.6175737909438359)	(92, 0.618809202193529)	(94, 0.620016970850716)	(96, 0.6214161113021758)	(98, 0.6228386416396021)	(100, 0.6243930058797496)	(102, 0.6259367383535485)	(104, 0.6276399473225747)	(106, 0.6294430948952765)	(108, 0.6313419283651146)	(110, 0.6334172491563375)	(112, 0.6355180861867966)	(114, 0.6376082914509074)	(116, 0.6398515941504361)	(118, 0.6422012145134498)	(120, 0.6448740405734571)	(122, 0.6474830760353736)	(124, 0.6499900465403445)	(126, 0.6525267859910914)	(128, 0.6553293196005501)	(130, 0.6583721311294843)	(132, 0.6615552819742186)	(134, 0.6647958443572346)	(136, 0.6679152046038781)	(138, 0.6711536406336243)
SRR36750775_1 - illumina_universal_adapter	(1, 4.782284527700455e-05)	(2, 5.06359538227107e-05)	(3, 5.344906236841685e-05)	(4, 6.470149655124145e-05)	(5, 6.470149655124145e-05)	(6, 6.75146050969476e-05)	(7, 6.75146050969476e-05)	(8, 7.31408221883599e-05)	(9, 7.31408221883599e-05)	(10, 8.017359355262527e-05)	(12, 0.00010830467900968676)	(14, 0.00015472097001383825)	(16, 0.00021520280374652046)	(18, 0.0002981895058448519)	(20, 0.00040649418485453866)	(22, 0.0005584020463226707)	(24, 0.000752506535976395)	(26, 0.0009831814367242994)	(28, 0.001220889108836469)	(30, 0.0015050130719527902)	(32, 0.0018088287948890545)	(34, 0.0021857853400136787)	(36, 0.0025838401992310986)	(38, 0.0029593901900828697)	(40, 0.003327907409570375)	(42, 0.003725962268787795)	(44, 0.0041127646938223916)	(46, 0.004568488278226788)	(48, 0.005059375719452511)	(50, 0.005530571400858291)	(52, 0.006011612962174042)	(54, 0.006541883923039652)	(56, 0.007089033535179498)	(58, 0.007644622472956462)	(60, 0.008176299988094925)	(62, 0.008882390233067168)	(64, 0.009547690404126674)	(66, 0.01016938739272773)	(68, 0.010892356288974211)	(70, 0.011732069189867498)	(72, 0.012625231153129201)	(74, 0.013654828880857652)	(76, 0.01464644964321907)	(78, 0.015709804673495992)	(80, 0.016913815131058225)	(82, 0.018435706854285253)	(84, 0.020340181339728314)	(86, 0.022305137658904062)	(88, 0.024414969068183676)	(90, 0.026917229119589294)	(92, 0.029890684852400696)	(94, 0.033653217532282675)	(96, 0.038135905999865424)	(98, 0.04305040662921407)	(100, 0.04890870517564712)	(102, 0.05641970499268254)	(104, 0.06567623866232863)	(106, 0.07630697585655216)	(108, 0.08874513529139191)	(110, 0.10291898269893235)	(112, 0.12038979332204039)	(114, 0.14219701076835445)	(116, 0.16804103897775685)	(118, 0.1968177328460579)	(120, 0.22930351033187255)	(122, 0.26729172813308844)	(124, 0.31354767195013467)	(126, 0.3653623182534962)	(128, 0.4222827565673144)	(130, 0.4851008769472056)	(132, 0.5554595347838621)	(134, 0.6363617234498253)	(136, 0.7279030886356491)	(138, 0.8257317514211262)
SRR36750775_1 - polya	(1, 0.0026330695987809563)	(2, 0.0067655260524232905)	(3, 0.008864105027520079)	(4, 0.011862878737242835)	(5, 0.014526892530026559)	(6, 0.016721117195677353)	(7, 0.01928948529790707)	(8, 0.02578495292994257)	(9, 0.035478924978445965)	(10, 0.0438226049250104)	(12, 0.049976279868742604)	(14, 0.060780023238527076)	(16, 0.07409165287680858)	(18, 0.08515982844988942)	(20, 0.09678499951502009)	(22, 0.10723429120804558)	(24, 0.11834747651785774)	(26, 0.12933407194311308)	(28, 0.1398100881673228)	(30, 0.1491467954305215)	(32, 0.15763394391291696)	(34, 0.16589323060311023)	(36, 0.1729710117041069)	(38, 0.18018100890675176)	(40, 0.18812100777700735)	(42, 0.1958584628319721)	(44, 0.20489698058932598)	(46, 0.2131126640970608)	(48, 0.220702430953376)	(50, 0.22822468320459421)	(52, 0.2360971674697529)	(54, 0.24575597566143498)	(56, 0.2534174767856657)	(58, 0.2611099221038991)	(60, 0.26895005562078217)	(62, 0.27866653253765117)	(64, 0.28739982801779596)	(66, 0.2981838796277605)	(68, 0.3083757718888539)	(70, 0.31722862448219113)	(72, 0.32510814151871403)	(74, 0.332097309700521)	(76, 0.33951407038127523)	(78, 0.3471502535285946)	(80, 0.35351772472180043)	(82, 0.3603985882245977)	(84, 0.37068049995915364)	(86, 0.38230004480719293)	(88, 0.3921135739688888)	(90, 0.40334209672907495)	(92, 0.41511354943858225)	(94, 0.4256345753995233)	(96, 0.4340134192029091)	(98, 0.44106447577272156)	(100, 0.44849952165902285)	(102, 0.45722859747634903)	(104, 0.4655117955891809)	(106, 0.47323940476423565)	(108, 0.48201067720974744)	(110, 0.489309287331582)	(112, 0.49628298341638755)	(114, 0.5030077193948981)	(116, 0.5103246147222797)	(118, 0.5183504134031794)	(120, 0.5265632838023686)	(122, 0.5337578089080119)	(124, 0.5419636465358368)	(126, 0.5511822032401159)	(128, 0.5598226661382524)	(130, 0.5698865619605161)	(132, 0.5800334444848783)	(134, 0.5907415421641087)	(136, 0.6007435495983668)	(138, 0.6095415465750629)
SRR36750775_1 - polyg	(1, 0.0)	(2, 0.0)	(3, 0.0001406554272853075)	(4, 0.00019410448965372434)	(5, 0.00029537639729914576)	(6, 0.00042477939040162863)	(7, 0.0005766872518697607)	(8, 0.0009789617739057403)	(9, 0.0015865932197782686)	(10, 0.002125303506280996)	(12, 0.0026963645410593446)	(14, 0.0033307205181160814)	(16, 0.003880683238801634)	(18, 0.004343439594570295)	(20, 0.0048371401443417245)	(22, 0.0053364669112045664)	(24, 0.00571764311914775)	(26, 0.006191651909099236)	(28, 0.006707857327236315)	(30, 0.007225469299646245)	(32, 0.007789497563060329)	(34, 0.008371811032021503)	(36, 0.009062429179992362)	(38, 0.009731949013870426)	(40, 0.010388809859292813)	(42, 0.011166634372180562)	(44, 0.011941645776522606)	(46, 0.012720876843683209)	(48, 0.013526832442028021)	(50, 0.01433560114891854)	(52, 0.01531878258564284)	(54, 0.01649888162056657)	(56, 0.017728210055040158)	(58, 0.018920968078419566)	(60, 0.020078562244977644)	(62, 0.021369779067456768)	(64, 0.0227566415804899)	(66, 0.02406895671706182)	(68, 0.02617738157206858)	(70, 0.038650704863729644)	(72, 0.04168745553881943)	(74, 0.04328811430132623)	(76, 0.04464965883744801)	(78, 0.046025268916298316)	(80, 0.04732492506441456)	(82, 0.04872444656590337)	(84, 0.050053640353749526)	(86, 0.05161772870516214)	(88, 0.05339561330604843)	(90, 0.05529727468294579)	(92, 0.05725238512221156)	(94, 0.059289075709302815)	(96, 0.06164646067060457)	(98, 0.06400806529472489)	(100, 0.06622620138301417)	(102, 0.06842323915721069)	(104, 0.07079609621551383)	(106, 0.0730719010289901)	(108, 0.07617616630917684)	(110, 0.0787431278571337)	(112, 0.08143949239819304)	(114, 0.08438622359982023)	(116, 0.08719229937416212)	(118, 0.09009402083905801)	(120, 0.09342052169435552)	(122, 0.0975220339539951)	(124, 0.10078805297555994)	(126, 0.10436914015424387)	(128, 0.10857192432152885)	(130, 0.11272969875208255)	(132, 0.11656677880842573)	(134, 0.12026882965457503)	(136, 0.1247810557618877)	(138, 0.1287855157767004)
SRR36750775_2 - illumina_universal_adapter	(1, 5.06359538227107e-05)	(2, 5.344906236841685e-05)	(3, 5.6262170914123e-05)	(4, 6.470149655124145e-05)	(5, 6.470149655124145e-05)	(6, 6.75146050969476e-05)	(7, 6.75146050969476e-05)	(8, 7.31408221883599e-05)	(9, 7.595393073406604e-05)	(10, 8.158014782547835e-05)	(12, 0.00010830467900968676)	(14, 0.00015050130719527902)	(16, 0.00021098314092796123)	(18, 0.0003094419400276765)	(20, 0.0004430645959487186)	(22, 0.0006160707715096468)	(24, 0.0008734702034417595)	(26, 0.0011632203836494928)	(28, 0.0014951671920428187)	(30, 0.0018890023884416797)	(32, 0.0023517587442103416)	(34, 0.0028876559221673627)	(36, 0.003533264333406924)	(38, 0.00406212873999968)	(40, 0.00466554052305365)	(42, 0.005284424403109002)	(44, 0.005903308283164355)	(46, 0.006555949465768183)	(48, 0.0072634462650132785)	(50, 0.008037051115082471)	(52, 0.008789557651058866)	(54, 0.009636303323316418)	(56, 0.01041553439047702)	(58, 0.011256653845643158)	(60, 0.012132937157630624)	(62, 0.013127371028537749)	(64, 0.014100706585352077)	(66, 0.015089514239167788)	(68, 0.0161472430523533)	(70, 0.017309056881729942)	(72, 0.018542604979022086)	(74, 0.019940719926238044)	(76, 0.02125162850853711)	(78, 0.0226666221070273)	(80, 0.02420679903580142)	(82, 0.026062044121694626)	(84, 0.028306904741168135)	(86, 0.030691014233654095)	(88, 0.033224218479062484)	(90, 0.03613297271532265)	(92, 0.039519955404352845)	(94, 0.043710080583182154)	(96, 0.04863161398389507)	(98, 0.053945576026733985)	(100, 0.06017661145547311)	(102, 0.06813911519409435)	(104, 0.07783027413405205)	(106, 0.08894064633531848)	(108, 0.10182749658319837)	(110, 0.1163698612102263)	(112, 0.13436391002283568)	(114, 0.15658606097964142)	(116, 0.18298849123536648)	(118, 0.21226310531625753)	(120, 0.24522851780911506)	(122, 0.2839593962663973)	(124, 0.3309242434369615)	(126, 0.3832157116388203)	(128, 0.44061156529686285)	(130, 0.5038347733073357)	(132, 0.5748531050979604)	(134, 0.6565893804477254)	(136, 0.7488523079755227)	(138, 0.847263284229961)
SRR36750775_2 - polya	(1, 0.004205597275830694)	(2, 0.009488615124666843)	(3, 0.017660695449943208)	(4, 0.030668509365288445)	(5, 0.04282395139128472)	(6, 0.05467557769434473)	(7, 0.06563263547987018)	(8, 0.0835662024587469)	(9, 0.10356740421871762)	(10, 0.12836636260339018)	(12, 0.1529543378471348)	(14, 0.18387884009008248)	(16, 0.2161522278806963)	(18, 0.24546622548122723)	(20, 0.27342149165418206)	(22, 0.2995819945749764)	(24, 0.3245075428442058)	(26, 0.3484091196027981)	(28, 0.37154271772841263)	(30, 0.39323881738717126)	(32, 0.41352976932734975)	(34, 0.43304711641745897)	(36, 0.44972181732213223)	(38, 0.4665062294600879)	(40, 0.48356773278979576)	(42, 0.4999864408168097)	(44, 0.5168960362850494)	(46, 0.5327732209170148)	(48, 0.5475659522046107)	(50, 0.5618734222680721)	(52, 0.5761612005717136)	(54, 0.5911255314805975)	(56, 0.6049210157887405)	(58, 0.6188515293070773)	(60, 0.6322377063218201)	(62, 0.6475058529536402)	(64, 0.6613463469985145)	(66, 0.6767762473717127)	(68, 0.6928222185164206)	(70, 0.7071690720995218)	(72, 0.7198744768462038)	(74, 0.7316192050245269)	(76, 0.7435636639095953)	(78, 0.7555446932057577)	(80, 0.7667253931206668)	(82, 0.7778160735621134)	(84, 0.7916171840873477)	(86, 0.80712303839128)	(88, 0.8207595820665905)	(90, 0.8359405223334938)	(92, 0.851160846120037)	(94, 0.864773478372709)	(96, 0.8764084953177496)	(98, 0.8874541660224649)	(100, 0.8988978915863974)	(102, 0.9108634487855585)	(104, 0.9226827243403429)	(106, 0.9337058901766925)	(108, 0.9455420443827511)	(110, 0.9560124343898694)	(112, 0.9661747890112329)	(114, 0.976005196824203)	(116, 0.986171771108385)	(118, 0.996913626090164)	(120, 1.007865057658598)	(122, 1.0177573538595737)	(124, 1.028082868776588)	(126, 1.0395758237400705)	(128, 1.0503275246017596)	(130, 1.0626095565123126)	(132, 1.0751335157577961)	(134, 1.0880569364167703)	(136, 1.100265827505135)	(138, 1.1113776062606742)
SRR36750775_2 - polyg	(1, 0.4657382508271102)	(2, 0.47565445845072435)	(3, 0.47602578877875756)	(4, 0.4764196239751564)	(5, 0.47672343969809267)	(6, 0.4770581996150317)	(7, 0.4775111100908904)	(8, 0.47828190183241387)	(9, 0.47918209656703986)	(10, 0.48061959503389573)	(12, 0.48266472494662405)	(14, 0.4839531286605575)	(16, 0.48468734999098684)	(18, 0.485240125820218)	(20, 0.48583369172336205)	(22, 0.48648211324314733)	(24, 0.4870362956266514)	(26, 0.48759329111870126)	(28, 0.4882037356731195)	(30, 0.4888071474561735)	(32, 0.48941337234777316)	(34, 0.4899928727081886)	(36, 0.4905737796228769)	(38, 0.4911434341033824)	(40, 0.49180029494880484)	(42, 0.4924515295771358)	(44, 0.4930169643948227)	(46, 0.4936034975266025)	(48, 0.49416330612719794)	(50, 0.49473718027052205)	(52, 0.49536450347621447)	(54, 0.49602699053872834)	(56, 0.4966866644926964)	(58, 0.49732242702402596)	(60, 0.49793146502417135)	(62, 0.4986361487148707)	(64, 0.4992733178004732)	(66, 0.5000131653479939)	(68, 0.5007994291865188)	(70, 0.5014520703691226)	(72, 0.5021440950713663)	(74, 0.5029627096581668)	(76, 0.503774291473603)	(78, 0.5046055650488592)	(80, 0.5056281300052234)	(82, 0.5066506949615875)	(84, 0.5076929516777717)	(86, 0.5086733200059503)	(88, 0.5097985634242328)	(90, 0.5110757147039833)	(92, 0.5123359873324597)	(94, 0.5137636399194057)	(96, 0.5149732765940591)	(98, 0.5163896767468223)	(100, 0.5178834373845922)	(102, 0.5194025159992736)	(104, 0.5209314404938649)	(106, 0.5226474367067455)	(108, 0.5245772291691)	(110, 0.5266476770587398)	(112, 0.5287096856227423)	(114, 0.5309010971798475)	(116, 0.5331501774621394)	(118, 0.5355835163541753)	(120, 0.5380407666688496)	(122, 0.540746977089819)	(124, 0.5434616268364254)	(126, 0.54631833856459)	(128, 0.5494043186392297)	(130, 0.5526970621919787)	(132, 0.5559138518139937)	(134, 0.5592164412466527)	(136, 0.5629002068872548)	(138, 0.5666641461214097)
SRR36750776_1 - illumina_universal_adapter	(1, 8.260562760237992e-05)	(2, 9.96964471063206e-05)	(3, 0.00011393879669293782)	(4, 0.00011678726661026127)	(5, 0.00011678726661026127)	(6, 0.00012248420644490817)	(7, 0.0001253326763622316)	(8, 0.00012818114627955504)	(9, 0.00013387808611420193)	(10, 0.00014669620074215744)	(12, 0.00017802936983271535)	(14, 0.00019654442429531773)	(16, 0.00022787759338587565)	(18, 0.0002990893413189618)	(20, 0.0003987857884252824)	(22, 0.0005312396395808225)	(24, 0.0006893297199922738)	(26, 0.0008744802646182977)	(28, 0.001052509634451013)	(30, 0.0013117203969274468)	(32, 0.0016165066780810553)	(34, 0.0019312626039452961)	(36, 0.0022218065355122875)	(38, 0.002536562461376528)	(40, 0.002866984971786048)	(42, 0.0032444072358314043)	(44, 0.003643193024256687)	(46, 0.004098948211028438)	(48, 0.004520521758792308)	(50, 0.004986246590274692)	(52, 0.005461941066467707)	(54, 0.005892060023983547)	(56, 0.006434693543233663)	(58, 0.0069459938933932215)	(60, 0.007508566702064602)	(62, 0.00814235125866907)	(64, 0.008754772290893609)	(66, 0.009368617558076813)	(68, 0.010072189627655704)	(70, 0.010778610167151918)	(72, 0.011547697044829247)	(74, 0.012420753074488883)	(76, 0.01328383945943789)	(78, 0.01412841078992429)	(80, 0.015101163266690247)	(82, 0.01623627852874364)	(84, 0.01753375657608447)	(86, 0.01905341527697653)	(88, 0.020558831628281968)	(90, 0.022359064616030384)	(92, 0.02461932549542654)	(94, 0.02730115992258656)	(96, 0.030424507186931724)	(98, 0.03389679201614901)	(100, 0.03786755908089788)	(102, 0.04323265217017659)	(104, 0.050301130270014725)	(106, 0.05826545215885108)	(108, 0.06728655638701442)	(110, 0.07773901674863282)	(112, 0.09103709855765732)	(114, 0.1078074651958991)	(116, 0.1280259046690609)	(118, 0.15004030442509517)	(120, 0.17418963238416335)	(122, 0.20481495670026637)	(124, 0.24424917423569215)	(126, 0.28895021264824894)	(128, 0.3368685978324226)	(130, 0.3899740467360423)	(132, 0.4513998762681637)	(134, 0.5251567320723785)	(136, 0.6110352516097629)	(138, 0.7029041033832787)
SRR36750776_1 - polya	(1, 0.002384169320799724)	(2, 0.005668455135473657)	(3, 0.007334810037107872)	(4, 0.009867099793608416)	(5, 0.01262441867357751)	(6, 0.01497155788545203)	(7, 0.01783427015236209)	(8, 0.023841693207997238)	(9, 0.033304310273345725)	(10, 0.041798447566804245)	(12, 0.048310049797805635)	(14, 0.05833808814174282)	(16, 0.06956390808591453)	(18, 0.07765783535598911)	(20, 0.08657212196225282)	(22, 0.09535110624744367)	(24, 0.10491911669973314)	(26, 0.11567778757746378)	(28, 0.12624561097073375)	(30, 0.13478105107799349)	(32, 0.14291058422203456)	(34, 0.15103726889615837)	(36, 0.15826668554632528)	(38, 0.16534798176079135)	(40, 0.1734404847959073)	(42, 0.18160419957895627)	(44, 0.19123202789950952)	(46, 0.1996164991011511)	(48, 0.20784288022238118)	(50, 0.21610201874766052)	(52, 0.22414894626409926)	(54, 0.23248214500722897)	(56, 0.23953922922739784)	(58, 0.24667464637029307)	(60, 0.2538129119831056)	(62, 0.2624694120618516)	(64, 0.2712882749258849)	(66, 0.28224349022791095)	(68, 0.2932172205843995)	(70, 0.3025445353286751)	(72, 0.3102895250338776)	(74, 0.3170802773167767)	(76, 0.32442505699859514)	(78, 0.33179262443975227)	(80, 0.33806353096273983)	(82, 0.34483576819117634)	(84, 0.35434396077520197)	(86, 0.36533620618615315)	(88, 0.3748102171311709)	(90, 0.3854250402780768)	(92, 0.3966195270531579)	(94, 0.40760892399419174)	(96, 0.41585809287476044)	(98, 0.4231572970379018)	(100, 0.4308211053504605)	(102, 0.4393793332170588)	(104, 0.4478207738170468)	(106, 0.4554005522670445)	(108, 0.4649543203697474)	(110, 0.47354245717047755)	(112, 0.48112223562047524)	(114, 0.4885353785803095)	(116, 0.4961564598441084)	(118, 0.5044796889425275)	(120, 0.5130991589123483)	(122, 0.5202160610007809)	(124, 0.5293753160199344)	(126, 0.5391014165526353)	(128, 0.5484743068155882)	(130, 0.5597214902841396)	(132, 0.57117233935178)	(134, 0.5837070312229617)	(136, 0.5955125147953089)	(138, 0.6054935533856102)
SRR36750776_1 - polyg	(1, 0.0)	(2, 0.0)	(3, 0.00016805972512208328)	(4, 0.00026775617222840386)	(5, 0.00037314955916937137)	(6, 0.0005041791753662498)	(7, 0.0006921781899095973)	(8, 0.001150781846598672)	(9, 0.0018486569763429162)	(10, 0.002419775194766267)	(12, 0.003082044450543968)	(14, 0.0038141012192960937)	(16, 0.004412279901934017)	(18, 0.004977701180522721)	(20, 0.005571607158284659)	(22, 0.00610996797265879)	(24, 0.006611298678107717)	(26, 0.007007235996615676)	(28, 0.007501445527271293)	(30, 0.008113866559495834)	(32, 0.008898620021718444)	(34, 0.009667706899395775)	(36, 0.010671792545252287)	(38, 0.01148360647168947)	(40, 0.012202845125813641)	(42, 0.013034598341672088)	(44, 0.013958926829843545)	(46, 0.014820588979833887)	(48, 0.015713584298914788)	(50, 0.016636488552127585)	(52, 0.01762490761343882)	(54, 0.01868311418772448)	(56, 0.01978119934085267)	(58, 0.020859345204559593)	(60, 0.022030066340579527)	(62, 0.023186545127012848)	(64, 0.024303145334603638)	(66, 0.025557896333184615)	(68, 0.027714188060598464)	(70, 0.04946795281919762)	(72, 0.057789757682658066)	(74, 0.06001013998321169)	(76, 0.06159388925724352)	(78, 0.06314772959714346)	(80, 0.06466311559315954)	(82, 0.06620983475826617)	(84, 0.06776509933312477)	(86, 0.06930612155839674)	(88, 0.07098102186978295)	(90, 0.07267443723563173)	(92, 0.07444760975916558)	(94, 0.07633614531435101)	(96, 0.07842549799870777)	(98, 0.08030833661405856)	(100, 0.08224102345296253)	(102, 0.08426486132922081)	(104, 0.08644821352084925)	(106, 0.08878538308801313)	(108, 0.09143873281599993)	(110, 0.0939510832830792)	(112, 0.09642213093635729)	(114, 0.09912960159277323)	(116, 0.10172170921753756)	(118, 0.10450039162188658)	(120, 0.10731183143028483)	(122, 0.1105832991303308)	(124, 0.1135157989102153)	(126, 0.11676875155579866)	(128, 0.12011143100377772)	(130, 0.12401810749538683)	(132, 0.12759578571154506)	(134, 0.13128455425447894)	(136, 0.1350673223046845)	(138, 0.13865212169563604)
SRR36750776_2 - illumina_universal_adapter	(1, 8.83025674370268e-05)	(2, 9.96964471063206e-05)	(3, 0.00011393879669293782)	(4, 0.00011678726661026127)	(5, 0.00011678726661026127)	(6, 0.0001196357365275847)	(7, 0.00012248420644490817)	(8, 0.0001253326763622316)	(9, 0.0001310296161968785)	(10, 0.000143847730824834)	(12, 0.00017375666495673018)	(14, 0.0001936959543779943)	(16, 0.00022787759338587562)	(18, 0.0003204528656988876)	(20, 0.00042442201768119335)	(22, 0.0005568758688367335)	(24, 0.0007619657028840217)	(26, 0.0009926917661872208)	(28, 0.0012547509985809777)	(30, 0.001578052334197189)	(32, 0.001966868477911839)	(34, 0.0023556846216264892)	(36, 0.0027601673498864185)	(38, 0.0031988317171542293)	(40, 0.0036731019583885827)	(42, 0.004194371953258774)	(44, 0.00474555088226086)	(46, 0.00538218390878265)	(48, 0.005990332236131206)	(50, 0.006639783377280951)	(52, 0.007293507223306682)	(54, 0.007900231315696577)	(56, 0.008618045734862084)	(58, 0.009287436165433094)	(60, 0.01004512916344113)	(62, 0.010895397433762178)	(64, 0.01169012054069542)	(66, 0.01256744927523104)	(68, 0.013486080823567854)	(70, 0.014406136606863327)	(72, 0.015397404138091885)	(74, 0.01654391327981457)	(76, 0.01761636220368685)	(78, 0.018646084078799273)	(80, 0.01982962332944717)	(82, 0.02118691924505179)	(84, 0.022730789940241095)	(86, 0.024466932354849737)	(88, 0.026221589823920977)	(90, 0.028328033327781665)	(92, 0.030883110843620797)	(94, 0.03379567133408402)	(96, 0.03716968395115364)	(98, 0.040832816264831595)	(100, 0.045018642808338394)	(102, 0.05056746220728447)	(104, 0.057907969184226984)	(106, 0.06611298678107716)	(108, 0.07534487778312246)	(110, 0.08595827669506961)	(112, 0.09951556926657056)	(114, 0.11646681374456239)	(116, 0.13688464611193685)	(118, 0.15909701452722508)	(120, 0.18338022057240744)	(122, 0.21414369567950065)	(124, 0.2537217609457513)	(126, 0.29825189116326867)	(128, 0.3461389431783518)	(130, 0.39904642342271746)	(132, 0.46004783093715773)	(134, 0.5333774162537739)	(136, 0.6183287588330696)	(138, 0.7090254652356067)
SRR36750776_2 - polya	(1, 0.004167311489044201)	(2, 0.008303289808997843)	(3, 0.014874709908263032)	(4, 0.025516593519383426)	(5, 0.035964781176125823)	(6, 0.04521661146759237)	(7, 0.054875772957236175)	(8, 0.07051956974317654)	(9, 0.0893707436560231)	(10, 0.11159308171602196)	(12, 0.13355478477858573)	(14, 0.15972082943911892)	(16, 0.18682829340732748)	(18, 0.21046347254631875)	(20, 0.2335204122920934)	(22, 0.25571568988787763)	(24, 0.27732418268069337)	(26, 0.29889991806945976)	(28, 0.3198375961967458)	(30, 0.338302802435795)	(32, 0.35634501089212167)	(34, 0.3739912820299405)	(36, 0.38983447171009344)	(38, 0.4051350278709963)	(40, 0.4205452501237162)	(42, 0.43634428852015067)	(44, 0.45262756680253013)	(46, 0.4676162155074861)	(48, 0.4819952916501349)	(50, 0.49590579449138394)	(52, 0.5091753916012351)	(54, 0.5229733798807499)	(56, 0.5352787699235872)	(58, 0.5481623993596412)	(60, 0.5601330941871929)	(62, 0.5739552944610049)	(64, 0.5868474693068109)	(66, 0.602189328281515)	(68, 0.6181550021681128)	(70, 0.6317963246021749)	(72, 0.6434793239680769)	(74, 0.6542679037799395)	(76, 0.6658084796499755)	(78, 0.6774914790158776)	(80, 0.687565092878492)	(82, 0.6981514313262245)	(84, 0.7112230597768219)	(86, 0.7257887106990553)	(88, 0.7382222818881721)	(90, 0.7521869056578503)	(92, 0.7667625262247943)	(94, 0.7807556346936457)	(96, 0.7921965141165754)	(98, 0.8023413397271228)	(100, 0.8131811919974972)	(102, 0.8246177987155509)	(104, 0.835500378034685)	(106, 0.8457164153931656)	(108, 0.8576486558768335)	(110, 0.8682663274936566)	(112, 0.8781376999921411)	(114, 0.8876572864558361)	(116, 0.8975642648282869)	(118, 0.907899937923295)	(120, 0.9188779409846597)	(122, 0.9284715876662051)	(124, 0.9392017738447624)	(126, 0.950681107611576)	(128, 0.9616505652631886)	(130, 0.974165317844949)	(132, 0.9871529164329853)	(134, 1.0011773580709273)	(136, 1.0146862266538337)	(138, 1.0261057425523834)
SRR36750776_2 - polyg	(1, 0.5424967926940848)	(2, 0.554166973945359)	(3, 0.5546910924101465)	(4, 0.555215210874934)	(5, 0.5556909053511271)	(6, 0.556183690646824)	(7, 0.5568901111863203)	(8, 0.5579696812849858)	(9, 0.5593996131834822)	(10, 0.5614433903491618)	(12, 0.564321769200617)	(14, 0.5661476384176214)	(16, 0.5670862092553794)	(18, 0.5677798116802477)	(20, 0.5684420809360254)	(22, 0.5692980461461812)	(24, 0.5700443452645199)	(26, 0.5707151599300495)	(28, 0.5714813983378095)	(30, 0.5721977885220164)	(32, 0.5730736930215934)	(34, 0.5738897796529066)	(36, 0.5747998657914913)	(38, 0.575576073843962)	(40, 0.5763679484809779)	(42, 0.5771640958228699)	(44, 0.577971637044431)	(46, 0.5787222088676458)	(48, 0.5794215082323486)	(50, 0.5801891708750673)	(52, 0.5810551057299337)	(54, 0.5818640711864536)	(56, 0.5826929759323947)	(58, 0.5834463962255267)	(60, 0.5841969680487414)	(62, 0.5850187516198893)	(64, 0.585840535191037)	(66, 0.5866267128882183)	(68, 0.5875311020869685)	(70, 0.5883998854117523)	(72, 0.5891860631089334)	(74, 0.5899993012703293)	(76, 0.5910033869161858)	(78, 0.5920402299660915)	(80, 0.59323373886145)	(82, 0.594395914587718)	(84, 0.5957546347382813)	(86, 0.5971418395880178)	(88, 0.5984834689190772)	(90, 0.5998635525940204)	(92, 0.6012721209681369)	(94, 0.6028402036576234)	(96, 0.6044168317568619)	(98, 0.6060347626699016)	(100, 0.6077224810959158)	(102, 0.6095853804218453)	(104, 0.6116320060574423)	(106, 0.6138153582490706)	(108, 0.6159047109334274)	(110, 0.618023972551916)	(112, 0.6202244155630483)	(114, 0.622664130047236)	(116, 0.6252576619069589)	(118, 0.6278825269357724)	(120, 0.6306384215807829)	(122, 0.6336278907590138)	(124, 0.6366031175876581)	(126, 0.6397820100153911)	(128, 0.6429423873886615)	(130, 0.6463648239943256)	(132, 0.6499311083308146)	(134, 0.6536398161631697)	(136, 0.6575906439384973)	(138, 0.6614731084358092)
SRR36750778_1 - illumina_universal_adapter	(1, 0.0)	(2, 0.0)	(3, 0.0)	(4, 6.2287411119368e-06)	(5, 6.2287411119368e-06)	(6, 9.3431116679052e-06)	(7, 9.3431116679052e-06)	(8, 1.5571852779842e-05)	(9, 2.49149644477472e-05)	(10, 3.58152613936366e-05)	(12, 6.85161522313048e-05)	(14, 0.00010121704306897299)	(16, 0.00015571852779842)	(18, 0.00023357779169763)	(20, 0.0003254517230986978)	(22, 0.00043756906311356023)	(24, 0.0005901732203560118)	(26, 0.0007334342659305582)	(28, 0.000910953387620757)	(30, 0.0011009299915348293)	(32, 0.0013531940065682696)	(34, 0.0015743143160420262)	(36, 0.0018001061813497352)	(38, 0.0020492558258272072)	(40, 0.0022999626555826633)	(42, 0.0025958278583996615)	(44, 0.002873006837880849)	(46, 0.0031486286320840523)	(48, 0.0034740803551827504)	(50, 0.0038166611163392744)	(52, 0.004213743362225245)	(54, 0.004668441463396632)	(56, 0.005098224600120271)	(58, 0.005568494554071499)	(60, 0.006037207322744743)	(62, 0.006523049129475813)	(64, 0.007027577159542695)	(66, 0.007574149192115149)	(68, 0.008176779894695034)	(70, 0.00876851030032903)	(72, 0.009427199672916347)	(74, 0.0102104638677424)	(76, 0.010999956803680388)	(78, 0.011875094929907508)	(80, 0.012885708175319255)	(82, 0.013944594164348512)	(84, 0.01531647439425259)	(86, 0.016912589304186397)	(88, 0.01859279221913135)	(90, 0.020598446857174997)	(92, 0.022945125071097187)	(94, 0.02580567442675416)	(96, 0.02927508322610296)	(98, 0.03305437189577061)	(100, 0.03748612119691365)	(102, 0.042917583446522536)	(104, 0.04950291998711771)	(106, 0.05748972327789868)	(108, 0.06615857372043672)	(110, 0.07655434263625924)	(112, 0.08880783358871691)	(114, 0.1036711670670761)	(116, 0.12083290601573995)	(118, 0.1408162646881112)	(120, 0.16288936600353726)	(122, 0.18824812825550993)	(124, 0.2171385867179508)	(126, 0.25013689994371396)	(128, 0.28702506199388167)	(130, 0.3287233693677426)	(132, 0.37417293607626745)	(134, 0.425365402089998)	(136, 0.4826978496548203)	(138, 0.5442689555463156)
SRR36750778_1 - polya	(1, 0.002771789794811876)	(2, 0.00576158552854154)	(3, 0.007281398359854119)	(4, 0.009776009175184808)	(5, 0.01187509492990751)	(6, 0.01341047961399993)	(7, 0.01506421037921915)	(8, 0.020405355882704958)	(9, 0.02738466029863014)	(10, 0.03461622872958876)	(12, 0.039865500301673504)	(14, 0.04996851838523499)	(16, 0.06395204218153311)	(18, 0.07201670473621327)	(20, 0.08103592186629777)	(22, 0.09011119766638968)	(24, 0.09829109193164068)	(26, 0.10655663138718083)	(28, 0.11452319126934798)	(30, 0.12124088855857182)	(32, 0.1283369818703458)	(34, 0.13620855345055596)	(36, 0.14292313636922382)	(38, 0.15043966970605355)	(40, 0.15907426207247594)	(42, 0.1669458336526861)	(44, 0.17542159312075406)	(46, 0.18406708578412237)	(48, 0.19149641674538498)	(50, 0.1992901290616959)	(52, 0.20832336085928224)	(54, 0.21921587187878172)	(56, 0.22763557267684228)	(58, 0.23590734087349435)	(60, 0.24414640817930877)	(62, 0.2538897164636559)	(64, 0.26327798650462264)	(66, 0.2724902946091772)	(68, 0.2807184616180457)	(70, 0.2890198163349794)	(72, 0.2967621415371169)	(74, 0.3039812524858516)	(76, 0.3118061085077223)	(78, 0.3197243956462719)	(80, 0.3265604390166226)	(82, 0.3345332276399017)	(84, 0.3459380526158579)	(86, 0.35770258739102856)	(88, 0.36669066081555335)	(90, 0.37637946761517105)	(92, 0.3846823795173828)	(94, 0.3945969781823082)	(96, 0.4019032915066101)	(98, 0.40827996521995535)	(100, 0.415218782818653)	(102, 0.42271662993214687)	(104, 0.4297317496094657)	(106, 0.4371252653093347)	(108, 0.44502330903927056)	(110, 0.45185000929795327)	(112, 0.4580974366332259)	(114, 0.46496150933858027)	(116, 0.4725045148251357)	(118, 0.48093667310542015)	(120, 0.48924114219290993)	(122, 0.4966393294486129)	(124, 0.5046712911124553)	(126, 0.5140393177448084)	(128, 0.5228452004918089)	(130, 0.5333966879354299)	(132, 0.543926374785159)	(134, 0.5541960116934648)	(136, 0.5633631614249579)	(138, 0.5711101581829292)
SRR36750778_2 - illumina_universal_adapter	(1, 0.0)	(2, 0.0)	(3, 0.0)	(4, 9.3431116679052e-06)	(5, 9.3431116679052e-06)	(6, 1.24574822238736e-05)	(7, 1.24574822238736e-05)	(8, 1.86862233358104e-05)	(9, 2.80293350037156e-05)	(10, 4.51583730615418e-05)	(12, 7.63020786212258e-05)	(14, 0.000109002969458894)	(16, 0.00016039008363237262)	(18, 0.00023980653280956683)	(20, 0.0003332376494886188)	(22, 0.0004562552864493706)	(24, 0.000638445963973522)	(26, 0.0008362084942775154)	(28, 0.001068229100697161)	(30, 0.0013438508949003645)	(32, 0.0016693026179990624)	(34, 0.0019745109324839655)	(36, 0.0022766048764129004)	(38, 0.0026269715639593454)	(40, 0.002999138845397569)	(42, 0.003385320794337651)	(44, 0.003774617113833701)	(46, 0.004195057138889435)	(48, 0.004648198054782837)	(50, 0.0051137964529001136)	(52, 0.005646353817970709)	(54, 0.0062318554824927685)	(56, 0.006784656256177159)	(58, 0.007387286958757044)	(60, 0.00800081795828282)	(62, 0.008619020513642547)	(64, 0.00930573922123358)	(66, 0.01004384504299809)	(68, 0.01078506523531857)	(70, 0.011580786912368496)	(72, 0.012415438221368025)	(74, 0.013387121834830167)	(76, 0.01437437730107215)	(78, 0.015433263290101407)	(80, 0.01665721091859699)	(82, 0.017929431290710077)	(84, 0.01954267523870171)	(86, 0.021350567346441366)	(88, 0.023233204347524263)	(90, 0.025405477810312223)	(92, 0.027904760181476862)	(94, 0.03097241517910574)	(96, 0.0346520439909824)	(98, 0.03866179608179171)	(100, 0.043317780062964474)	(102, 0.04902953566261052)	(104, 0.0558515643654593)	(106, 0.0641108750798875)	(108, 0.07310673443080222)	(110, 0.08373608113832237)	(112, 0.09621380677080976)	(114, 0.11139480604587773)	(116, 0.12888978264403023)	(118, 0.14922973674505985)	(120, 0.171684348453592)	(122, 0.19742150672811487)	(124, 0.22675264862422526)	(126, 0.2599206950452887)	(128, 0.2969785902907567)	(130, 0.33897743442326855)	(132, 0.38468705107321677)	(134, 0.43633265800284077)	(136, 0.49411513211300045)	(138, 0.5561892088492846)
SRR36750778_2 - polya	(1, 0.005172969493463513)	(2, 0.009704378652397535)	(3, 0.01738441644341561)	(4, 0.029602092134479643)	(5, 0.041084776374335136)	(6, 0.05159889137128445)	(7, 0.0618638567237563)	(8, 0.07868457209654163)	(9, 0.09735210920901621)	(10, 0.12079241919851239)	(12, 0.14386367627712626)	(14, 0.1737336042794192)	(16, 0.20586767967590117)	(18, 0.23143199038456777)	(20, 0.25687328345627364)	(22, 0.28236907801270894)	(24, 0.3057128425149701)	(26, 0.32745893492201944)	(28, 0.34916298332656326)	(30, 0.3687788462733302)	(32, 0.3882249760247969)	(34, 0.4070077448478423)	(36, 0.4244124046998717)	(38, 0.44138728141517747)	(40, 0.4593899004139528)	(42, 0.47557684137859857)	(44, 0.4919023718329849)	(46, 0.5079429373815001)	(48, 0.5230632064307268)	(50, 0.5376493609296047)	(52, 0.5532850583058441)	(54, 0.572025783126384)	(56, 0.5870619641705994)	(58, 0.6011622768627463)	(60, 0.6153388916335145)	(62, 0.630960574342252)	(64, 0.6460855149473125)	(66, 0.6610562942098526)	(68, 0.6749323722219698)	(70, 0.6876717049811585)	(72, 0.7001914746161515)	(74, 0.7126084700227975)	(76, 0.7252995300383687)	(78, 0.738182123843132)	(80, 0.7501849079658343)	(82, 0.7636934902523471)	(84, 0.7800408213006254)	(86, 0.7961312167780361)	(88, 0.8095899691356535)	(90, 0.8230985514221665)	(92, 0.8349907753901318)	(94, 0.8478391111187794)	(96, 0.859309337876411)	(98, 0.8696630627897279)	(100, 0.8807673510070333)	(102, 0.892028914937415)	(104, 0.9029494552919182)	(106, 0.9134464412508096)	(108, 0.9251720463940307)	(110, 0.9356425602031965)	(112, 0.9454123406372694)	(114, 0.955487329385827)	(116, 0.9658239252610863)	(118, 0.9765653893086212)	(120, 0.9867820819174755)	(122, 0.9964444165673676)	(124, 1.0074303587035462)	(126, 1.0189052570170118)	(128, 1.0307928094291432)	(130, 1.0437283475333579)	(132, 1.0562683605769645)	(134, 1.0689018047372503)	(136, 1.0805869230632439)	(138, 1.0911306245804748)
SRR36750778_2 - polyg	(1, 0.4954247249317852)	(2, 0.5101774982554075)	(3, 0.5106913693971422)	(4, 0.5111990117977651)	(5, 0.5116848536044962)	(6, 0.5121582379290034)	(7, 0.5127686545579732)	(8, 0.5139147429225696)	(9, 0.5151667198860689)	(10, 0.5167721779076706)	(12, 0.5189631375937943)	(14, 0.5202104430014597)	(16, 0.5209283054146103)	(18, 0.5214966780410746)	(20, 0.522052593185315)	(22, 0.5226972678904005)	(24, 0.5232889982960345)	(26, 0.5238651568488886)	(28, 0.5244615588103565)	(30, 0.525006573657651)	(32, 0.5255951896927291)	(34, 0.5261620051339153)	(36, 0.5267023484253758)	(38, 0.5272022048996088)	(40, 0.5277845921935749)	(42, 0.5283514076347611)	(44, 0.5288637215912179)	(46, 0.5293931645857325)	(48, 0.5299148216538572)	(50, 0.5304380359072599)	(52, 0.530923877713991)	(54, 0.5316401829418637)	(56, 0.5323300160200106)	(58, 0.532892159905363)	(60, 0.5333966879354299)	(62, 0.533977518044118)	(64, 0.5345225328914125)	(66, 0.5350644333681509)	(68, 0.5356219056976693)	(70, 0.5362977241083144)	(72, 0.5369190410342302)	(74, 0.5375746160362616)	(76, 0.5382395341499607)	(78, 0.5390523848650686)	(80, 0.5399244086207396)	(82, 0.5408649485286421)	(84, 0.5417478725812591)	(86, 0.542652597227768)	(88, 0.5435931371356704)	(90, 0.5445601491932985)	(92, 0.5454415160606376)	(94, 0.5464256571563237)	(96, 0.5474565138103492)	(98, 0.5485013851318765)	(100, 0.5495960863822995)	(102, 0.550720374153004)	(104, 0.5520361957129007)	(106, 0.553386275348913)	(108, 0.5548562582513301)	(110, 0.5563386986359711)	(112, 0.5578367108733919)	(114, 0.5594219254863798)	(116, 0.5610320550638155)	(118, 0.5628368328009992)	(120, 0.564624481500125)	(122, 0.5666176786559448)	(124, 0.5687105356695555)	(126, 0.5708329792034481)	(128, 0.5730192673337379)	(130, 0.5754360188851693)	(132, 0.5780661048196847)	(134, 0.5807678212769872)	(136, 0.5835629688509689)	(138, 0.5863705739071743)
SRR36750779_1 - illumina_universal_adapter	(1, 0.0)	(2, 0.0)	(3, 0.0)	(4, 0.0)	(5, 0.0)	(6, 3.834413167988325e-06)	(7, 3.834413167988325e-06)	(8, 3.834413167988325e-06)	(9, 2.300647900792995e-05)	(10, 3.642692509588909e-05)	(12, 6.13506106878132e-05)	(14, 0.00010161194895169061)	(16, 0.00015529373330352715)	(18, 0.0002204787571593287)	(20, 0.0003240079126950135)	(22, 0.0004562951669906107)	(24, 0.0006039200739581612)	(26, 0.0008109783850295308)	(28, 0.0010161194895169062)	(30, 0.0012327638335082464)	(32, 0.0014589942104195576)	(34, 0.0017964225692025304)	(36, 0.002158774613577427)	(38, 0.0024981201789443935)	(40, 0.0028489689838153255)	(42, 0.0032669200191260527)	(44, 0.0036618645754288503)	(46, 0.0040798156107395775)	(48, 0.0045936269752500135)	(50, 0.0050441705224886415)	(52, 0.005554147473831089)	(54, 0.006115889002941378)	(56, 0.006708305837395574)	(58, 0.007319894737689713)	(60, 0.007946821290655803)	(62, 0.00853923812511)	(64, 0.009146992612236149)	(66, 0.009818014916634105)	(68, 0.010471782361776115)	(70, 0.011125549806918125)	(72, 0.0118560055154199)	(74, 0.012755175403313163)	(76, 0.01373870238090217)	(78, 0.014632120649043448)	(80, 0.01552553891718473)	(82, 0.016616429463477408)	(84, 0.017969977311777286)	(86, 0.019628361006932236)	(88, 0.021336592073271037)	(90, 0.023148352295145516)	(92, 0.025449000195938515)	(94, 0.0284417596735534)	(96, 0.03186589063256698)	(98, 0.035589105818683645)	(100, 0.03999484654870222)	(102, 0.04528633672052611)	(104, 0.0523205676772007)	(106, 0.06089814993399058)	(108, 0.0701525061149304)	(110, 0.08018716537555584)	(112, 0.0925512306357342)	(114, 0.1087420402375649)	(116, 0.12833972593915322)	(118, 0.14995047855393542)	(120, 0.17309691364249696)	(122, 0.20104211681079587)	(124, 0.23473510531790925)	(126, 0.2758323456524081)	(128, 0.3194871395699552)	(130, 0.36562855042694276)	(132, 0.4162217149719647)	(134, 0.47594078285679886)	(136, 0.5455142925833629)	(138, 0.619754283135369)
SRR36750779_1 - polya	(1, 0.002074417523881684)	(2, 0.0046396399332658735)	(3, 0.005970181302557822)	(4, 0.00814812798197519)	(5, 0.010222545505856875)	(6, 0.01183683344957996)	(7, 0.013715695901894238)	(8, 0.01888831926551049)	(9, 0.026127691326672448)	(10, 0.032740136834868316)	(12, 0.038294284308699404)	(14, 0.048123802464837474)	(16, 0.06035941488388821)	(18, 0.06897725847894198)	(20, 0.07754525470281189)	(22, 0.08642383839328885)	(24, 0.09548072229607729)	(26, 0.10402379483435527)	(28, 0.11188242462214734)	(30, 0.11977364692186732)	(32, 0.12656439264237462)	(34, 0.13359478918588125)	(36, 0.139900481640638)	(38, 0.1459166759012117)	(40, 0.15372929273098793)	(42, 0.16098591965140585)	(44, 0.16915897131897295)	(46, 0.17706361406478088)	(48, 0.1841515268058073)	(50, 0.19120301262173783)	(52, 0.19860726444912327)	(54, 0.2077350849955195)	(56, 0.21469454489541828)	(58, 0.2212034612480785)	(60, 0.2286192163149679)	(62, 0.23676542709035908)	(64, 0.2449749056830221)	(66, 0.2542656887890578)	(68, 0.2627704171956559)	(70, 0.27025327449298514)	(72, 0.27727600221015575)	(74, 0.2838961165446876)	(76, 0.2915860321530882)	(78, 0.2989078440973619)	(80, 0.30503331913322324)	(82, 0.3124126472750168)	(84, 0.32311832884004016)	(86, 0.334008062237127)	(88, 0.3427869511852363)	(90, 0.35250143694633473)	(92, 0.3611748795323243)	(94, 0.37037363672232826)	(96, 0.3776590217415061)	(98, 0.3842062822258462)	(100, 0.3910871366558012)	(102, 0.3986869435547541)	(104, 0.40628291604053896)	(106, 0.41308516500055026)	(108, 0.42121603812326947)	(110, 0.4284017284000796)	(112, 0.4349739125700116)	(114, 0.44150008378192773)	(116, 0.44870878053774577)	(118, 0.45665368462181755)	(120, 0.4640962805808829)	(122, 0.4709196188133181)	(124, 0.478841516418382)	(126, 0.4880153499227941)	(128, 0.49670796457462363)	(130, 0.5066544323323854)	(132, 0.5164590268029314)	(134, 0.5270190006675713)	(136, 0.5361966685851514)	(138, 0.5439651896634957)
SRR36750779_1 - polyg	(1, 0.0)	(2, 0.0)	(3, 6.901943702378985e-05)	(4, 0.00011119798187166142)	(5, 0.00019172065839941625)	(6, 0.0002607400954232061)	(7, 0.0003834413167988325)	(8, 0.0006518502385580153)	(9, 0.0009394312261571396)	(10, 0.001273025171772124)	(12, 0.0016104535305550966)	(14, 0.001970888368345999)	(16, 0.0022680553888650944)	(18, 0.002546050343544248)	(20, 0.002820210885055413)	(22, 0.003163390863590368)	(24, 0.0035123224618773055)	(26, 0.0038535852338282663)	(28, 0.004204434038699198)	(30, 0.004582123735746048)	(32, 0.00517262336361625)	(34, 0.005600160431846949)	(36, 0.006046869565917589)	(38, 0.006537674451420094)	(40, 0.006957542693314816)	(42, 0.007404251827385456)	(44, 0.00790847715897592)	(46, 0.008443377795910291)	(48, 0.009012788151356557)	(50, 0.009482503764435128)	(52, 0.00999439792236157)	(54, 0.01069034391235145)	(56, 0.011451474926197133)	(58, 0.012291211409986576)	(60, 0.0130715144896722)	(62, 0.013830728296933888)	(64, 0.014681968020227296)	(66, 0.015648240138560355)	(68, 0.018918994570854393)	(70, 0.038537769544866665)	(72, 0.04196765212363222)	(74, 0.043376798962867925)	(76, 0.044450434649904655)	(78, 0.045466554139421564)	(80, 0.046637967362241996)	(82, 0.04782663544431838)	(84, 0.04902488955931473)	(86, 0.05022889529406306)	(88, 0.05153259577117909)	(90, 0.05290339847873492)	(92, 0.054391150787914386)	(94, 0.05575620187571824)	(96, 0.05752194913957686)	(98, 0.05914582311621991)	(100, 0.06091732199983052)	(102, 0.06271949618878503)	(104, 0.06474598354806686)	(106, 0.06676480208101271)	(108, 0.06974414111253964)	(110, 0.07219049671371619)	(112, 0.07449306182109319)	(114, 0.07701802289221349)	(116, 0.07939152464319826)	(118, 0.0821772258097418)	(120, 0.0857547332954749)	(122, 0.08968692399924692)	(124, 0.09256465108182216)	(126, 0.09612106929513134)	(128, 0.09967173588868852)	(130, 0.1037477170862601)	(132, 0.10748435271846474)	(134, 0.11106569461736583)	(136, 0.11552895154490424)	(138, 0.11959918112272384)
SRR36750779_2 - illumina_universal_adapter	(1, 0.0)	(2, 0.0)	(3, 0.0)	(4, 3.834413167988325e-06)	(5, 3.834413167988325e-06)	(6, 7.66882633597665e-06)	(7, 7.66882633597665e-06)	(8, 7.66882633597665e-06)	(9, 1.1503239503964975e-05)	(10, 2.6840892175918274e-05)	(12, 5.368178435183655e-05)	(14, 9.394312261571396e-05)	(16, 0.0001629625596395038)	(18, 0.00024156802958326447)	(20, 0.00036618645754288504)	(22, 0.0005751619751982488)	(24, 0.0007994751455255658)	(26, 0.0010985593726286552)	(28, 0.0014321533182436394)	(30, 0.0018462699403863784)	(32, 0.00222012522426524)	(34, 0.0026994268702637807)	(36, 0.0032515823664540995)	(38, 0.0037922346231404535)	(40, 0.004352058945666749)	(42, 0.00507101141466456)	(44, 0.005720944446638581)	(46, 0.00637471189178059)	(48, 0.007202945136066069)	(50, 0.007958324530159768)	(52, 0.008761634088853321)	(54, 0.009643549117490637)	(56, 0.010592566376567747)	(58, 0.011508991123716956)	(60, 0.012404326598442232)	(62, 0.013280490007327565)	(64, 0.014237176092740651)	(66, 0.015197696591321726)	(68, 0.016177389155742745)	(70, 0.01713407524115583)	(72, 0.018131022664832797)	(74, 0.01935803487858906)	(76, 0.020719251553224915)	(78, 0.022045958509348873)	(80, 0.023317066474537004)	(82, 0.02480865319688446)	(84, 0.02652071867639125)	(86, 0.028551040448841068)	(88, 0.030652298864898668)	(90, 0.03293569190643572)	(92, 0.03559677464501962)	(94, 0.03903432605012115)	(96, 0.04285531877202152)	(98, 0.047019491472456834)	(100, 0.051720482016410524)	(102, 0.05743375763671313)	(104, 0.06505465380808992)	(106, 0.07414221301622226)	(108, 0.08392763542092846)	(110, 0.09446268559997638)	(112, 0.10728112882056134)	(114, 0.124150629553126)	(116, 0.1444059171130243)	(118, 0.16656115639766084)	(120, 0.19053390752392385)	(122, 0.2193571913076921)	(124, 0.25402412075947456)	(126, 0.295907415793411)	(128, 0.340572577580723)	(130, 0.387885401660531)	(132, 0.43975350858390905)	(134, 0.5008913093408989)	(136, 0.5720273424334184)	(138, 0.6478912069620673)
SRR36750779_2 - polya	(1, 0.0044095751431865735)	(2, 0.008201809766327027)	(3, 0.01763063174641032)	(4, 0.031231295253264908)	(5, 0.04494699115515915)	(6, 0.057217113292721784)	(7, 0.06949106984345241)	(8, 0.08775054534941282)	(9, 0.10781219504432774)	(10, 0.13363696773072908)	(12, 0.15988160865902518)	(14, 0.19159028835170464)	(16, 0.22545007383162555)	(18, 0.2537135332928675)	(20, 0.28088035058806476)	(22, 0.30696394616330536)	(24, 0.3329229233105863)	(26, 0.3572043446968724)	(28, 0.380646029599369)	(30, 0.4021896799837114)	(32, 0.4233057932998231)	(34, 0.44303001463595504)	(36, 0.46094055854362853)	(38, 0.47771803336016144)	(40, 0.49572443759703466)	(42, 0.5129198634488783)	(44, 0.5298430459657948)	(46, 0.5458210456368021)	(48, 0.5613810942724987)	(50, 0.5764388347831888)	(52, 0.5917438949432142)	(54, 0.6098212358236952)	(56, 0.6248923967804734)	(58, 0.6393634720764613)	(60, 0.6536485783338017)	(62, 0.6690840085415388)	(64, 0.684134080225893)	(66, 0.6997497278525253)	(68, 0.7143128290645451)	(70, 0.7277294407393362)	(72, 0.7410808673902716)	(74, 0.7535062832611377)	(76, 0.7657303924406845)	(78, 0.7789341941846524)	(80, 0.7908975632687758)	(82, 0.803949905692608)	(84, 0.8193527433884172)	(86, 0.8345926185245869)	(88, 0.8479766376874501)	(90, 0.8616060592930646)	(92, 0.8745031079835933)	(94, 0.8886540097800542)	(96, 0.9003988173136025)	(98, 0.9110949128457059)	(100, 0.9221744496946082)	(102, 0.9338138108660368)	(104, 0.9457024088933845)	(106, 0.9563985044254879)	(108, 0.9686494544972106)	(110, 0.9797519978251208)	(112, 0.9898115807713382)	(114, 1.0002105092829225)	(116, 1.010561507629907)	(118, 1.021418648515066)	(120, 1.0324943509508002)	(122, 1.0425002521126658)	(124, 1.0535203555574641)	(126, 1.0653456857675403)	(128, 1.076597771209002)	(130, 1.089420048842755)	(132, 1.102875004649226)	(134, 1.1162551893989212)	(136, 1.128832064589923)	(138, 1.1401915136000884)
SRR36750779_2 - polyg	(1, 0.4599647003923755)	(2, 0.4735231853543822)	(3, 0.47392196432385303)	(4, 0.47425939268263595)	(5, 0.47455847690973907)	(6, 0.47491124292119397)	(7, 0.4753253595433367)	(8, 0.47607690452426243)	(9, 0.4769856604450757)	(10, 0.4781206467428002)	(12, 0.47999950919511447)	(14, 0.4809523608673596)	(16, 0.48137222910925437)	(18, 0.481818938243325)	(20, 0.4822062139732918)	(22, 0.4826088273559306)	(24, 0.48299610308589735)	(26, 0.4833948820553682)	(28, 0.4839451203449745)	(30, 0.48435540255394927)	(32, 0.484759933143172)	(34, 0.48511269915462696)	(36, 0.4855498222557776)	(38, 0.4860080346293522)	(40, 0.48640106197907096)	(42, 0.48677491726294986)	(44, 0.4871928682982606)	(46, 0.4876529978784192)	(48, 0.488044108021554)	(50, 0.4884371353712728)	(52, 0.48882057668807166)	(54, 0.48937273218426197)	(56, 0.48993255650678824)	(58, 0.4904482850778827)	(60, 0.4909295039304652)	(62, 0.49151616914516744)	(64, 0.4920606558150218)	(66, 0.4925092821556764)	(68, 0.4930499344123628)	(70, 0.4936634405192409)	(72, 0.494288449865623)	(74, 0.4948789494934932)	(76, 0.4955423029715552)	(78, 0.49633410929074473)	(80, 0.4972927125827419)	(82, 0.4982609019076589)	(84, 0.4992597665379198)	(86, 0.5002624655813488)	(88, 0.5012785850708658)	(90, 0.5022889529406307)	(92, 0.503496793088547)	(94, 0.5045320846439038)	(96, 0.5057245871391481)	(98, 0.5068998347751366)	(100, 0.5081306814020609)	(102, 0.5092733365261213)	(104, 0.5107706748682208)	(106, 0.51231594337492)	(108, 0.5141219519770426)	(110, 0.5158800304145652)	(112, 0.5178221606841513)	(114, 0.5198198899446733)	(116, 0.5219614096989947)	(118, 0.5242639748063718)	(120, 0.5263978257343572)	(122, 0.5286735499495583)	(124, 0.531070058179551)	(126, 0.5335796815979994)	(128, 0.5363692171777109)	(130, 0.539285288391966)	(132, 0.5426576547732117)	(134, 0.5460817857322253)	(136, 0.549467572559559)	(138, 0.5528035120157089)
SRR36750780_1 - illumina_universal_adapter	(1, 0.0)	(2, 3.405374484605085e-06)	(3, 1.362149793842034e-05)	(4, 3.745911933065594e-05)	(5, 4.086449381526102e-05)	(6, 4.767524278447119e-05)	(7, 4.767524278447119e-05)	(8, 5.448599175368136e-05)	(9, 5.448599175368136e-05)	(10, 8.343167487282458e-05)	(12, 0.00010897198350736273)	(14, 0.0001515391645649263)	(16, 0.0002281600904685407)	(18, 0.00027072727152610424)	(20, 0.00032180788879518054)	(22, 0.00039672612745649243)	(24, 0.0005193196089022755)	(26, 0.0006691560862248993)	(28, 0.0007985603166398925)	(30, 0.000994369349504685)	(32, 0.0011969891313386874)	(34, 0.0014047169748995975)	(36, 0.0016107421312182052)	(38, 0.0018474156578982587)	(40, 0.0021011160570013378)	(42, 0.0023718433285274416)	(44, 0.002714083464230253)	(46, 0.0029797026740294493)	(48, 0.0033100239990361425)	(50, 0.003669291007161979)	(52, 0.0040234499535609074)	(54, 0.004352068591325298)	(56, 0.0046500388587282435)	(58, 0.005014413928580988)	(60, 0.0054451938008835315)	(62, 0.005889595171124495)	(64, 0.006366347598969207)	(66, 0.006895883331325297)	(68, 0.0073879599443507325)	(70, 0.007898766117041496)	(72, 0.008538976520147252)	(74, 0.009226862166037478)	(76, 0.010059476227523421)	(78, 0.010929549408340022)	(80, 0.01187964888954484)	(82, 0.013080043395368134)	(84, 0.014261708341526097)	(86, 0.01567493875263721)	(88, 0.01736400449700133)	(90, 0.019504282360575626)	(92, 0.022150258335113776)	(94, 0.025497741453480577)	(96, 0.02943946241941096)	(98, 0.03421890550855419)	(100, 0.03981053041227575)	(102, 0.04678984541847387)	(104, 0.055585927712208806)	(106, 0.06614088592724227)	(108, 0.07866415059437748)	(110, 0.09325958563539485)	(112, 0.11072745405417664)	(114, 0.13195485590396244)	(116, 0.15653655162108426)	(118, 0.18473475504085668)	(120, 0.21607611910991956)	(122, 0.2532253493624764)	(124, 0.2962352291030387)	(126, 0.3451108663933331)	(128, 0.4007614962207494)	(130, 0.46245326038385515)	(132, 0.5301350782653813)	(134, 0.6049749933135472)	(136, 0.6889123662973357)	(138, 0.7792739782463316)
SRR36750780_1 - polya	(1, 0.0024246266330388206)	(2, 0.005145520846238284)	(3, 0.006742641479518069)	(4, 0.009293266968487278)	(5, 0.011213898177804545)	(6, 0.012909774671137879)	(7, 0.014752082267309228)	(8, 0.019516201171271744)	(9, 0.02668110908688084)	(10, 0.03371661277207495)	(12, 0.03953299239178043)	(14, 0.05122534568467199)	(16, 0.06633158689838015)	(18, 0.07669243876779111)	(20, 0.0873274232832128)	(22, 0.09706168624745644)	(24, 0.10670570678785804)	(26, 0.11596321732425696)	(28, 0.12464181419827303)	(30, 0.13284536133168667)	(32, 0.14034910400851397)	(34, 0.14843346303496646)	(36, 0.1555575064567603)	(38, 0.16301357389080312)	(40, 0.1721059237646987)	(42, 0.18084070931771073)	(44, 0.18994157262781783)	(46, 0.1980174182180588)	(48, 0.20547518833934392)	(50, 0.21286485097093696)	(52, 0.22163028489431047)	(54, 0.23193324539748314)	(56, 0.24032408812755007)	(58, 0.2484969868906023)	(60, 0.25690315380584994)	(62, 0.2670307375230655)	(64, 0.2763444367384604)	(66, 0.2866882617354483)	(68, 0.29629993121824616)	(70, 0.30454264015823274)	(72, 0.3126150803739891)	(74, 0.3196573948081525)	(76, 0.32788477956295836)	(78, 0.33596232784044155)	(80, 0.34270496931995964)	(82, 0.35081146328056206)	(84, 0.3623114129150734)	(86, 0.3749487576274429)	(88, 0.38504399028705466)	(90, 0.39508643964215506)	(92, 0.4043626797382193)	(94, 0.41397094384653255)	(96, 0.4215972800048057)	(98, 0.4279380872951403)	(100, 0.4349906178527575)	(102, 0.4429353565253411)	(104, 0.45025520897999977)	(106, 0.45747800826184715)	(108, 0.4655947183459034)	(110, 0.47266938383767043)	(112, 0.47930135064643886)	(114, 0.4862772602781523)	(116, 0.49398873079854055)	(118, 0.502444275643815)	(120, 0.5107380652010707)	(122, 0.5182094568202942)	(124, 0.5260894933776704)	(126, 0.5353929764696115)	(128, 0.5446402708825566)	(130, 0.5547252874187145)	(132, 0.5653313262510171)	(134, 0.5760854988733999)	(136, 0.5857278167265593)	(138, 0.5936929876460506)
SRR36750780_2 - illumina_universal_adapter	(1, 3.405374484605085e-06)	(2, 6.81074896921017e-06)	(3, 1.362149793842034e-05)	(4, 4.426986829986611e-05)	(5, 4.767524278447119e-05)	(6, 5.448599175368136e-05)	(7, 5.448599175368136e-05)	(8, 5.789136623828645e-05)	(9, 5.789136623828645e-05)	(10, 8.683704935742966e-05)	(12, 0.00011408004523427034)	(14, 0.000160052600776439)	(16, 0.00022986277771084326)	(18, 0.0002724299587684068)	(20, 0.0003354293867336009)	(22, 0.0004529148064524763)	(24, 0.000618075468955823)	(26, 0.0008172898763052205)	(28, 0.001019909658139223)	(30, 0.001336609485207496)	(32, 0.0016550119995180715)	(34, 0.0019478742051941087)	(36, 0.0022679794067469866)	(38, 0.002601706106238285)	(40, 0.002977999986787147)	(42, 0.003373023427001337)	(44, 0.0038021006120615777)	(46, 0.004224367048152608)	(48, 0.0046994167887550176)	(50, 0.005162547718661309)	(52, 0.005695488825502005)	(54, 0.006245456804765726)	(56, 0.006776695224364119)	(58, 0.007330068578112445)	(60, 0.007893658055314588)	(62, 0.008475977092182056)	(64, 0.009112782120803208)	(66, 0.009800667766693435)	(68, 0.010439175482556889)	(70, 0.01112195306672021)	(72, 0.011951161753721545)	(74, 0.012805910749357424)	(76, 0.013846252654404277)	(78, 0.014878081123239618)	(80, 0.016003557390401598)	(82, 0.017401463616331984)	(84, 0.018780640282597044)	(86, 0.02043224690763051)	(88, 0.022359688865916987)	(90, 0.024687262326144564)	(92, 0.027546074205970533)	(94, 0.031150663097925017)	(96, 0.035337571026746964)	(98, 0.04039284944914322)	(100, 0.04618028338572956)	(102, 0.0534422444741499)	(104, 0.06256864809289153)	(106, 0.07337900939427038)	(108, 0.08614916371153944)	(110, 0.10103575827099057)	(112, 0.11886459638514049)	(114, 0.1404989404858366)	(116, 0.16538711990657287)	(118, 0.19402972469658625)	(120, 0.2255498709260909)	(122, 0.2628336134707897)	(124, 0.30631343489022744)	(126, 0.35543085376892886)	(128, 0.4113130490612983)	(130, 0.4732738378086878)	(132, 0.5409607637519408)	(134, 0.6159028400346449)	(136, 0.700119453726171)	(138, 0.7907228472635739)
SRR36750780_2 - polya	(1, 0.005673353891352072)	(2, 0.009787046268755015)	(3, 0.01998273747566264)	(4, 0.0337472611424364)	(5, 0.04712357211796517)	(6, 0.058892546336760346)	(7, 0.07079092478597052)	(8, 0.08863849245978576)	(9, 0.11009916246176701)	(10, 0.13803515204622482)	(12, 0.16627932802153939)	(14, 0.20007937246848717)	(16, 0.2367859040380454)	(18, 0.2675364356340293)	(20, 0.2976876213207227)	(22, 0.3263387395469476)	(24, 0.35335698070780436)	(26, 0.3772048182234938)	(28, 0.4016656231464121)	(30, 0.42395720452263697)	(32, 0.4461891918453813)	(34, 0.4674676743124362)	(36, 0.48674379658254324)	(38, 0.5054580320626905)	(40, 0.5249657197977506)	(42, 0.5435607671709368)	(44, 0.5619446813260773)	(46, 0.5791571466585137)	(48, 0.5953990802628377)	(50, 0.6115660956285003)	(52, 0.6283086192820613)	(54, 0.6478741983833598)	(56, 0.6643698323867868)	(58, 0.6797604223699595)	(60, 0.6950130946865056)	(62, 0.7124809631052874)	(64, 0.7286411677219808)	(66, 0.7448541556431856)	(68, 0.7598480194989019)	(70, 0.7737266232109099)	(72, 0.7875813893015257)	(74, 0.8005643795240827)	(76, 0.8134503165738283)	(78, 0.827451513767282)	(80, 0.8400888584796515)	(82, 0.8539606514426903)	(84, 0.8704222317012713)	(86, 0.8870983505523824)	(88, 0.9013311132107893)	(90, 0.9158873864452338)	(92, 0.9296008294947384)	(94, 0.9435594595071347)	(96, 0.9553028934172954)	(98, 0.9665048727844038)	(100, 0.9781223078386341)	(102, 0.9902454410038282)	(104, 1.0020859280868)	(106, 1.013088693046559)	(108, 1.0257498753803207)	(110, 1.0370403944840287)	(112, 1.0478081886043502)	(114, 1.0588416019344706)	(116, 1.0697779620917798)	(118, 1.0816644217302938)	(120, 1.0925667281427571)	(122, 1.1028390402755686)	(124, 1.1138928858525965)	(126, 1.1258253180466526)	(128, 1.137330375742891)	(130, 1.1506317684797585)	(132, 1.1646585059818468)	(134, 1.1789576734427034)	(136, 1.1918470158669336)	(138, 1.202761241090093)
SRR36750780_2 - polyg	(1, 0.5616347922479783)	(2, 0.578021454267898)	(3, 0.5785084228191965)	(4, 0.5789000408849261)	(5, 0.579451711551432)	(6, 0.5800101929669074)	(7, 0.5808138613452741)	(8, 0.5820772552790626)	(9, 0.5836709705378578)	(10, 0.5854043061505217)	(12, 0.5881439299233866)	(14, 0.5898295902932661)	(16, 0.5906741231654482)	(18, 0.5912768744492233)	(20, 0.5918915445436945)	(22, 0.5925896463130385)	(24, 0.5932298567161443)	(26, 0.5938683644320077)	(28, 0.5945392232054749)	(30, 0.5951607040489153)	(32, 0.5958724273161977)	(34, 0.5965245565299997)	(36, 0.5971392266244709)	(38, 0.5976960053527038)	(40, 0.598276621702329)	(42, 0.5987993466857159)	(44, 0.5992846125497722)	(46, 0.5998039321586743)	(48, 0.6003198463930921)	(50, 0.6007744638867868)	(52, 0.6012852700594776)	(54, 0.6019339938987949)	(56, 0.602626987606412)	(58, 0.6031973878325834)	(60, 0.6038529224208697)	(62, 0.60456294300091)	(64, 0.6051980453422888)	(66, 0.6057922831898525)	(68, 0.6063780076012045)	(70, 0.606972245448768)	(72, 0.6076516176584468)	(74, 0.6083360979298524)	(76, 0.6089729029584736)	(78, 0.609757841777175)	(80, 0.6106755902007761)	(82, 0.6115984466861042)	(84, 0.6125008709245244)	(86, 0.6134458623440023)	(88, 0.6145355821790759)	(90, 0.6155963563310305)	(92, 0.6166366982360774)	(94, 0.6178234712439622)	(96, 0.6189302179514589)	(98, 0.6200931533379515)	(100, 0.6211386033047253)	(102, 0.6223389978105485)	(104, 0.6236381481764254)	(106, 0.6248981367357292)	(108, 0.6263760692620479)	(110, 0.6278029211710974)	(112, 0.6292382865163584)	(114, 0.6308762716434535)	(116, 0.6326470663754481)	(118, 0.6344110503584736)	(120, 0.6362908170739756)	(122, 0.638201232159839)	(124, 0.640283618657175)	(126, 0.6424596529528377)	(128, 0.6450851966804683)	(130, 0.6479848730541093)	(132, 0.6511757089461845)	(134, 0.6545606511838818)	(136, 0.6581737535120478)	(138, 0.6622023115273357)
SRR36750781_1 - illumina_universal_adapter	(1, 0.0)	(2, 7.045176773348491e-06)	(3, 1.7612941933371227e-05)	(4, 3.87484722534167e-05)	(5, 3.87484722534167e-05)	(6, 4.579364902676519e-05)	(7, 4.931623741343943e-05)	(8, 5.283882580011368e-05)	(9, 5.988400257346217e-05)	(10, 7.221306192682202e-05)	(12, 9.510988644020462e-05)	(14, 0.00013385835869362132)	(16, 0.00018493589030039786)	(18, 0.00023425212771383734)	(20, 0.00032936201415404196)	(22, 0.0004174267238208981)	(24, 0.0005477624941278451)	(26, 0.0007238919134615574)	(28, 0.0008542276837685044)	(30, 0.0010409248682622394)	(32, 0.0012593253482360428)	(34, 0.001477725828209846)	(36, 0.0016890811314103007)	(38, 0.0019162880823507895)	(40, 0.002185766093931369)	(42, 0.002471095753251983)	(44, 0.002818070709339396)	(46, 0.0031051616628533472)	(48, 0.0034345236770073895)	(50, 0.003800872869221511)	(52, 0.004204209239495712)	(54, 0.0045617519607431475)	(56, 0.004894636563283864)	(58, 0.005343766582584831)	(60, 0.00570483189221894)	(62, 0.006120497321846502)	(64, 0.006606614519207547)	(66, 0.007113867246888639)	(68, 0.00764577809327645)	(70, 0.008131895290637495)	(72, 0.008713122374438746)	(74, 0.009338381813073424)	(76, 0.009997105841381509)	(78, 0.010613558809049501)	(80, 0.011270521543164248)	(82, 0.01208247816629266)	(84, 0.013072325502948123)	(86, 0.014241824847323975)	(88, 0.015448311369759903)	(90, 0.016862630607009613)	(92, 0.01878596386613375)	(94, 0.021035136551025256)	(96, 0.023601342190717443)	(98, 0.026417651605863506)	(100, 0.029734168571917304)	(102, 0.03384326792497282)	(104, 0.03942480922365815)	(106, 0.04572848114161172)	(108, 0.05300262616009403)	(110, 0.061127476273958176)	(112, 0.07087095575149914)	(114, 0.08306087286358538)	(116, 0.09827493210563143)	(118, 0.11528022754230136)	(120, 0.13414016576455529)	(122, 0.15597140729096892)	(124, 0.18164050886466415)	(126, 0.21254769936934395)	(128, 0.24680134884136432)	(130, 0.2849263229503397)	(132, 0.3272960160652575)	(134, 0.3751151534143604)	(136, 0.4312387928850478)	(138, 0.49170049995392456)
SRR36750781_1 - polya	(1, 0.0023495664539117216)	(2, 0.005382515054838247)	(3, 0.0070064283010950745)	(4, 0.009363039931780144)	(5, 0.011712606385691866)	(6, 0.013315384101628648)	(7, 0.01522462700720609)	(8, 0.02046976111496404)	(9, 0.028247636272740774)	(10, 0.03568382035701011)	(12, 0.04190118885949015)	(14, 0.055500141326246075)	(16, 0.07237157840422237)	(18, 0.08448752116018844)	(20, 0.09705083264126213)	(22, 0.10723639696133072)	(24, 0.11838186661676803)	(26, 0.12806193950334885)	(28, 0.1376909348583229)	(30, 0.1474537885719906)	(32, 0.1560559494122491)	(34, 0.16429704494287348)	(36, 0.1714954543110423)	(38, 0.17831166283925698)	(40, 0.18700012709498898)	(42, 0.1949611768488728)	(44, 0.20376060263878504)	(46, 0.21206686605456293)	(48, 0.21944492743045213)	(50, 0.22656231726572745)	(52, 0.23413940488546375)	(54, 0.24418934955264537)	(56, 0.25266645850517694)	(58, 0.2602294557713666)	(60, 0.26843708671231753)	(62, 0.27740559674479015)	(64, 0.2862649065372759)	(66, 0.29617042508060387)	(68, 0.30486065063052925)	(70, 0.31322151416630056)	(72, 0.32144147416660496)	(74, 0.3282999537554597)	(76, 0.3356991506616689)	(78, 0.34355804535233914)	(80, 0.3501012532805866)	(82, 0.35800946420867025)	(84, 0.3694631603479416)	(86, 0.3817376195813079)	(88, 0.3914934281182023)	(90, 0.40148701137119713)	(92, 0.41163382721901226)	(94, 0.42137026151977985)	(96, 0.42938062751107714)	(98, 0.43615808756703833)	(100, 0.4439342014306218)	(102, 0.4518107090632254)	(104, 0.45975590716936915)	(106, 0.46683454853239104)	(108, 0.47546136749135626)	(110, 0.48296095816658574)	(112, 0.49006778023670106)	(114, 0.49748811267323034)	(116, 0.5053998461897007)	(118, 0.5141376266828461)	(120, 0.5223505415063772)	(122, 0.5294556022822992)	(124, 0.5380348662980443)	(126, 0.5472658091653242)	(128, 0.5563576097913303)	(130, 0.5670363364855333)	(132, 0.5779352249539034)	(134, 0.5891229656699808)	(136, 0.5991059811578157)	(138, 0.6069243660820391)
SRR36750781_1 - polyg	(1, 0.0)	(2, 0.0)	(3, 0.00011976800514692435)	(4, 0.00017612941933371228)	(5, 0.0003276007199607048)	(6, 0.00046850425542767463)	(7, 0.0006728143818547809)	(8, 0.0009581440411753948)	(9, 0.001433693473376418)	(10, 0.0017753845468838196)	(12, 0.0022262758603781227)	(14, 0.00261376058291229)	(16, 0.002985393657706423)	(18, 0.003318278260247139)	(20, 0.003665253216334552)	(22, 0.003969957111781874)	(24, 0.0042605706536825)	(26, 0.00454237772461644)	(28, 0.00499503033230408)	(30, 0.0054388764690250346)	(32, 0.005963742138639498)	(34, 0.006441052865033858)	(36, 0.006853195706274745)	(38, 0.007344596786215801)	(40, 0.0077990106880967795)	(42, 0.008292173062231175)	(44, 0.008829367791198996)	(46, 0.009324291459526728)	(48, 0.009817453833661123)	(50, 0.010354648562628944)	(52, 0.01089008199740343)	(54, 0.011589315792158267)	(56, 0.012253323703046362)	(58, 0.013054712561014753)	(60, 0.013768036709316287)	(62, 0.014513064153097891)	(64, 0.01538314348460643)	(66, 0.016341287525781824)	(68, 0.01887755116418728)	(70, 0.034896521852588416)	(72, 0.038725575428903314)	(74, 0.04002541054358612)	(76, 0.04105048376410832)	(78, 0.04205089886592381)	(80, 0.043053075261932625)	(82, 0.04418382613405506)	(84, 0.04526702206295739)	(86, 0.046249824222839506)	(88, 0.04732773626916183)	(90, 0.04870154573996478)	(92, 0.05006126485722104)	(94, 0.051343487029970464)	(96, 0.0530484198091208)	(98, 0.054522623048943966)	(100, 0.05597569075844709)	(102, 0.05750977800084373)	(104, 0.059221755956767416)	(106, 0.060891462852051007)	(108, 0.06324279060015606)	(110, 0.06517493033024688)	(112, 0.06700139240873748)	(114, 0.06922414568072893)	(116, 0.0712196920017799)	(118, 0.07356045198472493)	(120, 0.0765053358759846)	(122, 0.0797179364846315)	(124, 0.08209568364563663)	(126, 0.08488205105949595)	(128, 0.08787448989397573)	(130, 0.09115754227035613)	(132, 0.09409714227903579)	(134, 0.09715122641028234)	(136, 0.10114231905238427)	(138, 0.10506648251513938)
SRR36750781_2 - illumina_universal_adapter	(1, 3.5225883866742454e-06)	(2, 3.5225883866742454e-06)	(3, 1.0567765160022737e-05)	(4, 3.1703295480068206e-05)	(5, 3.1703295480068206e-05)	(6, 3.522588386674245e-05)	(7, 3.522588386674245e-05)	(8, 3.87484722534167e-05)	(9, 4.579364902676519e-05)	(10, 6.16452967667993e-05)	(12, 9.158729805353039e-05)	(14, 0.00013561965288695844)	(16, 0.0001778907135270494)	(18, 0.0002166391857804661)	(20, 0.000315271660607345)	(22, 0.00041566542962756097)	(24, 0.0006146916734746559)	(26, 0.0008137179173217507)	(28, 0.0009863247482687887)	(30, 0.001220576875982626)	(32, 0.0015094291236899143)	(34, 0.0018194169017172477)	(36, 0.0021505402100646265)	(38, 0.0025027990487320514)	(40, 0.0029184644783596123)	(42, 0.0033253234370204878)	(44, 0.0037955889866414993)	(46, 0.004301080420129253)	(48, 0.004843559031677087)	(50, 0.0054142183503183144)	(52, 0.005997206728312903)	(54, 0.006552014399214097)	(56, 0.00711915112946865)	(58, 0.0077479331564900035)	(60, 0.008304502121584532)	(62, 0.00888749049957912)	(64, 0.009583201705947285)	(66, 0.010312377501988854)	(68, 0.01106621141673714)	(70, 0.011768967799878655)	(72, 0.012579163128813731)	(74, 0.013433390812582234)	(76, 0.014338696027957516)	(78, 0.015166504298825963)	(80, 0.016057719160654547)	(82, 0.017162050619876926)	(84, 0.018347401611992806)	(86, 0.01985859202987606)	(88, 0.021360975976792623)	(90, 0.023050057108202925)	(92, 0.02517593919956083)	(94, 0.027699873778612927)	(96, 0.030535557429885694)	(98, 0.033700603095312504)	(100, 0.037350004663907026)	(102, 0.04181312414982329)	(104, 0.047753969463949414)	(106, 0.05441342280895707)	(108, 0.0620680073732002)	(110, 0.07065783915410535)	(112, 0.08078175817740713)	(114, 0.09335739871783419)	(116, 0.10904524609788793)	(118, 0.12652256837837222)	(120, 0.14584748826766714)	(122, 0.16802570475016818)	(124, 0.1942408075237979)	(126, 0.2255971280477787)	(128, 0.26034393989393345)	(130, 0.29907127661703015)	(132, 0.34220361011766287)	(134, 0.3909157236227877)	(136, 0.44809790090367074)	(138, 0.5095793973104896)
SRR36750781_2 - polya	(1, 0.004942191506503967)	(2, 0.009239749338246546)	(3, 0.017908839357851862)	(4, 0.031136158749813656)	(5, 0.04426484566694857)	(6, 0.05623107841648098)	(7, 0.06718632829903788)	(8, 0.08511278059882312)	(9, 0.10574458077957417)	(10, 0.1315035083571296)	(12, 0.15771861113075933)	(14, 0.19232628073564045)	(16, 0.22894534830931257)	(18, 0.2600991200010596)	(20, 0.2899072629290971)	(22, 0.317936498721864)	(24, 0.34518548118698267)	(26, 0.36911618539185415)	(28, 0.3925678175761379)	(30, 0.41508596383795304)	(32, 0.4363571138108855)	(34, 0.45620161548721483)	(36, 0.4740118223702398)	(38, 0.49084803356434936)	(40, 0.5083359236099937)	(42, 0.525061173269923)	(44, 0.5418093197543656)	(46, 0.5573809217176592)	(48, 0.5723413545958647)	(50, 0.586736412038009)	(52, 0.6019293357497351)	(54, 0.6195475615656862)	(56, 0.634316013376818)	(58, 0.648510283280922)	(60, 0.6629035794288729)	(62, 0.6785016008050664)	(64, 0.6936275953374457)	(66, 0.7092168102426726)	(68, 0.7235466997996634)	(70, 0.7370910521464258)	(72, 0.7499925321126203)	(74, 0.7616417319073521)	(76, 0.7743935018671128)	(78, 0.7880452931596689)	(80, 0.8000344227337146)	(82, 0.8128443154018554)	(84, 0.8287576084386563)	(86, 0.8448998697205912)	(88, 0.8590501072698615)	(90, 0.8732197190552586)	(92, 0.8874985310806427)	(94, 0.9015184328596062)	(96, 0.9130654775911244)	(98, 0.9237811914633876)	(100, 0.9346342862827308)	(102, 0.9459787821820151)	(104, 0.9576121303290069)	(106, 0.9680284241884027)	(108, 0.980276464008869)	(110, 0.9912440429507793)	(112, 1.0018223758759621)	(114, 1.011999133725064)	(116, 1.022720131479907)	(118, 1.0337986719559975)	(120, 1.044505579357294)	(122, 1.0546418274399492)	(124, 1.0658137165082864)	(126, 1.0780494272693995)	(128, 1.089619368825431)	(130, 1.1023817065503518)	(132, 1.1160158849009743)	(134, 1.1301150449186381)	(136, 1.1429513569996792)	(138, 1.1538114969957958)
SRR36750781_2 - polyg	(1, 0.49652996863205495)	(2, 0.510349082872978)	(3, 0.5107753160677656)	(4, 0.5111768911438465)	(5, 0.5115678984547672)	(6, 0.5119870864727816)	(7, 0.5124872940236893)	(8, 0.5134102121809979)	(9, 0.5144599435202268)	(10, 0.5159834629974634)	(12, 0.5179895770836744)	(14, 0.5191714054874037)	(16, 0.5197702455131383)	(18, 0.5202246594150193)	(20, 0.5207301508485069)	(22, 0.5213131392265016)	(24, 0.5218344823077294)	(26, 0.5223029865631571)	(28, 0.522877168470185)	(30, 0.5233967502572194)	(32, 0.5239128094558672)	(34, 0.5243725072403282)	(36, 0.5247723210222157)	(38, 0.5252232123357099)	(40, 0.5256547294130776)	(42, 0.5260880077846386)	(44, 0.5265001506258794)	(46, 0.5269845065290472)	(48, 0.5274530107844748)	(50, 0.527856347154749)	(52, 0.5282720125843765)	(54, 0.528791594371411)	(56, 0.5293833892203723)	(58, 0.5299064935957933)	(60, 0.5303890882047677)	(62, 0.5309298055221223)	(64, 0.5315409746072103)	(66, 0.532129246867785)	(68, 0.532636499595466)	(70, 0.5331261393812137)	(72, 0.5336510050508281)	(74, 0.5342586515475294)	(76, 0.5348522076906841)	(78, 0.5355602479564056)	(80, 0.5363405012840539)	(82, 0.5372563742645893)	(84, 0.538232131247698)	(86, 0.5391163009327533)	(88, 0.5401043869752153)	(90, 0.5410184986615573)	(92, 0.5419238038769326)	(94, 0.5428625736819812)	(96, 0.5438312854883167)	(98, 0.5448757329449656)	(100, 0.5459148965190346)	(102, 0.5469910472711634)	(104, 0.5481675917923127)	(106, 0.5494674269069955)	(108, 0.5508412363777985)	(110, 0.5523806075027751)	(112, 0.5539710561593585)	(114, 0.5555474144623953)	(116, 0.557160759943492)	(118, 0.5588287055445823)	(120, 0.5606093739740461)	(122, 0.5624023714628633)	(124, 0.5641671882445871)	(126, 0.5659073469076041)	(128, 0.5679839127615487)	(130, 0.5702595048593402)	(132, 0.5725474260164851)	(134, 0.5750431798884439)	(136, 0.5776164307049094)	(138, 0.5801562169317016)
SRR36750783_1 - illumina_universal_adapter	(1, 2.4954109392826594e-06)	(2, 2.4954109392826594e-06)	(3, 2.4954109392826594e-06)	(4, 9.981643757130638e-06)	(5, 9.981643757130638e-06)	(6, 9.981643757130638e-06)	(7, 1.2477054696413297e-05)	(8, 1.9963287514261275e-05)	(9, 2.4954109392826593e-05)	(10, 3.9926575028522543e-05)	(12, 6.113756801242515e-05)	(14, 8.983479381417572e-05)	(16, 0.00012851366337305695)	(18, 0.00019089893685512343)	(20, 0.0002457979775193419)	(22, 0.0003393758877424417)	(24, 0.0004716326675244226)	(26, 0.0006176142074724581)	(28, 0.000779815918525831)	(30, 0.0009632286225631064)	(32, 0.0011516321484789471)	(34, 0.001347521907212636)	(36, 0.0015508978987641728)	(38, 0.0017917050544049495)	(40, 0.0020649525522564004)	(42, 0.0023569156321524717)	(44, 0.002630163130003923)	(46, 0.002933355559126766)	(48, 0.0032303094609014023)	(50, 0.0035572082939474307)	(52, 0.003884107126993459)	(54, 0.004238455480371597)	(56, 0.004622748765021126)	(58, 0.005033243864533124)	(60, 0.005428766498409425)	(62, 0.005875445056541021)	(64, 0.0063770226553368356)	(66, 0.006804985631423812)	(68, 0.007241682545798277)	(70, 0.007788177541501179)	(72, 0.008330929420795158)	(74, 0.008941057395449769)	(76, 0.009549937664634738)	(78, 0.010158817933819706)	(80, 0.010862523818697414)	(82, 0.011507587546501982)	(84, 0.012343550211161673)	(86, 0.013313017361072987)	(88, 0.014316172558664617)	(90, 0.015396685495374008)	(92, 0.016800354148720505)	(94, 0.018361233691241804)	(96, 0.020189122204266354)	(98, 0.0220531941759105)	(100, 0.02416555953601327)	(102, 0.026844383179333207)	(104, 0.03012210544808098)	(106, 0.03430191877137943)	(108, 0.03869508972998656)	(110, 0.043639746506175144)	(112, 0.0497547510128873)	(114, 0.057698891738093644)	(116, 0.06767804008428499)	(118, 0.07817623390584715)	(120, 0.0896102068296403)	(122, 0.1030654626142524)	(124, 0.11997187172789239)	(126, 0.1407623879685259)	(128, 0.16365653563097465)	(130, 0.18875038803640104)	(132, 0.21600277090430697)	(134, 0.24800267308419816)	(136, 0.2869522947299915)	(138, 0.33069934390655586)
SRR36750783_1 - polya	(1, 0.00223339279065798)	(2, 0.004566602018887266)	(3, 0.006028912829306904)	(4, 0.008254819387147037)	(5, 0.010288579302662405)	(6, 0.011898119358499718)	(7, 0.013944356328711499)	(8, 0.018897747043187578)	(9, 0.026356530340703448)	(10, 0.03351586432550539)	(12, 0.039353878217957175)	(14, 0.05152274966336907)	(16, 0.06632927047160272)	(18, 0.0773714638779285)	(20, 0.08863824426878969)	(22, 0.09840528268514202)	(24, 0.10932270554450366)	(26, 0.11965994536048208)	(28, 0.12885303926079938)	(30, 0.13836679346681452)	(32, 0.14669647518214005)	(34, 0.15415900159606483)	(36, 0.1605909232920659)	(38, 0.16721998245227027)	(40, 0.17469124280448256)	(42, 0.1819466501104469)	(44, 0.1899556715200746)	(46, 0.1972535008120067)	(48, 0.2041083946622162)	(50, 0.21075492169899554)	(52, 0.21801906294324735)	(54, 0.22710485417317552)	(56, 0.2347682611677126)	(58, 0.24181155854383787)	(60, 0.2490844337263772)	(62, 0.25772853722005235)	(64, 0.266081925339301)	(66, 0.27542224848503605)	(68, 0.28412998495766284)	(70, 0.29204168534065855)	(72, 0.2996452024726528)	(74, 0.3063204267352339)	(76, 0.31395763191490844)	(78, 0.321337809767837)	(80, 0.32738668588465814)	(82, 0.3346982399367563)	(84, 0.3449506357807991)	(86, 0.35575451744242337)	(88, 0.36476544634417307)	(90, 0.3749180257506446)	(92, 0.3856782377208314)	(94, 0.3952506340839197)	(96, 0.40329084813028837)	(98, 0.410186916260996)	(100, 0.4172651493902713)	(102, 0.42511945532166345)	(104, 0.43301368782808414)	(106, 0.4402017190386879)	(108, 0.44901925359264316)	(110, 0.4562334866181093)	(112, 0.4631270593378777)	(114, 0.47033006301411706)	(116, 0.477750167442074)	(118, 0.4858053539540784)	(120, 0.49373077909724017)	(122, 0.5005245353794372)	(124, 0.5086446025758631)	(126, 0.5180473109950801)	(128, 0.5267912309263265)	(130, 0.5372644706384958)	(132, 0.5483565722636072)	(134, 0.5600800128563572)	(136, 0.5701627207565287)	(138, 0.5783002558295295)
SRR36750783_1 - polyg	(1, 0.0)	(2, 0.0)	(3, 7.735773911776243e-05)	(4, 0.00011728431414628498)	(5, 0.00022458698453543932)	(6, 0.00035684376431742025)	(7, 0.0005115592425529451)	(8, 0.0008459443084168214)	(9, 0.0012502008805806123)	(10, 0.0016182739941248045)	(12, 0.002051227792090346)	(14, 0.002476695357238039)	(16, 0.002914639977082146)	(18, 0.003240291104658533)	(20, 0.0036295752111866275)	(22, 0.004038822605228984)	(24, 0.0043432627398214685)	(26, 0.004703849620547812)	(28, 0.00514179424039192)	(30, 0.0056333901954306025)	(32, 0.006167408136437092)	(34, 0.0067139031321399945)	(36, 0.007302820113810702)	(38, 0.007821865589181496)	(40, 0.008327186304386234)	(42, 0.008907369347769452)	(44, 0.009420176295792039)	(46, 0.009962928175086016)	(48, 0.010578046971619192)	(50, 0.01122186299395412)	(52, 0.011836981790487294)	(54, 0.012619293119952408)	(56, 0.013487696126822773)	(58, 0.01430120009302892)	(60, 0.015348024982057996)	(62, 0.0164771984320834)	(64, 0.01772490390172473)	(66, 0.018907728686944708)	(68, 0.022610918520840177)	(70, 0.0497185675542677)	(72, 0.05450975655769041)	(74, 0.05613177366822414)	(76, 0.057536690027040274)	(78, 0.058783147791211965)	(80, 0.06001712850068723)	(82, 0.06131848530552314)	(84, 0.06268721820571968)	(86, 0.06394740073005742)	(88, 0.06555194996401617)	(90, 0.06727503121759085)	(92, 0.06886835110232283)	(94, 0.07081851475137223)	(96, 0.07270629312693955)	(98, 0.07453043852355518)	(100, 0.0765205287476331)	(102, 0.07859671064911627)	(104, 0.08073652552955116)	(106, 0.08274034051379513)	(108, 0.08556514569706311)	(110, 0.08822151064192948)	(112, 0.09057842627408197)	(114, 0.09309504820634852)	(116, 0.09546693630413669)	(118, 0.09812330124900308)	(120, 0.10152579406471499)	(122, 0.1050368372562857)	(124, 0.1078628901450233)	(126, 0.1110931996059247)	(128, 0.11457055474981509)	(130, 0.11829121246028554)	(132, 0.12192078767147216)	(134, 0.12584856448990306)	(136, 0.1302729280852512)	(138, 0.13442529188821756)
SRR36750783_2 - illumina_universal_adapter	(1, 4.990821878565319e-06)	(2, 7.486232817847978e-06)	(3, 7.486232817847978e-06)	(4, 1.2477054696413297e-05)	(5, 1.2477054696413297e-05)	(6, 1.2477054696413297e-05)	(7, 1.7467876574978613e-05)	(8, 2.7449520332109252e-05)	(9, 3.2440342210674567e-05)	(10, 4.242198596780521e-05)	(12, 6.113756801242515e-05)	(14, 8.733938287489308e-05)	(16, 0.00012851366337305695)	(18, 0.00019089893685512343)	(20, 0.00026576126503360324)	(22, 0.0003793024627709642)	(24, 0.0005352656464761305)	(26, 0.0007174306450437645)	(28, 0.0009357791022309972)	(30, 0.001192806428977111)	(32, 0.0014598153994803556)	(34, 0.0017368060137407308)	(36, 0.0020262736826975195)	(38, 0.0023431908719864173)	(40, 0.0027050254581824024)	(42, 0.0030730985717265947)	(44, 0.0035010615478135707)	(46, 0.0039527309278237326)	(48, 0.004383189314849991)	(50, 0.004878528386297598)	(52, 0.0053651335194577175)	(54, 0.005927848686265957)	(56, 0.006511774846058099)	(58, 0.007096948711319882)	(60, 0.0076721409328245355)	(62, 0.008315956955159461)	(64, 0.009032139894733584)	(66, 0.009639772458448912)	(68, 0.01026487289873922)	(70, 0.011024725529750787)	(72, 0.01179580750998913)	(74, 0.0126492380512238)	(76, 0.013472723661187076)	(78, 0.014271255161757528)	(80, 0.015185823271004623)	(82, 0.016130336311523108)	(84, 0.0171896382552486)	(86, 0.018387435506104274)	(88, 0.019635140975745605)	(90, 0.020967690417322545)	(92, 0.022593450644265198)	(94, 0.02440511898618441)	(96, 0.02650126417518184)	(98, 0.028614877240754254)	(100, 0.030990508454951344)	(102, 0.03389890990468528)	(104, 0.0374798246025559)	(106, 0.04193288542370581)	(108, 0.04667915703022142)	(110, 0.051907042948018595)	(112, 0.05830527659633933)	(114, 0.06652391252486678)	(116, 0.0768736293955416)	(118, 0.08768374958451408)	(120, 0.09934106178737302)	(122, 0.11314068428160612)	(124, 0.13045134996740992)	(126, 0.15155504028092337)	(128, 0.17487216009758055)	(130, 0.20040520482832072)	(132, 0.2280393855699369)	(134, 0.26066937901199694)	(136, 0.3002715506184127)	(138, 0.34438043438117305)
SRR36750783_2 - polya	(1, 0.004788693592483423)	(2, 0.00845445226228965)	(3, 0.018418628142845308)	(4, 0.032203278171442716)	(5, 0.04583570813274388)	(6, 0.05772135043654719)	(7, 0.06904802068995118)	(8, 0.08667809897598316)	(9, 0.1067337166949979)	(10, 0.13100034037405212)	(12, 0.1575565035898982)	(14, 0.19074297367141824)	(16, 0.22505487408655483)	(18, 0.25457808090920797)	(20, 0.2826527016816075)	(22, 0.30953451602502996)	(24, 0.33676818331089126)	(26, 0.3608850823335885)	(28, 0.38452910098329174)	(30, 0.40734963402303165)	(32, 0.4289948285103694)	(34, 0.44845029989848667)	(36, 0.46631494681281127)	(38, 0.4832126219881638)	(40, 0.500222590655784)	(42, 0.5168545045661029)	(44, 0.5329661252955814)	(46, 0.5483253796268661)	(48, 0.5631942857085819)	(50, 0.5779908248730585)	(52, 0.5929695290361026)	(54, 0.6102964148930117)	(56, 0.6251603301528489)	(58, 0.6392656404871442)	(60, 0.653257409623702)	(62, 0.6685056181681888)	(64, 0.6827918457955819)	(66, 0.6975946234874066)	(68, 0.7116300623154019)	(70, 0.7247147495755306)	(72, 0.7373976756744347)	(74, 0.7490100704803866)	(76, 0.7608270889833596)	(78, 0.7740627486053149)	(80, 0.7857300424519309)	(82, 0.797985005574748)	(84, 0.8131358930926027)	(86, 0.82852134923875)	(88, 0.8423147332056349)	(90, 0.8563589059719177)	(92, 0.8707948582556678)	(94, 0.8842501140402799)	(96, 0.8961806737409903)	(98, 0.906847307800954)	(100, 0.9178308590502067)	(102, 0.9289703734831645)	(104, 0.9405353554812699)	(106, 0.9512119711849908)	(108, 0.9637326955728416)	(110, 0.9747773843901066)	(112, 0.9851732663631582)	(114, 0.9957176252870971)	(116, 1.0065726628729768)	(118, 1.0173228931994065)	(120, 1.0278348117811344)	(122, 1.037392235678587)	(124, 1.0479815119994331)	(126, 1.0597810626258313)	(128, 1.0716180444163184)	(130, 1.084856199449213)	(132, 1.0989877115983706)	(134, 1.1127112240589556)	(136, 1.1250535265646475)	(138, 1.136170582299152)
SRR36750783_2 - polyg	(1, 0.5594461784777793)	(2, 0.5747255796590071)	(3, 0.5752271572578029)	(4, 0.5758035971847772)	(5, 0.5764474132071121)	(6, 0.5771511190919898)	(7, 0.5778099075799604)	(8, 0.5792223101715944)	(9, 0.5809591161853351)	(10, 0.5833547106870465)	(12, 0.5863754056290482)	(14, 0.5882145234912994)	(16, 0.589207697045134)	(18, 0.5900236964222794)	(20, 0.5907910352861088)	(22, 0.5916594382929792)	(24, 0.5924716945537157)	(26, 0.5932140793081523)	(28, 0.5939714365282246)	(30, 0.5946938579951468)	(32, 0.595410040934721)	(34, 0.5961012697649024)	(36, 0.5967600582528729)	(38, 0.5974063696861471)	(40, 0.5980289747154982)	(42, 0.5986353595737439)	(44, 0.5992142949116575)	(46, 0.5997807531948747)	(48, 0.6004532664430113)	(50, 0.6011033209926945)	(52, 0.6017558709533168)	(54, 0.6025044942351017)	(56, 0.6032044570035704)	(58, 0.6039281261759624)	(60, 0.604719171443715)	(62, 0.6055576295193139)	(64, 0.6062937757464024)	(66, 0.6069513165289033)	(68, 0.6075901417293597)	(70, 0.6083025815525249)	(72, 0.6089326728146938)	(74, 0.609680048391009)	(76, 0.6103775157485385)	(78, 0.6112496618718177)	(80, 0.6122877528225593)	(82, 0.6133458070608151)	(84, 0.6145560813663673)	(86, 0.6157725941992676)	(88, 0.6169940978540465)	(90, 0.6181681887009789)	(92, 0.6193996739995149)	(94, 0.6207846270708167)	(96, 0.6221234150397419)	(98, 0.6234709369469545)	(100, 0.6247485873478673)	(102, 0.6260399625089461)	(104, 0.6275135026685925)	(106, 0.6289945290610568)	(108, 0.6306839222669511)	(110, 0.632214856878201)	(112, 0.6338144152902812)	(114, 0.6356011295228076)	(116, 0.6373416786529572)	(118, 0.6391595855222246)	(120, 0.6411571619791203)	(122, 0.6430848669297162)	(124, 0.6451672873585477)	(126, 0.6473794691562217)	(128, 0.6497887884180991)	(130, 0.6524414102465566)	(132, 0.6551988393344639)	(134, 0.6579837179427034)	(136, 0.6610094037065837)	(138, 0.6641548691955494)
SRR36750784_1 - illumina_universal_adapter	(1, 0.00048469826328059854)	(2, 0.0005034434999820582)	(3, 0.0005034434999820582)	(4, 0.0005061213909394095)	(5, 0.0005087992818967609)	(6, 0.0005114771728541123)	(7, 0.0005114771728541123)	(8, 0.0005141550638114636)	(9, 0.0005248666276408691)	(10, 0.0005315613550342475)	(12, 0.0005516455372143829)	(14, 0.0005837802287025993)	(16, 0.0006118980837547887)	(18, 0.0006560832845510864)	(20, 0.0007056242672620868)	(22, 0.0008127399055561416)	(24, 0.0009144997619354939)	(26, 0.0009827859813479538)	(28, 0.0011314089294809553)	(30, 0.0013081497326661458)	(32, 0.0015130083909035258)	(34, 0.0016884102486100405)	(36, 0.0018892520704113936)	(38, 0.0021075001834355307)	(40, 0.002352527206033181)	(42, 0.0026377225929911023)	(44, 0.002921579034470348)	(46, 0.0031974018030775393)	(48, 0.0035468665730118937)	(50, 0.003925788143477113)	(52, 0.004233745603572521)	(54, 0.004619361901431118)	(56, 0.005018367654076473)	(58, 0.005450847043688719)	(60, 0.00591010534287448)	(62, 0.006365346805624214)	(64, 0.006851384014383488)	(66, 0.00733206544122806)	(68, 0.007830153159295415)	(70, 0.008314851422576014)	(72, 0.008885242196491856)	(74, 0.009601578027583348)	(76, 0.010301846512930733)	(78, 0.011065045435775873)	(80, 0.011844311704365123)	(82, 0.012958314342623295)	(84, 0.014212906256142414)	(86, 0.015499632861149746)	(88, 0.016914898232109947)	(90, 0.018555106443487665)	(92, 0.02074428230112241)	(94, 0.02346368056831273)	(96, 0.026504425750385217)	(98, 0.029756724318088457)	(100, 0.03347229802141349)	(102, 0.03850673302123407)	(104, 0.04498722913802439)	(106, 0.05253084796488321)	(108, 0.06022175079439635)	(110, 0.06919268550152345)	(112, 0.08049874112346095)	(114, 0.09560472401388004)	(116, 0.11356667761031439)	(118, 0.13239760682240923)	(120, 0.15237601230972914)	(122, 0.1771384699923573)	(124, 0.20841623637422135)	(126, 0.24466684626388688)	(128, 0.2827424388409874)	(130, 0.3219373898382607)	(132, 0.36754722862386935)	(134, 0.42421274022690303)	(136, 0.49114528576042193)	(138, 0.5615764958297205)
SRR36750784_1 - polya	(1, 0.0036205085743390565)	(2, 0.006582255973169675)	(3, 0.008630842555543475)	(4, 0.01125249780279047)	(5, 0.01406160541705206)	(6, 0.016431538914308024)	(7, 0.019519147188134158)	(8, 0.02621119669055524)	(9, 0.035990854466802454)	(10, 0.04597001511937235)	(12, 0.053461415072562815)	(14, 0.0644983426532865)	(16, 0.0781555865357785)	(18, 0.08775716456336184)	(20, 0.09809650154969549)	(22, 0.10823365776874912)	(24, 0.11768393495724211)	(26, 0.12919351029193832)	(28, 0.14007378125165693)	(30, 0.14964188564227338)	(32, 0.15915509326826416)	(34, 0.16890529424398049)	(36, 0.1770059143899684)	(38, 0.18489899798676157)	(40, 0.19422877008217376)	(42, 0.20232537339172563)	(44, 0.21129363020789538)	(46, 0.22064482543096636)	(48, 0.22955149075511705)	(50, 0.2382988215673053)	(52, 0.24694974830502892)	(54, 0.25680572597356066)	(56, 0.2650148007033213)	(58, 0.2734220393639259)	(60, 0.28194576628117535)	(62, 0.29082297480479513)	(64, 0.3017594814746182)	(66, 0.31429870588241593)	(68, 0.32655809068517055)	(70, 0.3388201533788825)	(72, 0.3493536374596241)	(74, 0.35802464837952785)	(76, 0.368341223292724)	(78, 0.3780713400862602)	(80, 0.3859322889915652)	(82, 0.39397935131840606)	(84, 0.4055585518179934)	(86, 0.41882214572975474)	(88, 0.42965153676128365)	(90, 0.44310124409458096)	(92, 0.45564046850237877)	(94, 0.4711039498356043)	(96, 0.4834650944947382)	(98, 0.49312960295981934)	(100, 0.502820890334474)	(102, 0.5128723540428923)	(104, 0.5232505204481075)	(106, 0.533050262406535)	(108, 0.5459068168927788)	(110, 0.5580510523843674)	(112, 0.5687719888321235)	(114, 0.5787096421748545)	(116, 0.5894921701146298)	(118, 0.601241416690009)	(120, 0.6124015272547708)	(122, 0.6222735722690467)	(124, 0.634245083793886)	(126, 0.6477443321098942)	(128, 0.6604830593940147)	(130, 0.675823357743202)	(132, 0.6937156861747452)	(134, 0.715598072132742)	(136, 0.7359701275907926)	(138, 0.7537633740569137)
SRR36750784_1 - polyg	(1, 0.0)	(2, 0.0)	(3, 0.00014460611169697416)	(4, 0.0002517217499910291)	(5, 0.0003454479334983271)	(6, 0.0004686309175364903)	(7, 0.0006641169574231405)	(8, 0.001055089037196441)	(9, 0.0016388692658990402)	(10, 0.0022534452406111805)	(12, 0.0029363074347357803)	(14, 0.0036392538110405163)	(16, 0.004239101385487224)	(18, 0.004742544885469282)	(20, 0.005192430566304312)	(22, 0.005654366756447425)	(24, 0.006060067236486158)	(26, 0.006505936080885161)	(28, 0.006961177543634895)	(30, 0.007482027334839736)	(32, 0.008274683058215743)	(34, 0.009074033508985127)	(36, 0.009918908106029486)	(38, 0.010728970120628276)	(40, 0.011477440643207985)	(42, 0.012291519494242802)	(44, 0.013035973180386483)	(46, 0.014029470725563844)	(48, 0.014903802123139067)	(50, 0.015762066174970182)	(52, 0.01661229655392924)	(54, 0.017597760426234548)	(56, 0.018626070553857475)	(58, 0.01959278918946132)	(60, 0.02058628673463868)	(62, 0.021602546352953528)	(64, 0.022796885719932238)	(66, 0.024145203816958657)	(68, 0.029968277703719216)	(70, 0.1593894087270324)	(72, 0.17752676418117325)	(74, 0.18115262853742703)	(76, 0.1835640693445219)	(78, 0.18551759079790975)	(80, 0.18746173963294685)	(82, 0.18942329475920672)	(84, 0.19138217199450924)	(86, 0.1932566956646552)	(88, 0.19512184671645044)	(90, 0.19724273635467274)	(92, 0.1993529144290656)	(94, 0.2013425874103777)	(96, 0.2036228115605624)	(98, 0.20590303571074708)	(100, 0.20819531037023986)	(102, 0.21042197670127752)	(104, 0.21266604932353794)	(106, 0.21528368773434892)	(108, 0.21834050026216553)	(110, 0.22123663933254104)	(112, 0.2240363743284519)	(114, 0.22682539776053334)	(116, 0.2296867242484633)	(118, 0.23253600022708515)	(120, 0.23569323366580242)	(122, 0.23877146932127782)	(124, 0.2419059406868576)	(126, 0.24522920336493065)	(128, 0.2488068656839521)	(130, 0.2527607716824814)	(132, 0.25682045437382606)	(134, 0.2610006421582516)	(136, 0.2648380599001361)	(138, 0.268880336300258)
SRR36750784_2 - illumina_universal_adapter	(1, 0.0005007656090247068)	(2, 0.0005195108457261663)	(3, 0.0005195108457261663)	(4, 0.0005221887366835177)	(5, 0.0005248666276408691)	(6, 0.0005275445185982205)	(7, 0.0005275445185982205)	(8, 0.0005302224095555719)	(9, 0.0005489676462570314)	(10, 0.0005556623736504098)	(12, 0.0005744076103518695)	(14, 0.000606542301840086)	(16, 0.000631982265934924)	(18, 0.0006627780119444649)	(20, 0.0007136579401341409)	(22, 0.0008247904148642229)	(24, 0.0009560070717744402)	(26, 0.0010711563829405493)	(28, 0.0012478971861257398)	(30, 0.001423299043832255)	(32, 0.0016857323576526893)	(34, 0.0019468267259944482)	(36, 0.0021918537485920986)	(38, 0.002469015462677966)	(40, 0.0027997349959108606)	(42, 0.0031719618389827015)	(44, 0.0035388329001398394)	(46, 0.003931143925391816)	(48, 0.004347555969259955)	(50, 0.00478940797722293)	(52, 0.005229921039707232)	(54, 0.005745415048997371)	(56, 0.006234130148713997)	(58, 0.006752302048961488)	(60, 0.007318675986441302)	(62, 0.007883710978442442)	(64, 0.008487575389325177)	(66, 0.009083406127335858)	(68, 0.009720744175185484)	(70, 0.010421012660532868)	(72, 0.011133331655188334)	(74, 0.011991595707019449)	(76, 0.012847181867893211)	(78, 0.013776410030094138)	(80, 0.01466413088245612)	(82, 0.015901316504752454)	(84, 0.017344699730764843)	(86, 0.018770676665554452)	(88, 0.02030109134768076)	(90, 0.022085905670755447)	(92, 0.024437093931309953)	(94, 0.027319843546898707)	(96, 0.030507872731625515)	(98, 0.03397574152139554)	(100, 0.03787608970077782)	(102, 0.043080570776390215)	(104, 0.049720401405142944)	(106, 0.057451472599016354)	(108, 0.06539945296043523)	(110, 0.07452570534308871)	(112, 0.08599779020438199)	(114, 0.10132202120782521)	(116, 0.11958255964600424)	(118, 0.1386772611173982)	(120, 0.15885383053556212)	(122, 0.1837568774934512)	(124, 0.21515648791387476)	(126, 0.25136291260274396)	(128, 0.28948804616255547)	(130, 0.32879279068908024)	(132, 0.37429283594543744)	(134, 0.43073206576257494)	(136, 0.4973633485633918)	(138, 0.5673312834970685)
SRR36750784_2 - polya	(1, 0.005503065917357072)	(2, 0.0094609887523224)	(3, 0.015705830464865803)	(4, 0.02443843287678863)	(5, 0.0342261243259079)	(6, 0.043309530453243754)	(7, 0.0537265262773406)	(8, 0.0693279189948697)	(9, 0.0869055952389241)	(10, 0.10955787484715937)	(12, 0.1318044539753559)	(14, 0.15793129710075457)	(16, 0.18595140913300068)	(18, 0.20964806621460297)	(20, 0.2334156874065751)	(22, 0.25522978714515937)	(24, 0.2767265568052975)	(26, 0.2985473512712752)	(28, 0.3200387651494986)	(30, 0.33924593804110137)	(32, 0.3584290099140879)	(34, 0.3769934889759263)	(36, 0.39303137791950365)	(38, 0.40872114103862534)	(40, 0.42474162369097995)	(42, 0.43954500490321835)	(44, 0.45528832584148704)	(46, 0.4711334066361351)	(48, 0.4861309349427815)	(50, 0.5006919670233796)	(52, 0.5142220110853974)	(54, 0.5290602048800814)	(56, 0.5418498120923916)	(58, 0.5557119146331209)	(60, 0.5693343459331673)	(62, 0.5835539469167031)	(64, 0.5994981096767732)	(66, 0.6171226490125812)	(68, 0.6352707160305515)	(70, 0.6525364179780745)	(72, 0.6673438160267489)	(74, 0.6796179292297689)	(76, 0.693733092465968)	(78, 0.7066646278990178)	(80, 0.7180684265408986)	(82, 0.7297520647878226)	(84, 0.7447174584029808)	(86, 0.7607901599290038)	(88, 0.7750124388034969)	(90, 0.7919487601632657)	(92, 0.8074162583329272)	(94, 0.8255670032418547)	(96, 0.8406716471867952)	(98, 0.8535911321105369)	(100, 0.8664824991792264)	(102, 0.8794836597771674)	(104, 0.8925276666304258)	(106, 0.9048379313613701)	(108, 0.9203937999326243)	(110, 0.9348852068483313)	(112, 0.9477029319156935)	(114, 0.9597882538062203)	(116, 0.972373002360293)	(118, 0.9860115010060837)	(120, 0.9991626234976362)	(122, 1.0112372338243336)	(124, 1.0248194967600197)	(126, 1.0399522585600125)	(128, 1.053317612328153)	(130, 1.069245707742479)	(132, 1.0879320308428768)	(134, 1.110110323751661)	(136, 1.1312750349330876)	(138, 1.1497323983566319)
SRR36750784_2 - polyg	(1, 0.7105328413869119)	(2, 0.7239035509369672)	(3, 0.7244364512374802)	(4, 0.7251675154688371)	(5, 0.7257057715512647)	(6, 0.7263832779634747)	(7, 0.7271170200857889)	(8, 0.7286514516043513)	(9, 0.7306839708409809)	(10, 0.7336403624578969)	(12, 0.7385275134550631)	(14, 0.7415990543831452)	(16, 0.7429072041158112)	(18, 0.7437882302407799)	(20, 0.7445808859641558)	(22, 0.745488690998698)	(24, 0.7462974140678181)	(26, 0.7471114929188529)	(28, 0.7479978748257363)	(30, 0.7488226652406005)	(32, 0.7498108070038632)	(34, 0.7507226288748412)	(36, 0.7515956213269378)	(38, 0.7524271064691954)	(40, 0.7532826926300692)	(42, 0.7541637187550377)	(44, 0.7550059154611248)	(46, 0.7558615016219985)	(48, 0.7568549991671759)	(50, 0.7578525135487892)	(52, 0.7589906172056636)	(54, 0.7602559206830122)	(56, 0.7616095945619532)	(58, 0.7627972392015386)	(60, 0.7636862989993793)	(62, 0.7646289166163669)	(64, 0.7656210752160656)	(66, 0.7667163326176223)	(68, 0.7677352701268945)	(70, 0.7688291885829726)	(72, 0.769979342749155)	(74, 0.7710960232783706)	(76, 0.7724148845748661)	(78, 0.7737939984179021)	(80, 0.7755279328127871)	(82, 0.7774158459377197)	(84, 0.7797603394708809)	(86, 0.78250116086573)	(88, 0.785126832949413)	(90, 0.7878957721993143)	(92, 0.790560273701879)	(94, 0.7933733981525766)	(96, 0.7962882824596536)	(98, 0.7988737861789763)	(100, 0.801451256225427)	(102, 0.8038493075777351)	(104, 0.806401337660091)	(106, 0.8088636583953757)	(108, 0.8116446481545849)	(110, 0.8142716591837467)	(112, 0.8169000091583871)	(114, 0.8198282829202508)	(116, 0.8227659293004652)	(118, 0.825884333320301)	(120, 0.829158055015663)	(122, 0.8325790607136794)	(124, 0.8359973885207383)	(126, 0.8394947141110393)	(128, 0.8431339679220797)	(130, 0.8470932297025238)	(132, 0.8512426217409398)	(134, 0.8556397186929108)	(136, 0.8605375812539063)	(138, 0.865679131892021)
